Command line invocation:
    /Applications/Xcode.app/Contents/Developer/usr/bin/xcodebuild -project "Schrankenradar OSH.xcodeproj" -scheme "Schrankenradar OSH" -sdk iphonesimulator -destination "generic/platform=iOS Simulator" build

Build settings from command line:
    SDKROOT = iphonesimulator26.5

Resolve Package Graph


Resolved source packages:
  onnxruntime: https://github.com/microsoft/onnxruntime-swift-package-manager @ 1.19.2

ComputePackagePrebuildTargetDependencyGraph

Prepare packages

CreateBuildRequest

SendProjectDescription

CreateBuildOperation

ComputeTargetDependencyGraph
note: Building targets in dependency order
note: Target dependency graph (4 targets)
    Target 'Schrankenradar OSH' in project 'Schrankenradar OSH'
        ➜ Explicit dependency on target 'SchrankenradarWidgetExtension' in project 'Schrankenradar OSH'
        ➜ Explicit dependency on target 'onnxruntime' in project 'onnxruntime'
    Target 'onnxruntime' in project 'onnxruntime'
        ➜ Explicit dependency on target 'OnnxRuntimeBindings' in project 'onnxruntime'
    Target 'OnnxRuntimeBindings' in project 'onnxruntime' (no dependencies)
    Target 'SchrankenradarWidgetExtension' in project 'Schrankenradar OSH' (no dependencies)

GatherProvisioningInputs

CreateBuildDescription

ExecuteExternalTool /Applications/Xcode.app/Contents/Developer/Toolchains/XcodeDefault.xctoolchain/usr/bin/clang -v -E -dM -arch arm64 -isysroot /Applications/Xcode.app/Contents/Developer/Platforms/iPhoneSimulator.platform/Developer/SDKs/iPhoneSimulator26.5.sdk -x objective-c++ -c /dev/null

ExecuteExternalTool /Applications/Xcode.app/Contents/Developer/usr/bin/actool --version --output-format xml1

ExecuteExternalTool /Applications/Xcode.app/Contents/Developer/Toolchains/XcodeDefault.xctoolchain/usr/bin/clang -v -E -dM -isysroot /Applications/Xcode.app/Contents/Developer/Platforms/iPhoneSimulator.platform/Developer/SDKs/iPhoneSimulator26.5.sdk -x c -c /dev/null

ExecuteExternalTool /Applications/Xcode.app/Contents/Developer/usr/bin/actool --print-asset-tag-combinations --output-format xml1 /Users/jonasfeischl/Library/Mobile Documents/com~apple~CloudDocs/XCode/Schrankenradar OSH/Schrankenradar OSH/Assets.xcassets

ExecuteExternalTool /Applications/Xcode.app/Contents/Developer/Toolchains/XcodeDefault.xctoolchain/usr/bin/swiftc --version

ExecuteExternalTool /Applications/Xcode.app/Contents/Developer/Toolchains/XcodeDefault.xctoolchain/usr/bin/ld -version_details

ExecuteExternalTool /Applications/Xcode.app/Contents/Developer/Toolchains/XcodeDefault.xctoolchain/usr/bin/clang -v -E -dM -arch arm64 -isysroot /Applications/Xcode.app/Contents/Developer/Platforms/iPhoneSimulator.platform/Developer/SDKs/iPhoneSimulator26.5.sdk -x c -c /dev/null

ExecuteExternalTool /Applications/Xcode.app/Contents/Developer/Toolchains/XcodeDefault.xctoolchain/usr/bin/clang -v -E -dM -arch x86_64 -isysroot /Applications/Xcode.app/Contents/Developer/Platforms/iPhoneSimulator.platform/Developer/SDKs/iPhoneSimulator26.5.sdk -x objective-c++ -c /dev/null

ExecuteExternalTool /Applications/Xcode.app/Contents/Developer/Toolchains/XcodeDefault.xctoolchain/usr/bin/clang -v -E -dM -arch x86_64 -isysroot /Applications/Xcode.app/Contents/Developer/Platforms/iPhoneSimulator.platform/Developer/SDKs/iPhoneSimulator26.5.sdk -x c -c /dev/null

Build description signature: a5f6ebd280bbe6c39b8aba8c272a5fd2
Build description path: /Users/jonasfeischl/Library/Developer/Xcode/DerivedData/Build/Intermediates.noindex/XCBuildData/a5f6ebd280bbe6c39b8aba8c272a5fd2.xcbuilddata
ClangStatCache /Applications/Xcode.app/Contents/Developer/Toolchains/XcodeDefault.xctoolchain/usr/bin/clang-stat-cache /Applications/Xcode.app/Contents/Developer/Platforms/iPhoneSimulator.platform/Developer/SDKs/iPhoneSimulator26.5.sdk /Users/jonasfeischl/Library/Developer/Xcode/DerivedData/SDKStatCaches.noindex/iphonesimulator26.5-23F81a-6cfe768891a92b912361537c460fe42b.sdkstatcache
    cd /Users/jonasfeischl/Library/Mobile\ Documents/com\~apple\~CloudDocs/XCode/Schrankenradar\ OSH/Schrankenradar\ OSH.xcodeproj
    /Applications/Xcode.app/Contents/Developer/Toolchains/XcodeDefault.xctoolchain/usr/bin/clang-stat-cache /Applications/Xcode.app/Contents/Developer/Platforms/iPhoneSimulator.platform/Developer/SDKs/iPhoneSimulator26.5.sdk -o /Users/jonasfeischl/Library/Developer/Xcode/DerivedData/SDKStatCaches.noindex/iphonesimulator26.5-23F81a-6cfe768891a92b912361537c460fe42b.sdkstatcache

WriteAuxiliaryFile /Users/jonasfeischl/Library/Developer/Xcode/DerivedData/Build/Intermediates.noindex/Schrankenradar\ OSH.build/Debug-iphonesimulator/Schrankenradar\ OSH.build/Objects-normal/x86_64/Schrankenradar\ OSH.SwiftFileList (in target 'Schrankenradar OSH' from project 'Schrankenradar OSH')
    cd /Users/jonasfeischl/Library/Mobile\ Documents/com\~apple\~CloudDocs/XCode/Schrankenradar\ OSH
    write-file /Users/jonasfeischl/Library/Developer/Xcode/DerivedData/Build/Intermediates.noindex/Schrankenradar\ OSH.build/Debug-iphonesimulator/Schrankenradar\ OSH.build/Objects-normal/x86_64/Schrankenradar\ OSH.SwiftFileList

WriteAuxiliaryFile /Users/jonasfeischl/Library/Developer/Xcode/DerivedData/Build/Intermediates.noindex/Schrankenradar\ OSH.build/Debug-iphonesimulator/Schrankenradar\ OSH.build/Objects-normal/x86_64/Schrankenradar\ OSH.LinkFileList (in target 'Schrankenradar OSH' from project 'Schrankenradar OSH')
    cd /Users/jonasfeischl/Library/Mobile\ Documents/com\~apple\~CloudDocs/XCode/Schrankenradar\ OSH
    write-file /Users/jonasfeischl/Library/Developer/Xcode/DerivedData/Build/Intermediates.noindex/Schrankenradar\ OSH.build/Debug-iphonesimulator/Schrankenradar\ OSH.build/Objects-normal/x86_64/Schrankenradar\ OSH.LinkFileList

WriteAuxiliaryFile /Users/jonasfeischl/Library/Developer/Xcode/DerivedData/Build/Intermediates.noindex/Schrankenradar\ OSH.build/Debug-iphonesimulator/Schrankenradar\ OSH.build/Objects-normal/x86_64/Schrankenradar\ OSH-OutputFileMap.json (in target 'Schrankenradar OSH' from project 'Schrankenradar OSH')
    cd /Users/jonasfeischl/Library/Mobile\ Documents/com\~apple\~CloudDocs/XCode/Schrankenradar\ OSH
    write-file /Users/jonasfeischl/Library/Developer/Xcode/DerivedData/Build/Intermediates.noindex/Schrankenradar\ OSH.build/Debug-iphonesimulator/Schrankenradar\ OSH.build/Objects-normal/x86_64/Schrankenradar\ OSH-OutputFileMap.json

WriteAuxiliaryFile /Users/jonasfeischl/Library/Developer/Xcode/DerivedData/Build/Intermediates.noindex/Schrankenradar\ OSH.build/Debug-iphonesimulator/Schrankenradar\ OSH.build/Objects-normal/x86_64/Schrankenradar\ OSH.SwiftConstValuesFileList (in target 'Schrankenradar OSH' from project 'Schrankenradar OSH')
    cd /Users/jonasfeischl/Library/Mobile\ Documents/com\~apple\~CloudDocs/XCode/Schrankenradar\ OSH
    write-file /Users/jonasfeischl/Library/Developer/Xcode/DerivedData/Build/Intermediates.noindex/Schrankenradar\ OSH.build/Debug-iphonesimulator/Schrankenradar\ OSH.build/Objects-normal/x86_64/Schrankenradar\ OSH.SwiftConstValuesFileList

WriteAuxiliaryFile /Users/jonasfeischl/Library/Developer/Xcode/DerivedData/Build/Intermediates.noindex/Schrankenradar\ OSH.build/Debug-iphonesimulator/Schrankenradar\ OSH.build/Objects-normal/arm64/Schrankenradar\ OSH.SwiftFileList (in target 'Schrankenradar OSH' from project 'Schrankenradar OSH')
    cd /Users/jonasfeischl/Library/Mobile\ Documents/com\~apple\~CloudDocs/XCode/Schrankenradar\ OSH
    write-file /Users/jonasfeischl/Library/Developer/Xcode/DerivedData/Build/Intermediates.noindex/Schrankenradar\ OSH.build/Debug-iphonesimulator/Schrankenradar\ OSH.build/Objects-normal/arm64/Schrankenradar\ OSH.SwiftFileList

WriteAuxiliaryFile /Users/jonasfeischl/Library/Developer/Xcode/DerivedData/Build/Intermediates.noindex/Schrankenradar\ OSH.build/Debug-iphonesimulator/Schrankenradar\ OSH.build/Objects-normal/arm64/Schrankenradar\ OSH.LinkFileList (in target 'Schrankenradar OSH' from project 'Schrankenradar OSH')
    cd /Users/jonasfeischl/Library/Mobile\ Documents/com\~apple\~CloudDocs/XCode/Schrankenradar\ OSH
    write-file /Users/jonasfeischl/Library/Developer/Xcode/DerivedData/Build/Intermediates.noindex/Schrankenradar\ OSH.build/Debug-iphonesimulator/Schrankenradar\ OSH.build/Objects-normal/arm64/Schrankenradar\ OSH.LinkFileList

WriteAuxiliaryFile /Users/jonasfeischl/Library/Developer/Xcode/DerivedData/Build/Intermediates.noindex/Schrankenradar\ OSH.build/Debug-iphonesimulator/Schrankenradar\ OSH.build/Objects-normal/arm64/Schrankenradar\ OSH-OutputFileMap.json (in target 'Schrankenradar OSH' from project 'Schrankenradar OSH')
    cd /Users/jonasfeischl/Library/Mobile\ Documents/com\~apple\~CloudDocs/XCode/Schrankenradar\ OSH
    write-file /Users/jonasfeischl/Library/Developer/Xcode/DerivedData/Build/Intermediates.noindex/Schrankenradar\ OSH.build/Debug-iphonesimulator/Schrankenradar\ OSH.build/Objects-normal/arm64/Schrankenradar\ OSH-OutputFileMap.json

WriteAuxiliaryFile /Users/jonasfeischl/Library/Developer/Xcode/DerivedData/Build/Intermediates.noindex/Schrankenradar\ OSH.build/Debug-iphonesimulator/Schrankenradar\ OSH.build/Objects-normal/arm64/Schrankenradar\ OSH.SwiftConstValuesFileList (in target 'Schrankenradar OSH' from project 'Schrankenradar OSH')
    cd /Users/jonasfeischl/Library/Mobile\ Documents/com\~apple\~CloudDocs/XCode/Schrankenradar\ OSH
    write-file /Users/jonasfeischl/Library/Developer/Xcode/DerivedData/Build/Intermediates.noindex/Schrankenradar\ OSH.build/Debug-iphonesimulator/Schrankenradar\ OSH.build/Objects-normal/arm64/Schrankenradar\ OSH.SwiftConstValuesFileList

SwiftDriver Schrankenradar\ OSH normal x86_64 com.apple.xcode.tools.swift.compiler (in target 'Schrankenradar OSH' from project 'Schrankenradar OSH')
    cd /Users/jonasfeischl/Library/Mobile\ Documents/com\~apple\~CloudDocs/XCode/Schrankenradar\ OSH
    builtin-SwiftDriver -- /Applications/Xcode.app/Contents/Developer/Toolchains/XcodeDefault.xctoolchain/usr/bin/swiftc -module-name Schrankenradar_OSH -Onone @/Users/jonasfeischl/Library/Developer/Xcode/DerivedData/Build/Intermediates.noindex/Schrankenradar\ OSH.build/Debug-iphonesimulator/Schrankenradar\ OSH.build/Objects-normal/x86_64/Schrankenradar\ OSH.SwiftFileList -DDEBUG -Xcc -fmodule-map-file\=/Users/jonasfeischl/Library/Developer/Xcode/DerivedData/Build/Intermediates.noindex/GeneratedModuleMaps-iphonesimulator/OnnxRuntimeBindings.modulemap -default-isolation\=MainActor -enable-bare-slash-regex -enable-upcoming-feature DisableOutwardActorInference -enable-upcoming-feature InferSendableFromCaptures -enable-upcoming-feature GlobalActorIsolatedTypesUsability -enable-upcoming-feature MemberImportVisibility -enable-upcoming-feature InferIsolatedConformances -enable-upcoming-feature NonisolatedNonsendingByDefault -enable-experimental-feature DebugDescriptionMacro -sdk /Applications/Xcode.app/Contents/Developer/Platforms/iPhoneSimulator.platform/Developer/SDKs/iPhoneSimulator26.5.sdk -target x86_64-apple-ios26.5-simulator -g -module-cache-path /Users/jonasfeischl/Library/Developer/Xcode/DerivedData/ModuleCache.noindex -Xfrontend -serialize-debugging-options -enable-testing -index-store-path /Users/jonasfeischl/Library/Developer/Xcode/DerivedData/Schrankenradar_OSH-ebqzdoyknyoypddbebsxymqcuicf/Index.noindex/DataStore -Xcc -D_LIBCPP_HARDENING_MODE\=_LIBCPP_HARDENING_MODE_DEBUG -swift-version 5 -I /Users/jonasfeischl/Library/Developer/Xcode/DerivedData/Build/Products/Debug-iphonesimulator -F /Users/jonasfeischl/Library/Developer/Xcode/DerivedData/Build/Products/Debug-iphonesimulator/PackageFrameworks -F /Users/jonasfeischl/Library/Developer/Xcode/DerivedData/Build/Products/Debug-iphonesimulator -emit-localized-strings -emit-localized-strings-path /Users/jonasfeischl/Library/Developer/Xcode/DerivedData/Build/Intermediates.noindex/Schrankenradar\ OSH.build/Debug-iphonesimulator/Schrankenradar\ OSH.build/Objects-normal/x86_64 -c -j10 -enable-batch-mode -incremental -Xcc -ivfsstatcache -Xcc /Users/jonasfeischl/Library/Developer/Xcode/DerivedData/SDKStatCaches.noindex/iphonesimulator26.5-23F81a-6cfe768891a92b912361537c460fe42b.sdkstatcache -output-file-map /Users/jonasfeischl/Library/Developer/Xcode/DerivedData/Build/Intermediates.noindex/Schrankenradar\ OSH.build/Debug-iphonesimulator/Schrankenradar\ OSH.build/Objects-normal/x86_64/Schrankenradar\ OSH-OutputFileMap.json -use-frontend-parseable-output -save-temps -no-color-diagnostics -explicit-module-build -module-cache-path /Users/jonasfeischl/Library/Developer/Xcode/DerivedData/Build/Intermediates.noindex/SwiftExplicitPrecompiledModules -clang-scanner-module-cache-path /Users/jonasfeischl/Library/Developer/Xcode/DerivedData/ModuleCache.noindex -sdk-module-cache-path /Users/jonasfeischl/Library/Developer/Xcode/DerivedData/ModuleCache.noindex -serialize-diagnostics -emit-dependencies -emit-module -emit-module-path /Users/jonasfeischl/Library/Developer/Xcode/DerivedData/Build/Intermediates.noindex/Schrankenradar\ OSH.build/Debug-iphonesimulator/Schrankenradar\ OSH.build/Objects-normal/x86_64/Schrankenradar_OSH.swiftmodule -validate-clang-modules-once -clang-build-session-file /Users/jonasfeischl/Library/Developer/Xcode/DerivedData/ModuleCache.noindex/Session.modulevalidation -Xcc -I/Users/jonasfeischl/Library/Developer/Xcode/DerivedData/Build/Intermediates.noindex/Schrankenradar\ OSH.build/Debug-iphonesimulator/Schrankenradar\ OSH.build/swift-overrides.hmap -emit-const-values -Xfrontend -const-gather-protocols-file -Xfrontend /Users/jonasfeischl/Library/Developer/Xcode/DerivedData/Build/Intermediates.noindex/Schrankenradar\ OSH.build/Debug-iphonesimulator/Schrankenradar\ OSH.build/Objects-normal/x86_64/Schrankenradar\ OSH_const_extract_protocols.json -Xcc -iquote -Xcc /Users/jonasfeischl/Library/Developer/Xcode/DerivedData/Build/Intermediates.noindex/Schrankenradar\ OSH.build/Debug-iphonesimulator/Schrankenradar\ OSH.build/Schrankenradar\ OSH-generated-files.hmap -Xcc -I/Users/jonasfeischl/Library/Developer/Xcode/DerivedData/Build/Intermediates.noindex/Schrankenradar\ OSH.build/Debug-iphonesimulator/Schrankenradar\ OSH.build/Schrankenradar\ OSH-own-target-headers.hmap -Xcc -I/Users/jonasfeischl/Library/Developer/Xcode/DerivedData/Build/Intermediates.noindex/Schrankenradar\ OSH.build/Debug-iphonesimulator/Schrankenradar\ OSH.build/Schrankenradar\ OSH-all-non-framework-target-headers.hmap -Xcc -ivfsoverlay -Xcc /Users/jonasfeischl/Library/Developer/Xcode/DerivedData/Build/Intermediates.noindex/Schrankenradar\ OSH.build/Debug-iphonesimulator/Schrankenradar\ OSH-2545c2b47f28d8a0bb173c7876f42a30-VFS-iphonesimulator/all-product-headers.yaml -Xcc -iquote -Xcc /Users/jonasfeischl/Library/Developer/Xcode/DerivedData/Build/Intermediates.noindex/Schrankenradar\ OSH.build/Debug-iphonesimulator/Schrankenradar\ OSH.build/Schrankenradar\ OSH-project-headers.hmap -Xcc -I/Users/jonasfeischl/Library/Developer/Xcode/DerivedData/Schrankenradar_OSH-ebqzdoyknyoypddbebsxymqcuicf/SourcePackages/checkouts/onnxruntime-swift-package-manager/objectivec/include -Xcc -I/Users/jonasfeischl/Library/Developer/Xcode/DerivedData/Build/Products/Debug-iphonesimulator/include -Xcc -I/Users/jonasfeischl/Library/Developer/Xcode/DerivedData/Build/Intermediates.noindex/Schrankenradar\ OSH.build/Debug-iphonesimulator/Schrankenradar\ OSH.build/DerivedSources-normal/x86_64 -Xcc -I/Users/jonasfeischl/Library/Developer/Xcode/DerivedData/Build/Intermediates.noindex/Schrankenradar\ OSH.build/Debug-iphonesimulator/Schrankenradar\ OSH.build/DerivedSources/x86_64 -Xcc -I/Users/jonasfeischl/Library/Developer/Xcode/DerivedData/Build/Intermediates.noindex/Schrankenradar\ OSH.build/Debug-iphonesimulator/Schrankenradar\ OSH.build/DerivedSources -Xcc -DDEBUG\=1 -emit-objc-header -emit-objc-header-path /Users/jonasfeischl/Library/Developer/Xcode/DerivedData/Build/Intermediates.noindex/Schrankenradar\ OSH.build/Debug-iphonesimulator/Schrankenradar\ OSH.build/Objects-normal/x86_64/Schrankenradar_OSH-Swift.h -working-directory /Users/jonasfeischl/Library/Mobile\ Documents/com\~apple\~CloudDocs/XCode/Schrankenradar\ OSH -experimental-emit-module-separately -disable-cmo

SwiftDriver Schrankenradar\ OSH normal arm64 com.apple.xcode.tools.swift.compiler (in target 'Schrankenradar OSH' from project 'Schrankenradar OSH')
    cd /Users/jonasfeischl/Library/Mobile\ Documents/com\~apple\~CloudDocs/XCode/Schrankenradar\ OSH
    builtin-SwiftDriver -- /Applications/Xcode.app/Contents/Developer/Toolchains/XcodeDefault.xctoolchain/usr/bin/swiftc -module-name Schrankenradar_OSH -Onone @/Users/jonasfeischl/Library/Developer/Xcode/DerivedData/Build/Intermediates.noindex/Schrankenradar\ OSH.build/Debug-iphonesimulator/Schrankenradar\ OSH.build/Objects-normal/arm64/Schrankenradar\ OSH.SwiftFileList -DDEBUG -Xcc -fmodule-map-file\=/Users/jonasfeischl/Library/Developer/Xcode/DerivedData/Build/Intermediates.noindex/GeneratedModuleMaps-iphonesimulator/OnnxRuntimeBindings.modulemap -default-isolation\=MainActor -enable-bare-slash-regex -enable-upcoming-feature DisableOutwardActorInference -enable-upcoming-feature InferSendableFromCaptures -enable-upcoming-feature GlobalActorIsolatedTypesUsability -enable-upcoming-feature MemberImportVisibility -enable-upcoming-feature InferIsolatedConformances -enable-upcoming-feature NonisolatedNonsendingByDefault -enable-experimental-feature DebugDescriptionMacro -sdk /Applications/Xcode.app/Contents/Developer/Platforms/iPhoneSimulator.platform/Developer/SDKs/iPhoneSimulator26.5.sdk -target arm64-apple-ios26.5-simulator -g -module-cache-path /Users/jonasfeischl/Library/Developer/Xcode/DerivedData/ModuleCache.noindex -Xfrontend -serialize-debugging-options -enable-testing -index-store-path /Users/jonasfeischl/Library/Developer/Xcode/DerivedData/Schrankenradar_OSH-ebqzdoyknyoypddbebsxymqcuicf/Index.noindex/DataStore -Xcc -D_LIBCPP_HARDENING_MODE\=_LIBCPP_HARDENING_MODE_DEBUG -swift-version 5 -I /Users/jonasfeischl/Library/Developer/Xcode/DerivedData/Build/Products/Debug-iphonesimulator -F /Users/jonasfeischl/Library/Developer/Xcode/DerivedData/Build/Products/Debug-iphonesimulator/PackageFrameworks -F /Users/jonasfeischl/Library/Developer/Xcode/DerivedData/Build/Products/Debug-iphonesimulator -emit-localized-strings -emit-localized-strings-path /Users/jonasfeischl/Library/Developer/Xcode/DerivedData/Build/Intermediates.noindex/Schrankenradar\ OSH.build/Debug-iphonesimulator/Schrankenradar\ OSH.build/Objects-normal/arm64 -c -j10 -enable-batch-mode -incremental -Xcc -ivfsstatcache -Xcc /Users/jonasfeischl/Library/Developer/Xcode/DerivedData/SDKStatCaches.noindex/iphonesimulator26.5-23F81a-6cfe768891a92b912361537c460fe42b.sdkstatcache -output-file-map /Users/jonasfeischl/Library/Developer/Xcode/DerivedData/Build/Intermediates.noindex/Schrankenradar\ OSH.build/Debug-iphonesimulator/Schrankenradar\ OSH.build/Objects-normal/arm64/Schrankenradar\ OSH-OutputFileMap.json -use-frontend-parseable-output -save-temps -no-color-diagnostics -explicit-module-build -module-cache-path /Users/jonasfeischl/Library/Developer/Xcode/DerivedData/Build/Intermediates.noindex/SwiftExplicitPrecompiledModules -clang-scanner-module-cache-path /Users/jonasfeischl/Library/Developer/Xcode/DerivedData/ModuleCache.noindex -sdk-module-cache-path /Users/jonasfeischl/Library/Developer/Xcode/DerivedData/ModuleCache.noindex -serialize-diagnostics -emit-dependencies -emit-module -emit-module-path /Users/jonasfeischl/Library/Developer/Xcode/DerivedData/Build/Intermediates.noindex/Schrankenradar\ OSH.build/Debug-iphonesimulator/Schrankenradar\ OSH.build/Objects-normal/arm64/Schrankenradar_OSH.swiftmodule -validate-clang-modules-once -clang-build-session-file /Users/jonasfeischl/Library/Developer/Xcode/DerivedData/ModuleCache.noindex/Session.modulevalidation -Xcc -I/Users/jonasfeischl/Library/Developer/Xcode/DerivedData/Build/Intermediates.noindex/Schrankenradar\ OSH.build/Debug-iphonesimulator/Schrankenradar\ OSH.build/swift-overrides.hmap -emit-const-values -Xfrontend -const-gather-protocols-file -Xfrontend /Users/jonasfeischl/Library/Developer/Xcode/DerivedData/Build/Intermediates.noindex/Schrankenradar\ OSH.build/Debug-iphonesimulator/Schrankenradar\ OSH.build/Objects-normal/arm64/Schrankenradar\ OSH_const_extract_protocols.json -Xcc -iquote -Xcc /Users/jonasfeischl/Library/Developer/Xcode/DerivedData/Build/Intermediates.noindex/Schrankenradar\ OSH.build/Debug-iphonesimulator/Schrankenradar\ OSH.build/Schrankenradar\ OSH-generated-files.hmap -Xcc -I/Users/jonasfeischl/Library/Developer/Xcode/DerivedData/Build/Intermediates.noindex/Schrankenradar\ OSH.build/Debug-iphonesimulator/Schrankenradar\ OSH.build/Schrankenradar\ OSH-own-target-headers.hmap -Xcc -I/Users/jonasfeischl/Library/Developer/Xcode/DerivedData/Build/Intermediates.noindex/Schrankenradar\ OSH.build/Debug-iphonesimulator/Schrankenradar\ OSH.build/Schrankenradar\ OSH-all-non-framework-target-headers.hmap -Xcc -ivfsoverlay -Xcc /Users/jonasfeischl/Library/Developer/Xcode/DerivedData/Build/Intermediates.noindex/Schrankenradar\ OSH.build/Debug-iphonesimulator/Schrankenradar\ OSH-2545c2b47f28d8a0bb173c7876f42a30-VFS-iphonesimulator/all-product-headers.yaml -Xcc -iquote -Xcc /Users/jonasfeischl/Library/Developer/Xcode/DerivedData/Build/Intermediates.noindex/Schrankenradar\ OSH.build/Debug-iphonesimulator/Schrankenradar\ OSH.build/Schrankenradar\ OSH-project-headers.hmap -Xcc -I/Users/jonasfeischl/Library/Developer/Xcode/DerivedData/Schrankenradar_OSH-ebqzdoyknyoypddbebsxymqcuicf/SourcePackages/checkouts/onnxruntime-swift-package-manager/objectivec/include -Xcc -I/Users/jonasfeischl/Library/Developer/Xcode/DerivedData/Build/Products/Debug-iphonesimulator/include -Xcc -I/Users/jonasfeischl/Library/Developer/Xcode/DerivedData/Build/Intermediates.noindex/Schrankenradar\ OSH.build/Debug-iphonesimulator/Schrankenradar\ OSH.build/DerivedSources-normal/arm64 -Xcc -I/Users/jonasfeischl/Library/Developer/Xcode/DerivedData/Build/Intermediates.noindex/Schrankenradar\ OSH.build/Debug-iphonesimulator/Schrankenradar\ OSH.build/DerivedSources/arm64 -Xcc -I/Users/jonasfeischl/Library/Developer/Xcode/DerivedData/Build/Intermediates.noindex/Schrankenradar\ OSH.build/Debug-iphonesimulator/Schrankenradar\ OSH.build/DerivedSources -Xcc -DDEBUG\=1 -emit-objc-header -emit-objc-header-path /Users/jonasfeischl/Library/Developer/Xcode/DerivedData/Build/Intermediates.noindex/Schrankenradar\ OSH.build/Debug-iphonesimulator/Schrankenradar\ OSH.build/Objects-normal/arm64/Schrankenradar_OSH-Swift.h -working-directory /Users/jonasfeischl/Library/Mobile\ Documents/com\~apple\~CloudDocs/XCode/Schrankenradar\ OSH -experimental-emit-module-separately -disable-cmo

ProcessInfoPlistFile /Users/jonasfeischl/Library/Developer/Xcode/DerivedData/Build/Products/Debug-iphonesimulator/SchrankenradarWidgetExtension.appex/Info.plist /Users/jonasfeischl/Library/Mobile\ Documents/com~apple~CloudDocs/XCode/Schrankenradar\ OSH/SchrankenradarWidget/Info.plist (in target 'SchrankenradarWidgetExtension' from project 'Schrankenradar OSH')
    cd /Users/jonasfeischl/Library/Mobile\ Documents/com\~apple\~CloudDocs/XCode/Schrankenradar\ OSH
    builtin-infoPlistUtility /Users/jonasfeischl/Library/Mobile\ Documents/com\~apple\~CloudDocs/XCode/Schrankenradar\ OSH/SchrankenradarWidget/Info.plist -producttype com.apple.product-type.app-extension -expandbuildsettings -format binary -platform iphonesimulator -additionalcontentfile /Users/jonasfeischl/Library/Developer/Xcode/DerivedData/Build/Intermediates.noindex/Schrankenradar\ OSH.build/Debug-iphonesimulator/SchrankenradarWidgetExtension.build/assetcatalog_generated_info.plist -o /Users/jonasfeischl/Library/Developer/Xcode/DerivedData/Build/Products/Debug-iphonesimulator/SchrankenradarWidgetExtension.appex/Info.plist

SwiftCompile normal x86_64 Compiling\ RankBadgeCardView.swift /Users/jonasfeischl/Library/Mobile\ Documents/com~apple~CloudDocs/XCode/Schrankenradar\ OSH/Schrankenradar\ OSH/RankBadgeCardView.swift (in target 'Schrankenradar OSH' from project 'Schrankenradar OSH')

SwiftCompile normal x86_64 /Users/jonasfeischl/Library/Mobile\ Documents/com~apple~CloudDocs/XCode/Schrankenradar\ OSH/Schrankenradar\ OSH/RankBadgeCardView.swift (in target 'Schrankenradar OSH' from project 'Schrankenradar OSH')
    cd /Users/jonasfeischl/Library/Mobile\ Documents/com\~apple\~CloudDocs/XCode/Schrankenradar\ OSH
    

SwiftCompile normal x86_64 Compiling\ RankGalleryView.swift /Users/jonasfeischl/Library/Mobile\ Documents/com~apple~CloudDocs/XCode/Schrankenradar\ OSH/Schrankenradar\ OSH/RankGalleryView.swift (in target 'Schrankenradar OSH' from project 'Schrankenradar OSH')
SwiftCompile normal x86_64 /Users/jonasfeischl/Library/Mobile\ Documents/com~apple~CloudDocs/XCode/Schrankenradar\ OSH/Schrankenradar\ OSH/RankGalleryView.swift (in target 'Schrankenradar OSH' from project 'Schrankenradar OSH')
    cd /Users/jonasfeischl/Library/Mobile\ Documents/com\~apple\~CloudDocs/XCode/Schrankenradar\ OSH
    
/Users/jonasfeischl/Library/Mobile Documents/com~apple~CloudDocs/XCode/Schrankenradar OSH/Schrankenradar OSH/RankGalleryView.swift:67:35: warning: 'main' was deprecated in iOS 26.0: Use a UIScreen instance found through context instead (i.e, view.window.windowScene.screen), or for properties like UIScreen.scale with trait equivalents, use a traitCollection found through context.
        renderer.scale = UIScreen.main.scale
                                  ^

SwiftCompile normal x86_64 Compiling\ FeedbackLearner.swift /Users/jonasfeischl/Library/Mobile\ Documents/com~apple~CloudDocs/XCode/Schrankenradar\ OSH/Schrankenradar\ OSH/FeedbackLearner.swift (in target 'Schrankenradar OSH' from project 'Schrankenradar OSH')

SwiftCompile normal x86_64 /Users/jonasfeischl/Library/Mobile\ Documents/com~apple~CloudDocs/XCode/Schrankenradar\ OSH/Schrankenradar\ OSH/FeedbackLearner.swift (in target 'Schrankenradar OSH' from project 'Schrankenradar OSH')
    cd /Users/jonasfeischl/Library/Mobile\ Documents/com\~apple\~CloudDocs/XCode/Schrankenradar\ OSH
    

SwiftCompile normal x86_64 Compiling\ Rank.swift /Users/jonasfeischl/Library/Mobile\ Documents/com~apple~CloudDocs/XCode/Schrankenradar\ OSH/Schrankenradar\ OSH/Rank.swift (in target 'Schrankenradar OSH' from project 'Schrankenradar OSH')

SwiftCompile normal x86_64 /Users/jonasfeischl/Library/Mobile\ Documents/com~apple~CloudDocs/XCode/Schrankenradar\ OSH/Schrankenradar\ OSH/Rank.swift (in target 'Schrankenradar OSH' from project 'Schrankenradar OSH')
    cd /Users/jonasfeischl/Library/Mobile\ Documents/com\~apple\~CloudDocs/XCode/Schrankenradar\ OSH
    

SwiftCompile normal x86_64 Compiling\ RankTracker.swift /Users/jonasfeischl/Library/Mobile\ Documents/com~apple~CloudDocs/XCode/Schrankenradar\ OSH/Schrankenradar\ OSH/RankTracker.swift (in target 'Schrankenradar OSH' from project 'Schrankenradar OSH')

SwiftCompile normal x86_64 /Users/jonasfeischl/Library/Mobile\ Documents/com~apple~CloudDocs/XCode/Schrankenradar\ OSH/Schrankenradar\ OSH/RankTracker.swift (in target 'Schrankenradar OSH' from project 'Schrankenradar OSH')
    cd /Users/jonasfeischl/Library/Mobile\ Documents/com\~apple\~CloudDocs/XCode/Schrankenradar\ OSH
    

SwiftEmitModule normal arm64 Emitting\ module\ for\ Schrankenradar_OSH (in target 'Schrankenradar OSH' from project 'Schrankenradar OSH')
EmitSwiftModule normal arm64 (in target 'Schrankenradar OSH' from project 'Schrankenradar OSH')
    cd /Users/jonasfeischl/Library/Mobile\ Documents/com\~apple\~CloudDocs/XCode/Schrankenradar\ OSH
    

SwiftEmitModule normal x86_64 Emitting\ module\ for\ Schrankenradar_OSH (in target 'Schrankenradar OSH' from project 'Schrankenradar OSH')

EmitSwiftModule normal x86_64 (in target 'Schrankenradar OSH' from project 'Schrankenradar OSH')
    cd /Users/jonasfeischl/Library/Mobile\ Documents/com\~apple\~CloudDocs/XCode/Schrankenradar\ OSH
    

SwiftCompile normal arm64 Compiling\ RankGalleryView.swift /Users/jonasfeischl/Library/Mobile\ Documents/com~apple~CloudDocs/XCode/Schrankenradar\ OSH/Schrankenradar\ OSH/RankGalleryView.swift (in target 'Schrankenradar OSH' from project 'Schrankenradar OSH')

SwiftCompile normal arm64 /Users/jonasfeischl/Library/Mobile\ Documents/com~apple~CloudDocs/XCode/Schrankenradar\ OSH/Schrankenradar\ OSH/RankGalleryView.swift (in target 'Schrankenradar OSH' from project 'Schrankenradar OSH')
    cd /Users/jonasfeischl/Library/Mobile\ Documents/com\~apple\~CloudDocs/XCode/Schrankenradar\ OSH
    
/Users/jonasfeischl/Library/Mobile Documents/com~apple~CloudDocs/XCode/Schrankenradar OSH/Schrankenradar OSH/RankGalleryView.swift:67:35: warning: 'main' was deprecated in iOS 26.0: Use a UIScreen instance found through context instead (i.e, view.window.windowScene.screen), or for properties like UIScreen.scale with trait equivalents, use a traitCollection found through context.
        renderer.scale = UIScreen.main.scale
                                  ^

SwiftCompile normal arm64 Compiling\ Schrankenradar_OSHApp.swift /Users/jonasfeischl/Library/Mobile\ Documents/com~apple~CloudDocs/XCode/Schrankenradar\ OSH/Schrankenradar\ OSH/Schrankenradar_OSHApp.swift (in target 'Schrankenradar OSH' from project 'Schrankenradar OSH')

SwiftCompile normal arm64 /Users/jonasfeischl/Library/Mobile\ Documents/com~apple~CloudDocs/XCode/Schrankenradar\ OSH/Schrankenradar\ OSH/Schrankenradar_OSHApp.swift (in target 'Schrankenradar OSH' from project 'Schrankenradar OSH')
    cd /Users/jonasfeischl/Library/Mobile\ Documents/com\~apple\~CloudDocs/XCode/Schrankenradar\ OSH
    

SwiftCompile normal arm64 Compiling\ SchrankenModeView.swift /Users/jonasfeischl/Library/Mobile\ Documents/com~apple~CloudDocs/XCode/Schrankenradar\ OSH/Schrankenradar\ OSH/SchrankenModeView.swift (in target 'Schrankenradar OSH' from project 'Schrankenradar OSH')
SwiftCompile normal arm64 /Users/jonasfeischl/Library/Mobile\ Documents/com~apple~CloudDocs/XCode/Schrankenradar\ OSH/Schrankenradar\ OSH/SchrankenModeView.swift (in target 'Schrankenradar OSH' from project 'Schrankenradar OSH')
    cd /Users/jonasfeischl/Library/Mobile\ Documents/com\~apple\~CloudDocs/XCode/Schrankenradar\ OSH
    

SwiftCompile normal arm64 Compiling\ Rank.swift /Users/jonasfeischl/Library/Mobile\ Documents/com~apple~CloudDocs/XCode/Schrankenradar\ OSH/Schrankenradar\ OSH/Rank.swift (in target 'Schrankenradar OSH' from project 'Schrankenradar OSH')

SwiftCompile normal arm64 /Users/jonasfeischl/Library/Mobile\ Documents/com~apple~CloudDocs/XCode/Schrankenradar\ OSH/Schrankenradar\ OSH/Rank.swift (in target 'Schrankenradar OSH' from project 'Schrankenradar OSH')
    cd /Users/jonasfeischl/Library/Mobile\ Documents/com\~apple\~CloudDocs/XCode/Schrankenradar\ OSH
    

SwiftCompile normal arm64 Compiling\ FeedbackLearner.swift /Users/jonasfeischl/Library/Mobile\ Documents/com~apple~CloudDocs/XCode/Schrankenradar\ OSH/Schrankenradar\ OSH/FeedbackLearner.swift (in target 'Schrankenradar OSH' from project 'Schrankenradar OSH')

SwiftCompile normal arm64 /Users/jonasfeischl/Library/Mobile\ Documents/com~apple~CloudDocs/XCode/Schrankenradar\ OSH/Schrankenradar\ OSH/FeedbackLearner.swift (in target 'Schrankenradar OSH' from project 'Schrankenradar OSH')
    cd /Users/jonasfeischl/Library/Mobile\ Documents/com\~apple\~CloudDocs/XCode/Schrankenradar\ OSH
    

SwiftDriverJobDiscovery normal x86_64 Compiling RankTracker.swift (in target 'Schrankenradar OSH' from project 'Schrankenradar OSH')

SwiftDriverJobDiscovery normal x86_64 Compiling Rank.swift (in target 'Schrankenradar OSH' from project 'Schrankenradar OSH')

SwiftCompile normal x86_64 Compiling\ DailyPatternView.swift,\ DebugLogView.swift /Users/jonasfeischl/Library/Mobile\ Documents/com~apple~CloudDocs/XCode/Schrankenradar\ OSH/Schrankenradar\ OSH/DailyPatternView.swift /Users/jonasfeischl/Library/Mobile\ Documents/com~apple~CloudDocs/XCode/Schrankenradar\ OSH/Schrankenradar\ OSH/DebugLogView.swift (in target 'Schrankenradar OSH' from project 'Schrankenradar OSH')

SwiftCompile normal x86_64 /Users/jonasfeischl/Library/Mobile\ Documents/com~apple~CloudDocs/XCode/Schrankenradar\ OSH/Schrankenradar\ OSH/DailyPatternView.swift (in target 'Schrankenradar OSH' from project 'Schrankenradar OSH')
    cd /Users/jonasfeischl/Library/Mobile\ Documents/com\~apple\~CloudDocs/XCode/Schrankenradar\ OSH
    

SwiftCompile normal x86_64 /Users/jonasfeischl/Library/Mobile\ Documents/com~apple~CloudDocs/XCode/Schrankenradar\ OSH/Schrankenradar\ OSH/DebugLogView.swift (in target 'Schrankenradar OSH' from project 'Schrankenradar OSH')
    cd /Users/jonasfeischl/Library/Mobile\ Documents/com\~apple\~CloudDocs/XCode/Schrankenradar\ OSH
    

SwiftDriverJobDiscovery normal arm64 Compiling Rank.swift (in target 'Schrankenradar OSH' from project 'Schrankenradar OSH')

SwiftCompile normal x86_64 Compiling\ APIComparisonView.swift,\ APIComparisonViewModel.swift,\ ContentView.swift /Users/jonasfeischl/Library/Mobile\ Documents/com~apple~CloudDocs/XCode/Schrankenradar\ OSH/Schrankenradar\ OSH/APIComparisonView.swift /Users/jonasfeischl/Library/Mobile\ Documents/com~apple~CloudDocs/XCode/Schrankenradar\ OSH/Schrankenradar\ OSH/APIComparisonViewModel.swift /Users/jonasfeischl/Library/Mobile\ Documents/com~apple~CloudDocs/XCode/Schrankenradar\ OSH/Schrankenradar\ OSH/ContentView.swift (in target 'Schrankenradar OSH' from project 'Schrankenradar OSH')
SwiftCompile normal x86_64 /Users/jonasfeischl/Library/Mobile\ Documents/com~apple~CloudDocs/XCode/Schrankenradar\ OSH/Schrankenradar\ OSH/APIComparisonView.swift (in target 'Schrankenradar OSH' from project 'Schrankenradar OSH')
    cd /Users/jonasfeischl/Library/Mobile\ Documents/com\~apple\~CloudDocs/XCode/Schrankenradar\ OSH
    

SwiftCompile normal x86_64 /Users/jonasfeischl/Library/Mobile\ Documents/com~apple~CloudDocs/XCode/Schrankenradar\ OSH/Schrankenradar\ OSH/APIComparisonViewModel.swift (in target 'Schrankenradar OSH' from project 'Schrankenradar OSH')
    cd /Users/jonasfeischl/Library/Mobile\ Documents/com\~apple\~CloudDocs/XCode/Schrankenradar\ OSH
    

SwiftCompile normal x86_64 /Users/jonasfeischl/Library/Mobile\ Documents/com~apple~CloudDocs/XCode/Schrankenradar\ OSH/Schrankenradar\ OSH/ContentView.swift (in target 'Schrankenradar OSH' from project 'Schrankenradar OSH')
    cd /Users/jonasfeischl/Library/Mobile\ Documents/com\~apple\~CloudDocs/XCode/Schrankenradar\ OSH
    

SwiftDriverJobDiscovery normal x86_64 Compiling FeedbackLearner.swift (in target 'Schrankenradar OSH' from project 'Schrankenradar OSH')

SwiftCompile normal arm64 Compiling\ APIComparisonView.swift,\ APIComparisonViewModel.swift,\ ContentView.swift /Users/jonasfeischl/Library/Mobile\ Documents/com~apple~CloudDocs/XCode/Schrankenradar\ OSH/Schrankenradar\ OSH/APIComparisonView.swift /Users/jonasfeischl/Library/Mobile\ Documents/com~apple~CloudDocs/XCode/Schrankenradar\ OSH/Schrankenradar\ OSH/APIComparisonViewModel.swift /Users/jonasfeischl/Library/Mobile\ Documents/com~apple~CloudDocs/XCode/Schrankenradar\ OSH/Schrankenradar\ OSH/ContentView.swift (in target 'Schrankenradar OSH' from project 'Schrankenradar OSH')
SwiftCompile normal arm64 /Users/jonasfeischl/Library/Mobile\ Documents/com~apple~CloudDocs/XCode/Schrankenradar\ OSH/Schrankenradar\ OSH/APIComparisonView.swift (in target 'Schrankenradar OSH' from project 'Schrankenradar OSH')
    cd /Users/jonasfeischl/Library/Mobile\ Documents/com\~apple\~CloudDocs/XCode/Schrankenradar\ OSH
    

SwiftCompile normal arm64 /Users/jonasfeischl/Library/Mobile\ Documents/com~apple~CloudDocs/XCode/Schrankenradar\ OSH/Schrankenradar\ OSH/APIComparisonViewModel.swift (in target 'Schrankenradar OSH' from project 'Schrankenradar OSH')
    cd /Users/jonasfeischl/Library/Mobile\ Documents/com\~apple\~CloudDocs/XCode/Schrankenradar\ OSH
    

SwiftCompile normal arm64 /Users/jonasfeischl/Library/Mobile\ Documents/com~apple~CloudDocs/XCode/Schrankenradar\ OSH/Schrankenradar\ OSH/ContentView.swift (in target 'Schrankenradar OSH' from project 'Schrankenradar OSH')
    cd /Users/jonasfeischl/Library/Mobile\ Documents/com\~apple\~CloudDocs/XCode/Schrankenradar\ OSH
    

SwiftDriverJobDiscovery normal x86_64 Compiling RankBadgeCardView.swift (in target 'Schrankenradar OSH' from project 'Schrankenradar OSH')

SwiftCompile normal arm64 Compiling\ DrivingView.swift,\ GeopsRealtimeService.swift /Users/jonasfeischl/Library/Mobile\ Documents/com~apple~CloudDocs/XCode/Schrankenradar\ OSH/Schrankenradar\ OSH/DrivingView.swift /Users/jonasfeischl/Library/Mobile\ Documents/com~apple~CloudDocs/XCode/Schrankenradar\ OSH/Schrankenradar\ OSH/GeopsRealtimeService.swift (in target 'Schrankenradar OSH' from project 'Schrankenradar OSH')

SwiftCompile normal arm64 /Users/jonasfeischl/Library/Mobile\ Documents/com~apple~CloudDocs/XCode/Schrankenradar\ OSH/Schrankenradar\ OSH/DrivingView.swift (in target 'Schrankenradar OSH' from project 'Schrankenradar OSH')
    cd /Users/jonasfeischl/Library/Mobile\ Documents/com\~apple\~CloudDocs/XCode/Schrankenradar\ OSH
    

SwiftCompile normal arm64 /Users/jonasfeischl/Library/Mobile\ Documents/com~apple~CloudDocs/XCode/Schrankenradar\ OSH/Schrankenradar\ OSH/GeopsRealtimeService.swift (in target 'Schrankenradar OSH' from project 'Schrankenradar OSH')
    cd /Users/jonasfeischl/Library/Mobile\ Documents/com\~apple\~CloudDocs/XCode/Schrankenradar\ OSH
    

SwiftDriverJobDiscovery normal arm64 Compiling RankGalleryView.swift (in target 'Schrankenradar OSH' from project 'Schrankenradar OSH')

SwiftCompile normal x86_64 Compiling\ GeopsRealtimeService.swift,\ JSONBinService.swift /Users/jonasfeischl/Library/Mobile\ Documents/com~apple~CloudDocs/XCode/Schrankenradar\ OSH/Schrankenradar\ OSH/GeopsRealtimeService.swift /Users/jonasfeischl/Library/Mobile\ Documents/com~apple~CloudDocs/XCode/Schrankenradar\ OSH/Schrankenradar\ OSH/JSONBinService.swift (in target 'Schrankenradar OSH' from project 'Schrankenradar OSH')

SwiftCompile normal x86_64 /Users/jonasfeischl/Library/Mobile\ Documents/com~apple~CloudDocs/XCode/Schrankenradar\ OSH/Schrankenradar\ OSH/GeopsRealtimeService.swift (in target 'Schrankenradar OSH' from project 'Schrankenradar OSH')
    cd /Users/jonasfeischl/Library/Mobile\ Documents/com\~apple\~CloudDocs/XCode/Schrankenradar\ OSH
    

SwiftCompile normal x86_64 /Users/jonasfeischl/Library/Mobile\ Documents/com~apple~CloudDocs/XCode/Schrankenradar\ OSH/Schrankenradar\ OSH/JSONBinService.swift (in target 'Schrankenradar OSH' from project 'Schrankenradar OSH')
    cd /Users/jonasfeischl/Library/Mobile\ Documents/com\~apple\~CloudDocs/XCode/Schrankenradar\ OSH
    

SwiftDriverJobDiscovery normal x86_64 Compiling RankGalleryView.swift (in target 'Schrankenradar OSH' from project 'Schrankenradar OSH')

SwiftCompile normal arm64 Compiling\ JSONBinService.swift,\ LaunchScreenView.swift /Users/jonasfeischl/Library/Mobile\ Documents/com~apple~CloudDocs/XCode/Schrankenradar\ OSH/Schrankenradar\ OSH/JSONBinService.swift /Users/jonasfeischl/Library/Mobile\ Documents/com~apple~CloudDocs/XCode/Schrankenradar\ OSH/Schrankenradar\ OSH/LaunchScreenView.swift (in target 'Schrankenradar OSH' from project 'Schrankenradar OSH')

SwiftCompile normal arm64 /Users/jonasfeischl/Library/Mobile\ Documents/com~apple~CloudDocs/XCode/Schrankenradar\ OSH/Schrankenradar\ OSH/JSONBinService.swift (in target 'Schrankenradar OSH' from project 'Schrankenradar OSH')
    cd /Users/jonasfeischl/Library/Mobile\ Documents/com\~apple\~CloudDocs/XCode/Schrankenradar\ OSH
    

SwiftCompile normal arm64 /Users/jonasfeischl/Library/Mobile\ Documents/com~apple~CloudDocs/XCode/Schrankenradar\ OSH/Schrankenradar\ OSH/LaunchScreenView.swift (in target 'Schrankenradar OSH' from project 'Schrankenradar OSH')
    cd /Users/jonasfeischl/Library/Mobile\ Documents/com\~apple\~CloudDocs/XCode/Schrankenradar\ OSH
    

SwiftDriverJobDiscovery normal arm64 Compiling FeedbackLearner.swift (in target 'Schrankenradar OSH' from project 'Schrankenradar OSH')

SwiftCompile normal arm64 Compiling\ LocationMonitor.swift,\ MVGService.swift /Users/jonasfeischl/Library/Mobile\ Documents/com~apple~CloudDocs/XCode/Schrankenradar\ OSH/Schrankenradar\ OSH/LocationMonitor.swift /Users/jonasfeischl/Library/Mobile\ Documents/com~apple~CloudDocs/XCode/Schrankenradar\ OSH/Schrankenradar\ OSH/MVGService.swift (in target 'Schrankenradar OSH' from project 'Schrankenradar OSH')

SwiftCompile normal arm64 /Users/jonasfeischl/Library/Mobile\ Documents/com~apple~CloudDocs/XCode/Schrankenradar\ OSH/Schrankenradar\ OSH/LocationMonitor.swift (in target 'Schrankenradar OSH' from project 'Schrankenradar OSH')
    cd /Users/jonasfeischl/Library/Mobile\ Documents/com\~apple\~CloudDocs/XCode/Schrankenradar\ OSH
    

SwiftCompile normal arm64 /Users/jonasfeischl/Library/Mobile\ Documents/com~apple~CloudDocs/XCode/Schrankenradar\ OSH/Schrankenradar\ OSH/MVGService.swift (in target 'Schrankenradar OSH' from project 'Schrankenradar OSH')
    cd /Users/jonasfeischl/Library/Mobile\ Documents/com\~apple\~CloudDocs/XCode/Schrankenradar\ OSH
    

SwiftDriverJobDiscovery normal x86_64 Compiling DailyPatternView.swift, DebugLogView.swift (in target 'Schrankenradar OSH' from project 'Schrankenradar OSH')

SwiftCompile normal arm64 Compiling\ NeuralVoiceEngine.swift,\ RouteView.swift /Users/jonasfeischl/Library/Mobile\ Documents/com~apple~CloudDocs/XCode/Schrankenradar\ OSH/Schrankenradar\ OSH/NeuralVoiceEngine.swift /Users/jonasfeischl/Library/Mobile\ Documents/com~apple~CloudDocs/XCode/Schrankenradar\ OSH/Schrankenradar\ OSH/RouteView.swift (in target 'Schrankenradar OSH' from project 'Schrankenradar OSH')

SwiftCompile normal arm64 /Users/jonasfeischl/Library/Mobile\ Documents/com~apple~CloudDocs/XCode/Schrankenradar\ OSH/Schrankenradar\ OSH/NeuralVoiceEngine.swift (in target 'Schrankenradar OSH' from project 'Schrankenradar OSH')
    cd /Users/jonasfeischl/Library/Mobile\ Documents/com\~apple\~CloudDocs/XCode/Schrankenradar\ OSH
    

SwiftCompile normal arm64 /Users/jonasfeischl/Library/Mobile\ Documents/com~apple~CloudDocs/XCode/Schrankenradar\ OSH/Schrankenradar\ OSH/RouteView.swift (in target 'Schrankenradar OSH' from project 'Schrankenradar OSH')
    cd /Users/jonasfeischl/Library/Mobile\ Documents/com\~apple\~CloudDocs/XCode/Schrankenradar\ OSH
    

SwiftDriverJobDiscovery normal arm64 Compiling Schrankenradar_OSHApp.swift (in target 'Schrankenradar OSH' from project 'Schrankenradar OSH')

SwiftCompile normal arm64 Compiling\ TrainAPIService.swift,\ TravelTimesCard.swift /Users/jonasfeischl/Library/Mobile\ Documents/com~apple~CloudDocs/XCode/Schrankenradar\ OSH/Schrankenradar\ OSH/TrainAPIService.swift /Users/jonasfeischl/Library/Mobile\ Documents/com~apple~CloudDocs/XCode/Schrankenradar\ OSH/Schrankenradar\ OSH/TravelTimesCard.swift (in target 'Schrankenradar OSH' from project 'Schrankenradar OSH')

SwiftCompile normal arm64 /Users/jonasfeischl/Library/Mobile\ Documents/com~apple~CloudDocs/XCode/Schrankenradar\ OSH/Schrankenradar\ OSH/TrainAPIService.swift (in target 'Schrankenradar OSH' from project 'Schrankenradar OSH')
    cd /Users/jonasfeischl/Library/Mobile\ Documents/com\~apple\~CloudDocs/XCode/Schrankenradar\ OSH
    

SwiftCompile normal arm64 /Users/jonasfeischl/Library/Mobile\ Documents/com~apple~CloudDocs/XCode/Schrankenradar\ OSH/Schrankenradar\ OSH/TravelTimesCard.swift (in target 'Schrankenradar OSH' from project 'Schrankenradar OSH')
    cd /Users/jonasfeischl/Library/Mobile\ Documents/com\~apple\~CloudDocs/XCode/Schrankenradar\ OSH
    

SwiftDriverJobDiscovery normal arm64 Compiling LocationMonitor.swift, MVGService.swift (in target 'Schrankenradar OSH' from project 'Schrankenradar OSH')

SwiftCompile normal arm64 Compiling\ CrossingRecorder.swift,\ CrossingViewModel.swift,\ DailyPatternView.swift /Users/jonasfeischl/Library/Mobile\ Documents/com~apple~CloudDocs/XCode/Schrankenradar\ OSH/Schrankenradar\ OSH/CrossingRecorder.swift /Users/jonasfeischl/Library/Mobile\ Documents/com~apple~CloudDocs/XCode/Schrankenradar\ OSH/Schrankenradar\ OSH/CrossingViewModel.swift /Users/jonasfeischl/Library/Mobile\ Documents/com~apple~CloudDocs/XCode/Schrankenradar\ OSH/Schrankenradar\ OSH/DailyPatternView.swift (in target 'Schrankenradar OSH' from project 'Schrankenradar OSH')
SwiftCompile normal arm64 /Users/jonasfeischl/Library/Mobile\ Documents/com~apple~CloudDocs/XCode/Schrankenradar\ OSH/Schrankenradar\ OSH/CrossingRecorder.swift (in target 'Schrankenradar OSH' from project 'Schrankenradar OSH')
    cd /Users/jonasfeischl/Library/Mobile\ Documents/com\~apple\~CloudDocs/XCode/Schrankenradar\ OSH
    

SwiftCompile normal arm64 /Users/jonasfeischl/Library/Mobile\ Documents/com~apple~CloudDocs/XCode/Schrankenradar\ OSH/Schrankenradar\ OSH/CrossingViewModel.swift (in target 'Schrankenradar OSH' from project 'Schrankenradar OSH')
    cd /Users/jonasfeischl/Library/Mobile\ Documents/com\~apple\~CloudDocs/XCode/Schrankenradar\ OSH
    

SwiftCompile normal arm64 /Users/jonasfeischl/Library/Mobile\ Documents/com~apple~CloudDocs/XCode/Schrankenradar\ OSH/Schrankenradar\ OSH/DailyPatternView.swift (in target 'Schrankenradar OSH' from project 'Schrankenradar OSH')
    cd /Users/jonasfeischl/Library/Mobile\ Documents/com\~apple\~CloudDocs/XCode/Schrankenradar\ OSH
    

SwiftDriverJobDiscovery normal arm64 Compiling JSONBinService.swift, LaunchScreenView.swift (in target 'Schrankenradar OSH' from project 'Schrankenradar OSH')

SwiftCompile normal x86_64 Compiling\ SidebarView.swift,\ TrafficLightView.swift /Users/jonasfeischl/Library/Mobile\ Documents/com~apple~CloudDocs/XCode/Schrankenradar\ OSH/Schrankenradar\ OSH/SidebarView.swift /Users/jonasfeischl/Library/Mobile\ Documents/com~apple~CloudDocs/XCode/Schrankenradar\ OSH/Schrankenradar\ OSH/TrafficLightView.swift (in target 'Schrankenradar OSH' from project 'Schrankenradar OSH')

SwiftCompile normal x86_64 /Users/jonasfeischl/Library/Mobile\ Documents/com~apple~CloudDocs/XCode/Schrankenradar\ OSH/Schrankenradar\ OSH/SidebarView.swift (in target 'Schrankenradar OSH' from project 'Schrankenradar OSH')
    cd /Users/jonasfeischl/Library/Mobile\ Documents/com\~apple\~CloudDocs/XCode/Schrankenradar\ OSH
    

SwiftCompile normal x86_64 /Users/jonasfeischl/Library/Mobile\ Documents/com~apple~CloudDocs/XCode/Schrankenradar\ OSH/Schrankenradar\ OSH/TrafficLightView.swift (in target 'Schrankenradar OSH' from project 'Schrankenradar OSH')
    cd /Users/jonasfeischl/Library/Mobile\ Documents/com\~apple\~CloudDocs/XCode/Schrankenradar\ OSH
    

SwiftDriverJobDiscovery normal x86_64 Emitting module for Schrankenradar_OSH (in target 'Schrankenradar OSH' from project 'Schrankenradar OSH')

SwiftDriver\ Compilation\ Requirements Schrankenradar\ OSH normal x86_64 com.apple.xcode.tools.swift.compiler (in target 'Schrankenradar OSH' from project 'Schrankenradar OSH')
    cd /Users/jonasfeischl/Library/Mobile\ Documents/com\~apple\~CloudDocs/XCode/Schrankenradar\ OSH
    builtin-Swift-Compilation-Requirements -- /Applications/Xcode.app/Contents/Developer/Toolchains/XcodeDefault.xctoolchain/usr/bin/swiftc -module-name Schrankenradar_OSH -Onone @/Users/jonasfeischl/Library/Developer/Xcode/DerivedData/Build/Intermediates.noindex/Schrankenradar\ OSH.build/Debug-iphonesimulator/Schrankenradar\ OSH.build/Objects-normal/x86_64/Schrankenradar\ OSH.SwiftFileList -DDEBUG -Xcc -fmodule-map-file\=/Users/jonasfeischl/Library/Developer/Xcode/DerivedData/Build/Intermediates.noindex/GeneratedModuleMaps-iphonesimulator/OnnxRuntimeBindings.modulemap -default-isolation\=MainActor -enable-bare-slash-regex -enable-upcoming-feature DisableOutwardActorInference -enable-upcoming-feature InferSendableFromCaptures -enable-upcoming-feature GlobalActorIsolatedTypesUsability -enable-upcoming-feature MemberImportVisibility -enable-upcoming-feature InferIsolatedConformances -enable-upcoming-feature NonisolatedNonsendingByDefault -enable-experimental-feature DebugDescriptionMacro -sdk /Applications/Xcode.app/Contents/Developer/Platforms/iPhoneSimulator.platform/Developer/SDKs/iPhoneSimulator26.5.sdk -target x86_64-apple-ios26.5-simulator -g -module-cache-path /Users/jonasfeischl/Library/Developer/Xcode/DerivedData/ModuleCache.noindex -Xfrontend -serialize-debugging-options -enable-testing -index-store-path /Users/jonasfeischl/Library/Developer/Xcode/DerivedData/Schrankenradar_OSH-ebqzdoyknyoypddbebsxymqcuicf/Index.noindex/DataStore -Xcc -D_LIBCPP_HARDENING_MODE\=_LIBCPP_HARDENING_MODE_DEBUG -swift-version 5 -I /Users/jonasfeischl/Library/Developer/Xcode/DerivedData/Build/Products/Debug-iphonesimulator -F /Users/jonasfeischl/Library/Developer/Xcode/DerivedData/Build/Products/Debug-iphonesimulator/PackageFrameworks -F /Users/jonasfeischl/Library/Developer/Xcode/DerivedData/Build/Products/Debug-iphonesimulator -emit-localized-strings -emit-localized-strings-path /Users/jonasfeischl/Library/Developer/Xcode/DerivedData/Build/Intermediates.noindex/Schrankenradar\ OSH.build/Debug-iphonesimulator/Schrankenradar\ OSH.build/Objects-normal/x86_64 -c -j10 -enable-batch-mode -incremental -Xcc -ivfsstatcache -Xcc /Users/jonasfeischl/Library/Developer/Xcode/DerivedData/SDKStatCaches.noindex/iphonesimulator26.5-23F81a-6cfe768891a92b912361537c460fe42b.sdkstatcache -output-file-map /Users/jonasfeischl/Library/Developer/Xcode/DerivedData/Build/Intermediates.noindex/Schrankenradar\ OSH.build/Debug-iphonesimulator/Schrankenradar\ OSH.build/Objects-normal/x86_64/Schrankenradar\ OSH-OutputFileMap.json -use-frontend-parseable-output -save-temps -no-color-diagnostics -explicit-module-build -module-cache-path /Users/jonasfeischl/Library/Developer/Xcode/DerivedData/Build/Intermediates.noindex/SwiftExplicitPrecompiledModules -clang-scanner-module-cache-path /Users/jonasfeischl/Library/Developer/Xcode/DerivedData/ModuleCache.noindex -sdk-module-cache-path /Users/jonasfeischl/Library/Developer/Xcode/DerivedData/ModuleCache.noindex -serialize-diagnostics -emit-dependencies -emit-module -emit-module-path /Users/jonasfeischl/Library/Developer/Xcode/DerivedData/Build/Intermediates.noindex/Schrankenradar\ OSH.build/Debug-iphonesimulator/Schrankenradar\ OSH.build/Objects-normal/x86_64/Schrankenradar_OSH.swiftmodule -validate-clang-modules-once -clang-build-session-file /Users/jonasfeischl/Library/Developer/Xcode/DerivedData/ModuleCache.noindex/Session.modulevalidation -Xcc -I/Users/jonasfeischl/Library/Developer/Xcode/DerivedData/Build/Intermediates.noindex/Schrankenradar\ OSH.build/Debug-iphonesimulator/Schrankenradar\ OSH.build/swift-overrides.hmap -emit-const-values -Xfrontend -const-gather-protocols-file -Xfrontend /Users/jonasfeischl/Library/Developer/Xcode/DerivedData/Build/Intermediates.noindex/Schrankenradar\ OSH.build/Debug-iphonesimulator/Schrankenradar\ OSH.build/Objects-normal/x86_64/Schrankenradar\ OSH_const_extract_protocols.json -Xcc -iquote -Xcc /Users/jonasfeischl/Library/Developer/Xcode/DerivedData/Build/Intermediates.noindex/Schrankenradar\ OSH.build/Debug-iphonesimulator/Schrankenradar\ OSH.build/Schrankenradar\ OSH-generated-files.hmap -Xcc -I/Users/jonasfeischl/Library/Developer/Xcode/DerivedData/Build/Intermediates.noindex/Schrankenradar\ OSH.build/Debug-iphonesimulator/Schrankenradar\ OSH.build/Schrankenradar\ OSH-own-target-headers.hmap -Xcc -I/Users/jonasfeischl/Library/Developer/Xcode/DerivedData/Build/Intermediates.noindex/Schrankenradar\ OSH.build/Debug-iphonesimulator/Schrankenradar\ OSH.build/Schrankenradar\ OSH-all-non-framework-target-headers.hmap -Xcc -ivfsoverlay -Xcc /Users/jonasfeischl/Library/Developer/Xcode/DerivedData/Build/Intermediates.noindex/Schrankenradar\ OSH.build/Debug-iphonesimulator/Schrankenradar\ OSH-2545c2b47f28d8a0bb173c7876f42a30-VFS-iphonesimulator/all-product-headers.yaml -Xcc -iquote -Xcc /Users/jonasfeischl/Library/Developer/Xcode/DerivedData/Build/Intermediates.noindex/Schrankenradar\ OSH.build/Debug-iphonesimulator/Schrankenradar\ OSH.build/Schrankenradar\ OSH-project-headers.hmap -Xcc -I/Users/jonasfeischl/Library/Developer/Xcode/DerivedData/Schrankenradar_OSH-ebqzdoyknyoypddbebsxymqcuicf/SourcePackages/checkouts/onnxruntime-swift-package-manager/objectivec/include -Xcc -I/Users/jonasfeischl/Library/Developer/Xcode/DerivedData/Build/Products/Debug-iphonesimulator/include -Xcc -I/Users/jonasfeischl/Library/Developer/Xcode/DerivedData/Build/Intermediates.noindex/Schrankenradar\ OSH.build/Debug-iphonesimulator/Schrankenradar\ OSH.build/DerivedSources-normal/x86_64 -Xcc -I/Users/jonasfeischl/Library/Developer/Xcode/DerivedData/Build/Intermediates.noindex/Schrankenradar\ OSH.build/Debug-iphonesimulator/Schrankenradar\ OSH.build/DerivedSources/x86_64 -Xcc -I/Users/jonasfeischl/Library/Developer/Xcode/DerivedData/Build/Intermediates.noindex/Schrankenradar\ OSH.build/Debug-iphonesimulator/Schrankenradar\ OSH.build/DerivedSources -Xcc -DDEBUG\=1 -emit-objc-header -emit-objc-header-path /Users/jonasfeischl/Library/Developer/Xcode/DerivedData/Build/Intermediates.noindex/Schrankenradar\ OSH.build/Debug-iphonesimulator/Schrankenradar\ OSH.build/Objects-normal/x86_64/Schrankenradar_OSH-Swift.h -working-directory /Users/jonasfeischl/Library/Mobile\ Documents/com\~apple\~CloudDocs/XCode/Schrankenradar\ OSH -experimental-emit-module-separately -disable-cmo

SwiftDriverJobDiscovery normal arm64 Emitting module for Schrankenradar_OSH (in target 'Schrankenradar OSH' from project 'Schrankenradar OSH')

SwiftDriver\ Compilation\ Requirements Schrankenradar\ OSH normal arm64 com.apple.xcode.tools.swift.compiler (in target 'Schrankenradar OSH' from project 'Schrankenradar OSH')
    cd /Users/jonasfeischl/Library/Mobile\ Documents/com\~apple\~CloudDocs/XCode/Schrankenradar\ OSH
    builtin-Swift-Compilation-Requirements -- /Applications/Xcode.app/Contents/Developer/Toolchains/XcodeDefault.xctoolchain/usr/bin/swiftc -module-name Schrankenradar_OSH -Onone @/Users/jonasfeischl/Library/Developer/Xcode/DerivedData/Build/Intermediates.noindex/Schrankenradar\ OSH.build/Debug-iphonesimulator/Schrankenradar\ OSH.build/Objects-normal/arm64/Schrankenradar\ OSH.SwiftFileList -DDEBUG -Xcc -fmodule-map-file\=/Users/jonasfeischl/Library/Developer/Xcode/DerivedData/Build/Intermediates.noindex/GeneratedModuleMaps-iphonesimulator/OnnxRuntimeBindings.modulemap -default-isolation\=MainActor -enable-bare-slash-regex -enable-upcoming-feature DisableOutwardActorInference -enable-upcoming-feature InferSendableFromCaptures -enable-upcoming-feature GlobalActorIsolatedTypesUsability -enable-upcoming-feature MemberImportVisibility -enable-upcoming-feature InferIsolatedConformances -enable-upcoming-feature NonisolatedNonsendingByDefault -enable-experimental-feature DebugDescriptionMacro -sdk /Applications/Xcode.app/Contents/Developer/Platforms/iPhoneSimulator.platform/Developer/SDKs/iPhoneSimulator26.5.sdk -target arm64-apple-ios26.5-simulator -g -module-cache-path /Users/jonasfeischl/Library/Developer/Xcode/DerivedData/ModuleCache.noindex -Xfrontend -serialize-debugging-options -enable-testing -index-store-path /Users/jonasfeischl/Library/Developer/Xcode/DerivedData/Schrankenradar_OSH-ebqzdoyknyoypddbebsxymqcuicf/Index.noindex/DataStore -Xcc -D_LIBCPP_HARDENING_MODE\=_LIBCPP_HARDENING_MODE_DEBUG -swift-version 5 -I /Users/jonasfeischl/Library/Developer/Xcode/DerivedData/Build/Products/Debug-iphonesimulator -F /Users/jonasfeischl/Library/Developer/Xcode/DerivedData/Build/Products/Debug-iphonesimulator/PackageFrameworks -F /Users/jonasfeischl/Library/Developer/Xcode/DerivedData/Build/Products/Debug-iphonesimulator -emit-localized-strings -emit-localized-strings-path /Users/jonasfeischl/Library/Developer/Xcode/DerivedData/Build/Intermediates.noindex/Schrankenradar\ OSH.build/Debug-iphonesimulator/Schrankenradar\ OSH.build/Objects-normal/arm64 -c -j10 -enable-batch-mode -incremental -Xcc -ivfsstatcache -Xcc /Users/jonasfeischl/Library/Developer/Xcode/DerivedData/SDKStatCaches.noindex/iphonesimulator26.5-23F81a-6cfe768891a92b912361537c460fe42b.sdkstatcache -output-file-map /Users/jonasfeischl/Library/Developer/Xcode/DerivedData/Build/Intermediates.noindex/Schrankenradar\ OSH.build/Debug-iphonesimulator/Schrankenradar\ OSH.build/Objects-normal/arm64/Schrankenradar\ OSH-OutputFileMap.json -use-frontend-parseable-output -save-temps -no-color-diagnostics -explicit-module-build -module-cache-path /Users/jonasfeischl/Library/Developer/Xcode/DerivedData/Build/Intermediates.noindex/SwiftExplicitPrecompiledModules -clang-scanner-module-cache-path /Users/jonasfeischl/Library/Developer/Xcode/DerivedData/ModuleCache.noindex -sdk-module-cache-path /Users/jonasfeischl/Library/Developer/Xcode/DerivedData/ModuleCache.noindex -serialize-diagnostics -emit-dependencies -emit-module -emit-module-path /Users/jonasfeischl/Library/Developer/Xcode/DerivedData/Build/Intermediates.noindex/Schrankenradar\ OSH.build/Debug-iphonesimulator/Schrankenradar\ OSH.build/Objects-normal/arm64/Schrankenradar_OSH.swiftmodule -validate-clang-modules-once -clang-build-session-file /Users/jonasfeischl/Library/Developer/Xcode/DerivedData/ModuleCache.noindex/Session.modulevalidation -Xcc -I/Users/jonasfeischl/Library/Developer/Xcode/DerivedData/Build/Intermediates.noindex/Schrankenradar\ OSH.build/Debug-iphonesimulator/Schrankenradar\ OSH.build/swift-overrides.hmap -emit-const-values -Xfrontend -const-gather-protocols-file -Xfrontend /Users/jonasfeischl/Library/Developer/Xcode/DerivedData/Build/Intermediates.noindex/Schrankenradar\ OSH.build/Debug-iphonesimulator/Schrankenradar\ OSH.build/Objects-normal/arm64/Schrankenradar\ OSH_const_extract_protocols.json -Xcc -iquote -Xcc /Users/jonasfeischl/Library/Developer/Xcode/DerivedData/Build/Intermediates.noindex/Schrankenradar\ OSH.build/Debug-iphonesimulator/Schrankenradar\ OSH.build/Schrankenradar\ OSH-generated-files.hmap -Xcc -I/Users/jonasfeischl/Library/Developer/Xcode/DerivedData/Build/Intermediates.noindex/Schrankenradar\ OSH.build/Debug-iphonesimulator/Schrankenradar\ OSH.build/Schrankenradar\ OSH-own-target-headers.hmap -Xcc -I/Users/jonasfeischl/Library/Developer/Xcode/DerivedData/Build/Intermediates.noindex/Schrankenradar\ OSH.build/Debug-iphonesimulator/Schrankenradar\ OSH.build/Schrankenradar\ OSH-all-non-framework-target-headers.hmap -Xcc -ivfsoverlay -Xcc /Users/jonasfeischl/Library/Developer/Xcode/DerivedData/Build/Intermediates.noindex/Schrankenradar\ OSH.build/Debug-iphonesimulator/Schrankenradar\ OSH-2545c2b47f28d8a0bb173c7876f42a30-VFS-iphonesimulator/all-product-headers.yaml -Xcc -iquote -Xcc /Users/jonasfeischl/Library/Developer/Xcode/DerivedData/Build/Intermediates.noindex/Schrankenradar\ OSH.build/Debug-iphonesimulator/Schrankenradar\ OSH.build/Schrankenradar\ OSH-project-headers.hmap -Xcc -I/Users/jonasfeischl/Library/Developer/Xcode/DerivedData/Schrankenradar_OSH-ebqzdoyknyoypddbebsxymqcuicf/SourcePackages/checkouts/onnxruntime-swift-package-manager/objectivec/include -Xcc -I/Users/jonasfeischl/Library/Developer/Xcode/DerivedData/Build/Products/Debug-iphonesimulator/include -Xcc -I/Users/jonasfeischl/Library/Developer/Xcode/DerivedData/Build/Intermediates.noindex/Schrankenradar\ OSH.build/Debug-iphonesimulator/Schrankenradar\ OSH.build/DerivedSources-normal/arm64 -Xcc -I/Users/jonasfeischl/Library/Developer/Xcode/DerivedData/Build/Intermediates.noindex/Schrankenradar\ OSH.build/Debug-iphonesimulator/Schrankenradar\ OSH.build/DerivedSources/arm64 -Xcc -I/Users/jonasfeischl/Library/Developer/Xcode/DerivedData/Build/Intermediates.noindex/Schrankenradar\ OSH.build/Debug-iphonesimulator/Schrankenradar\ OSH.build/DerivedSources -Xcc -DDEBUG\=1 -emit-objc-header -emit-objc-header-path /Users/jonasfeischl/Library/Developer/Xcode/DerivedData/Build/Intermediates.noindex/Schrankenradar\ OSH.build/Debug-iphonesimulator/Schrankenradar\ OSH.build/Objects-normal/arm64/Schrankenradar_OSH-Swift.h -working-directory /Users/jonasfeischl/Library/Mobile\ Documents/com\~apple\~CloudDocs/XCode/Schrankenradar\ OSH -experimental-emit-module-separately -disable-cmo

Copy /Users/jonasfeischl/Library/Developer/Xcode/DerivedData/Build/Products/Debug-iphonesimulator/Schrankenradar_OSH.swiftmodule/x86_64-apple-ios-simulator.swiftmodule /Users/jonasfeischl/Library/Developer/Xcode/DerivedData/Build/Intermediates.noindex/Schrankenradar\ OSH.build/Debug-iphonesimulator/Schrankenradar\ OSH.build/Objects-normal/x86_64/Schrankenradar_OSH.swiftmodule (in target 'Schrankenradar OSH' from project 'Schrankenradar OSH')
    cd /Users/jonasfeischl/Library/Mobile\ Documents/com\~apple\~CloudDocs/XCode/Schrankenradar\ OSH
    builtin-copy -exclude .DS_Store -exclude CVS -exclude .svn -exclude .git -exclude .hg -resolve-src-symlinks -rename /Users/jonasfeischl/Library/Developer/Xcode/DerivedData/Build/Intermediates.noindex/Schrankenradar\ OSH.build/Debug-iphonesimulator/Schrankenradar\ OSH.build/Objects-normal/x86_64/Schrankenradar_OSH.swiftmodule /Users/jonasfeischl/Library/Developer/Xcode/DerivedData/Build/Products/Debug-iphonesimulator/Schrankenradar_OSH.swiftmodule/x86_64-apple-ios-simulator.swiftmodule

Copy /Users/jonasfeischl/Library/Developer/Xcode/DerivedData/Build/Products/Debug-iphonesimulator/Schrankenradar_OSH.swiftmodule/x86_64-apple-ios-simulator.swiftdoc /Users/jonasfeischl/Library/Developer/Xcode/DerivedData/Build/Intermediates.noindex/Schrankenradar\ OSH.build/Debug-iphonesimulator/Schrankenradar\ OSH.build/Objects-normal/x86_64/Schrankenradar_OSH.swiftdoc (in target 'Schrankenradar OSH' from project 'Schrankenradar OSH')
    cd /Users/jonasfeischl/Library/Mobile\ Documents/com\~apple\~CloudDocs/XCode/Schrankenradar\ OSH
    builtin-copy -exclude .DS_Store -exclude CVS -exclude .svn -exclude .git -exclude .hg -resolve-src-symlinks -rename /Users/jonasfeischl/Library/Developer/Xcode/DerivedData/Build/Intermediates.noindex/Schrankenradar\ OSH.build/Debug-iphonesimulator/Schrankenradar\ OSH.build/Objects-normal/x86_64/Schrankenradar_OSH.swiftdoc /Users/jonasfeischl/Library/Developer/Xcode/DerivedData/Build/Products/Debug-iphonesimulator/Schrankenradar_OSH.swiftmodule/x86_64-apple-ios-simulator.swiftdoc

Copy /Users/jonasfeischl/Library/Developer/Xcode/DerivedData/Build/Products/Debug-iphonesimulator/Schrankenradar_OSH.swiftmodule/x86_64-apple-ios-simulator.abi.json /Users/jonasfeischl/Library/Developer/Xcode/DerivedData/Build/Intermediates.noindex/Schrankenradar\ OSH.build/Debug-iphonesimulator/Schrankenradar\ OSH.build/Objects-normal/x86_64/Schrankenradar_OSH.abi.json (in target 'Schrankenradar OSH' from project 'Schrankenradar OSH')
    cd /Users/jonasfeischl/Library/Mobile\ Documents/com\~apple\~CloudDocs/XCode/Schrankenradar\ OSH
    builtin-copy -exclude .DS_Store -exclude CVS -exclude .svn -exclude .git -exclude .hg -resolve-src-symlinks -rename /Users/jonasfeischl/Library/Developer/Xcode/DerivedData/Build/Intermediates.noindex/Schrankenradar\ OSH.build/Debug-iphonesimulator/Schrankenradar\ OSH.build/Objects-normal/x86_64/Schrankenradar_OSH.abi.json /Users/jonasfeischl/Library/Developer/Xcode/DerivedData/Build/Products/Debug-iphonesimulator/Schrankenradar_OSH.swiftmodule/x86_64-apple-ios-simulator.abi.json

Copy /Users/jonasfeischl/Library/Developer/Xcode/DerivedData/Build/Products/Debug-iphonesimulator/Schrankenradar_OSH.swiftmodule/arm64-apple-ios-simulator.swiftmodule /Users/jonasfeischl/Library/Developer/Xcode/DerivedData/Build/Intermediates.noindex/Schrankenradar\ OSH.build/Debug-iphonesimulator/Schrankenradar\ OSH.build/Objects-normal/arm64/Schrankenradar_OSH.swiftmodule (in target 'Schrankenradar OSH' from project 'Schrankenradar OSH')
    cd /Users/jonasfeischl/Library/Mobile\ Documents/com\~apple\~CloudDocs/XCode/Schrankenradar\ OSH
    builtin-copy -exclude .DS_Store -exclude CVS -exclude .svn -exclude .git -exclude .hg -resolve-src-symlinks -rename /Users/jonasfeischl/Library/Developer/Xcode/DerivedData/Build/Intermediates.noindex/Schrankenradar\ OSH.build/Debug-iphonesimulator/Schrankenradar\ OSH.build/Objects-normal/arm64/Schrankenradar_OSH.swiftmodule /Users/jonasfeischl/Library/Developer/Xcode/DerivedData/Build/Products/Debug-iphonesimulator/Schrankenradar_OSH.swiftmodule/arm64-apple-ios-simulator.swiftmodule

Copy /Users/jonasfeischl/Library/Developer/Xcode/DerivedData/Build/Products/Debug-iphonesimulator/Schrankenradar_OSH.swiftmodule/arm64-apple-ios-simulator.swiftdoc /Users/jonasfeischl/Library/Developer/Xcode/DerivedData/Build/Intermediates.noindex/Schrankenradar\ OSH.build/Debug-iphonesimulator/Schrankenradar\ OSH.build/Objects-normal/arm64/Schrankenradar_OSH.swiftdoc (in target 'Schrankenradar OSH' from project 'Schrankenradar OSH')
    cd /Users/jonasfeischl/Library/Mobile\ Documents/com\~apple\~CloudDocs/XCode/Schrankenradar\ OSH
    builtin-copy -exclude .DS_Store -exclude CVS -exclude .svn -exclude .git -exclude .hg -resolve-src-symlinks -rename /Users/jonasfeischl/Library/Developer/Xcode/DerivedData/Build/Intermediates.noindex/Schrankenradar\ OSH.build/Debug-iphonesimulator/Schrankenradar\ OSH.build/Objects-normal/arm64/Schrankenradar_OSH.swiftdoc /Users/jonasfeischl/Library/Developer/Xcode/DerivedData/Build/Products/Debug-iphonesimulator/Schrankenradar_OSH.swiftmodule/arm64-apple-ios-simulator.swiftdoc

Copy /Users/jonasfeischl/Library/Developer/Xcode/DerivedData/Build/Products/Debug-iphonesimulator/Schrankenradar_OSH.swiftmodule/arm64-apple-ios-simulator.abi.json /Users/jonasfeischl/Library/Developer/Xcode/DerivedData/Build/Intermediates.noindex/Schrankenradar\ OSH.build/Debug-iphonesimulator/Schrankenradar\ OSH.build/Objects-normal/arm64/Schrankenradar_OSH.abi.json (in target 'Schrankenradar OSH' from project 'Schrankenradar OSH')
    cd /Users/jonasfeischl/Library/Mobile\ Documents/com\~apple\~CloudDocs/XCode/Schrankenradar\ OSH
    builtin-copy -exclude .DS_Store -exclude CVS -exclude .svn -exclude .git -exclude .hg -resolve-src-symlinks -rename /Users/jonasfeischl/Library/Developer/Xcode/DerivedData/Build/Intermediates.noindex/Schrankenradar\ OSH.build/Debug-iphonesimulator/Schrankenradar\ OSH.build/Objects-normal/arm64/Schrankenradar_OSH.abi.json /Users/jonasfeischl/Library/Developer/Xcode/DerivedData/Build/Products/Debug-iphonesimulator/Schrankenradar_OSH.swiftmodule/arm64-apple-ios-simulator.abi.json

Copy /Users/jonasfeischl/Library/Developer/Xcode/DerivedData/Build/Products/Debug-iphonesimulator/Schrankenradar_OSH.swiftmodule/Project/x86_64-apple-ios-simulator.swiftsourceinfo /Users/jonasfeischl/Library/Developer/Xcode/DerivedData/Build/Intermediates.noindex/Schrankenradar\ OSH.build/Debug-iphonesimulator/Schrankenradar\ OSH.build/Objects-normal/x86_64/Schrankenradar_OSH.swiftsourceinfo (in target 'Schrankenradar OSH' from project 'Schrankenradar OSH')
    cd /Users/jonasfeischl/Library/Mobile\ Documents/com\~apple\~CloudDocs/XCode/Schrankenradar\ OSH
    builtin-copy -exclude .DS_Store -exclude CVS -exclude .svn -exclude .git -exclude .hg -resolve-src-symlinks -rename /Users/jonasfeischl/Library/Developer/Xcode/DerivedData/Build/Intermediates.noindex/Schrankenradar\ OSH.build/Debug-iphonesimulator/Schrankenradar\ OSH.build/Objects-normal/x86_64/Schrankenradar_OSH.swiftsourceinfo /Users/jonasfeischl/Library/Developer/Xcode/DerivedData/Build/Products/Debug-iphonesimulator/Schrankenradar_OSH.swiftmodule/Project/x86_64-apple-ios-simulator.swiftsourceinfo

Copy /Users/jonasfeischl/Library/Developer/Xcode/DerivedData/Build/Products/Debug-iphonesimulator/Schrankenradar_OSH.swiftmodule/Project/arm64-apple-ios-simulator.swiftsourceinfo /Users/jonasfeischl/Library/Developer/Xcode/DerivedData/Build/Intermediates.noindex/Schrankenradar\ OSH.build/Debug-iphonesimulator/Schrankenradar\ OSH.build/Objects-normal/arm64/Schrankenradar_OSH.swiftsourceinfo (in target 'Schrankenradar OSH' from project 'Schrankenradar OSH')
    cd /Users/jonasfeischl/Library/Mobile\ Documents/com\~apple\~CloudDocs/XCode/Schrankenradar\ OSH
    builtin-copy -exclude .DS_Store -exclude CVS -exclude .svn -exclude .git -exclude .hg -resolve-src-symlinks -rename /Users/jonasfeischl/Library/Developer/Xcode/DerivedData/Build/Intermediates.noindex/Schrankenradar\ OSH.build/Debug-iphonesimulator/Schrankenradar\ OSH.build/Objects-normal/arm64/Schrankenradar_OSH.swiftsourceinfo /Users/jonasfeischl/Library/Developer/Xcode/DerivedData/Build/Products/Debug-iphonesimulator/Schrankenradar_OSH.swiftmodule/Project/arm64-apple-ios-simulator.swiftsourceinfo

SwiftCompile normal arm64 Compiling\ RouteViewModel.swift,\ SettingsView.swift /Users/jonasfeischl/Library/Mobile\ Documents/com~apple~CloudDocs/XCode/Schrankenradar\ OSH/Schrankenradar\ OSH/RouteViewModel.swift /Users/jonasfeischl/Library/Mobile\ Documents/com~apple~CloudDocs/XCode/Schrankenradar\ OSH/Schrankenradar\ OSH/SettingsView.swift (in target 'Schrankenradar OSH' from project 'Schrankenradar OSH')
SwiftCompile normal arm64 /Users/jonasfeischl/Library/Mobile\ Documents/com~apple~CloudDocs/XCode/Schrankenradar\ OSH/Schrankenradar\ OSH/RouteViewModel.swift (in target 'Schrankenradar OSH' from project 'Schrankenradar OSH')
    cd /Users/jonasfeischl/Library/Mobile\ Documents/com\~apple\~CloudDocs/XCode/Schrankenradar\ OSH
    

SwiftCompile normal arm64 /Users/jonasfeischl/Library/Mobile\ Documents/com~apple~CloudDocs/XCode/Schrankenradar\ OSH/Schrankenradar\ OSH/SettingsView.swift (in target 'Schrankenradar OSH' from project 'Schrankenradar OSH')
    cd /Users/jonasfeischl/Library/Mobile\ Documents/com\~apple\~CloudDocs/XCode/Schrankenradar\ OSH
    

SwiftCompile normal x86_64 Compiling\ CrossingRecorder.swift,\ CrossingViewModel.swift /Users/jonasfeischl/Library/Mobile\ Documents/com~apple~CloudDocs/XCode/Schrankenradar\ OSH/Schrankenradar\ OSH/CrossingRecorder.swift /Users/jonasfeischl/Library/Mobile\ Documents/com~apple~CloudDocs/XCode/Schrankenradar\ OSH/Schrankenradar\ OSH/CrossingViewModel.swift (in target 'Schrankenradar OSH' from project 'Schrankenradar OSH')
SwiftCompile normal x86_64 /Users/jonasfeischl/Library/Mobile\ Documents/com~apple~CloudDocs/XCode/Schrankenradar\ OSH/Schrankenradar\ OSH/CrossingRecorder.swift (in target 'Schrankenradar OSH' from project 'Schrankenradar OSH')
    cd /Users/jonasfeischl/Library/Mobile\ Documents/com\~apple\~CloudDocs/XCode/Schrankenradar\ OSH
    

SwiftCompile normal x86_64 /Users/jonasfeischl/Library/Mobile\ Documents/com~apple~CloudDocs/XCode/Schrankenradar\ OSH/Schrankenradar\ OSH/CrossingViewModel.swift (in target 'Schrankenradar OSH' from project 'Schrankenradar OSH')
    cd /Users/jonasfeischl/Library/Mobile\ Documents/com\~apple\~CloudDocs/XCode/Schrankenradar\ OSH
    

SwiftDriverJobDiscovery normal arm64 Compiling SchrankenModeView.swift (in target 'Schrankenradar OSH' from project 'Schrankenradar OSH')

SwiftCompile normal arm64 Compiling\ RankTracker.swift /Users/jonasfeischl/Library/Mobile\ Documents/com~apple~CloudDocs/XCode/Schrankenradar\ OSH/Schrankenradar\ OSH/RankTracker.swift (in target 'Schrankenradar OSH' from project 'Schrankenradar OSH')

SwiftCompile normal arm64 /Users/jonasfeischl/Library/Mobile\ Documents/com~apple~CloudDocs/XCode/Schrankenradar\ OSH/Schrankenradar\ OSH/RankTracker.swift (in target 'Schrankenradar OSH' from project 'Schrankenradar OSH')
    cd /Users/jonasfeischl/Library/Mobile\ Documents/com\~apple\~CloudDocs/XCode/Schrankenradar\ OSH
    

SwiftDriverJobDiscovery normal arm64 Compiling TrainAPIService.swift, TravelTimesCard.swift (in target 'Schrankenradar OSH' from project 'Schrankenradar OSH')

SwiftCompile normal arm64 Compiling\ SidebarView.swift,\ TrafficLightView.swift /Users/jonasfeischl/Library/Mobile\ Documents/com~apple~CloudDocs/XCode/Schrankenradar\ OSH/Schrankenradar\ OSH/SidebarView.swift /Users/jonasfeischl/Library/Mobile\ Documents/com~apple~CloudDocs/XCode/Schrankenradar\ OSH/Schrankenradar\ OSH/TrafficLightView.swift (in target 'Schrankenradar OSH' from project 'Schrankenradar OSH')

SwiftCompile normal arm64 /Users/jonasfeischl/Library/Mobile\ Documents/com~apple~CloudDocs/XCode/Schrankenradar\ OSH/Schrankenradar\ OSH/SidebarView.swift (in target 'Schrankenradar OSH' from project 'Schrankenradar OSH')
    cd /Users/jonasfeischl/Library/Mobile\ Documents/com\~apple\~CloudDocs/XCode/Schrankenradar\ OSH
    

SwiftCompile normal arm64 /Users/jonasfeischl/Library/Mobile\ Documents/com~apple~CloudDocs/XCode/Schrankenradar\ OSH/Schrankenradar\ OSH/TrafficLightView.swift (in target 'Schrankenradar OSH' from project 'Schrankenradar OSH')
    cd /Users/jonasfeischl/Library/Mobile\ Documents/com\~apple\~CloudDocs/XCode/Schrankenradar\ OSH
    

SwiftDriverJobDiscovery normal x86_64 Compiling GeopsRealtimeService.swift, JSONBinService.swift (in target 'Schrankenradar OSH' from project 'Schrankenradar OSH')

SwiftCompile normal x86_64 Compiling\ DesignSystem.swift,\ DrivingView.swift /Users/jonasfeischl/Library/Mobile\ Documents/com~apple~CloudDocs/XCode/Schrankenradar\ OSH/Schrankenradar\ OSH/DesignSystem.swift /Users/jonasfeischl/Library/Mobile\ Documents/com~apple~CloudDocs/XCode/Schrankenradar\ OSH/Schrankenradar\ OSH/DrivingView.swift (in target 'Schrankenradar OSH' from project 'Schrankenradar OSH')

SwiftCompile normal x86_64 /Users/jonasfeischl/Library/Mobile\ Documents/com~apple~CloudDocs/XCode/Schrankenradar\ OSH/Schrankenradar\ OSH/DesignSystem.swift (in target 'Schrankenradar OSH' from project 'Schrankenradar OSH')
    cd /Users/jonasfeischl/Library/Mobile\ Documents/com\~apple\~CloudDocs/XCode/Schrankenradar\ OSH
    

SwiftCompile normal x86_64 /Users/jonasfeischl/Library/Mobile\ Documents/com~apple~CloudDocs/XCode/Schrankenradar\ OSH/Schrankenradar\ OSH/DrivingView.swift (in target 'Schrankenradar OSH' from project 'Schrankenradar OSH')
    cd /Users/jonasfeischl/Library/Mobile\ Documents/com\~apple\~CloudDocs/XCode/Schrankenradar\ OSH
    

SwiftDriverJobDiscovery normal arm64 Compiling DrivingView.swift, GeopsRealtimeService.swift (in target 'Schrankenradar OSH' from project 'Schrankenradar OSH')

SwiftCompile normal arm64 Compiling\ RankUpCelebrationView.swift /Users/jonasfeischl/Library/Mobile\ Documents/com~apple~CloudDocs/XCode/Schrankenradar\ OSH/Schrankenradar\ OSH/RankUpCelebrationView.swift (in target 'Schrankenradar OSH' from project 'Schrankenradar OSH')

SwiftCompile normal arm64 /Users/jonasfeischl/Library/Mobile\ Documents/com~apple~CloudDocs/XCode/Schrankenradar\ OSH/Schrankenradar\ OSH/RankUpCelebrationView.swift (in target 'Schrankenradar OSH' from project 'Schrankenradar OSH')
    cd /Users/jonasfeischl/Library/Mobile\ Documents/com\~apple\~CloudDocs/XCode/Schrankenradar\ OSH
    

SwiftDriverJobDiscovery normal arm64 Compiling NeuralVoiceEngine.swift, RouteView.swift (in target 'Schrankenradar OSH' from project 'Schrankenradar OSH')

SwiftCompile normal x86_64 Compiling\ RankUpCelebrationView.swift /Users/jonasfeischl/Library/Mobile\ Documents/com~apple~CloudDocs/XCode/Schrankenradar\ OSH/Schrankenradar\ OSH/RankUpCelebrationView.swift (in target 'Schrankenradar OSH' from project 'Schrankenradar OSH')

SwiftCompile normal x86_64 /Users/jonasfeischl/Library/Mobile\ Documents/com~apple~CloudDocs/XCode/Schrankenradar\ OSH/Schrankenradar\ OSH/RankUpCelebrationView.swift (in target 'Schrankenradar OSH' from project 'Schrankenradar OSH')
    cd /Users/jonasfeischl/Library/Mobile\ Documents/com\~apple\~CloudDocs/XCode/Schrankenradar\ OSH
    

SwiftDriverJobDiscovery normal arm64 Compiling RankTracker.swift (in target 'Schrankenradar OSH' from project 'Schrankenradar OSH')

SwiftCompile normal x86_64 Compiling\ SchrankenModeView.swift /Users/jonasfeischl/Library/Mobile\ Documents/com~apple~CloudDocs/XCode/Schrankenradar\ OSH/Schrankenradar\ OSH/SchrankenModeView.swift (in target 'Schrankenradar OSH' from project 'Schrankenradar OSH')
SwiftCompile normal x86_64 /Users/jonasfeischl/Library/Mobile\ Documents/com~apple~CloudDocs/XCode/Schrankenradar\ OSH/Schrankenradar\ OSH/SchrankenModeView.swift (in target 'Schrankenradar OSH' from project 'Schrankenradar OSH')
    cd /Users/jonasfeischl/Library/Mobile\ Documents/com\~apple\~CloudDocs/XCode/Schrankenradar\ OSH
    

SwiftDriverJobDiscovery normal x86_64 Compiling SidebarView.swift, TrafficLightView.swift (in target 'Schrankenradar OSH' from project 'Schrankenradar OSH')

SwiftCompile normal x86_64 Compiling\ TrainAPIService.swift,\ TravelTimesCard.swift /Users/jonasfeischl/Library/Mobile\ Documents/com~apple~CloudDocs/XCode/Schrankenradar\ OSH/Schrankenradar\ OSH/TrainAPIService.swift /Users/jonasfeischl/Library/Mobile\ Documents/com~apple~CloudDocs/XCode/Schrankenradar\ OSH/Schrankenradar\ OSH/TravelTimesCard.swift (in target 'Schrankenradar OSH' from project 'Schrankenradar OSH')

SwiftCompile normal x86_64 /Users/jonasfeischl/Library/Mobile\ Documents/com~apple~CloudDocs/XCode/Schrankenradar\ OSH/Schrankenradar\ OSH/TrainAPIService.swift (in target 'Schrankenradar OSH' from project 'Schrankenradar OSH')
    cd /Users/jonasfeischl/Library/Mobile\ Documents/com\~apple\~CloudDocs/XCode/Schrankenradar\ OSH
    

SwiftCompile normal x86_64 /Users/jonasfeischl/Library/Mobile\ Documents/com~apple~CloudDocs/XCode/Schrankenradar\ OSH/Schrankenradar\ OSH/TravelTimesCard.swift (in target 'Schrankenradar OSH' from project 'Schrankenradar OSH')
    cd /Users/jonasfeischl/Library/Mobile\ Documents/com\~apple\~CloudDocs/XCode/Schrankenradar\ OSH
    

SwiftDriverJobDiscovery normal x86_64 Compiling APIComparisonView.swift, APIComparisonViewModel.swift, ContentView.swift (in target 'Schrankenradar OSH' from project 'Schrankenradar OSH')

SwiftCompile normal x86_64 Compiling\ NeuralVoiceEngine.swift,\ RouteView.swift /Users/jonasfeischl/Library/Mobile\ Documents/com~apple~CloudDocs/XCode/Schrankenradar\ OSH/Schrankenradar\ OSH/NeuralVoiceEngine.swift /Users/jonasfeischl/Library/Mobile\ Documents/com~apple~CloudDocs/XCode/Schrankenradar\ OSH/Schrankenradar\ OSH/RouteView.swift (in target 'Schrankenradar OSH' from project 'Schrankenradar OSH')

SwiftCompile normal x86_64 /Users/jonasfeischl/Library/Mobile\ Documents/com~apple~CloudDocs/XCode/Schrankenradar\ OSH/Schrankenradar\ OSH/NeuralVoiceEngine.swift (in target 'Schrankenradar OSH' from project 'Schrankenradar OSH')
    cd /Users/jonasfeischl/Library/Mobile\ Documents/com\~apple\~CloudDocs/XCode/Schrankenradar\ OSH
    

SwiftCompile normal x86_64 /Users/jonasfeischl/Library/Mobile\ Documents/com~apple~CloudDocs/XCode/Schrankenradar\ OSH/Schrankenradar\ OSH/RouteView.swift (in target 'Schrankenradar OSH' from project 'Schrankenradar OSH')
    cd /Users/jonasfeischl/Library/Mobile\ Documents/com\~apple\~CloudDocs/XCode/Schrankenradar\ OSH
    

SwiftDriverJobDiscovery normal arm64 Compiling APIComparisonView.swift, APIComparisonViewModel.swift, ContentView.swift (in target 'Schrankenradar OSH' from project 'Schrankenradar OSH')

SwiftCompile normal x86_64 Compiling\ LocationMonitor.swift,\ MVGService.swift /Users/jonasfeischl/Library/Mobile\ Documents/com~apple~CloudDocs/XCode/Schrankenradar\ OSH/Schrankenradar\ OSH/LocationMonitor.swift /Users/jonasfeischl/Library/Mobile\ Documents/com~apple~CloudDocs/XCode/Schrankenradar\ OSH/Schrankenradar\ OSH/MVGService.swift (in target 'Schrankenradar OSH' from project 'Schrankenradar OSH')

SwiftCompile normal x86_64 /Users/jonasfeischl/Library/Mobile\ Documents/com~apple~CloudDocs/XCode/Schrankenradar\ OSH/Schrankenradar\ OSH/LocationMonitor.swift (in target 'Schrankenradar OSH' from project 'Schrankenradar OSH')
    cd /Users/jonasfeischl/Library/Mobile\ Documents/com\~apple\~CloudDocs/XCode/Schrankenradar\ OSH
    

SwiftCompile normal x86_64 /Users/jonasfeischl/Library/Mobile\ Documents/com~apple~CloudDocs/XCode/Schrankenradar\ OSH/Schrankenradar\ OSH/MVGService.swift (in target 'Schrankenradar OSH' from project 'Schrankenradar OSH')
    cd /Users/jonasfeischl/Library/Mobile\ Documents/com\~apple\~CloudDocs/XCode/Schrankenradar\ OSH
    

SwiftDriverJobDiscovery normal x86_64 Compiling DesignSystem.swift, DrivingView.swift (in target 'Schrankenradar OSH' from project 'Schrankenradar OSH')

SwiftCompile normal arm64 Compiling\ RankBadgeCardView.swift /Users/jonasfeischl/Library/Mobile\ Documents/com~apple~CloudDocs/XCode/Schrankenradar\ OSH/Schrankenradar\ OSH/RankBadgeCardView.swift (in target 'Schrankenradar OSH' from project 'Schrankenradar OSH')

SwiftCompile normal arm64 /Users/jonasfeischl/Library/Mobile\ Documents/com~apple~CloudDocs/XCode/Schrankenradar\ OSH/Schrankenradar\ OSH/RankBadgeCardView.swift (in target 'Schrankenradar OSH' from project 'Schrankenradar OSH')
    cd /Users/jonasfeischl/Library/Mobile\ Documents/com\~apple\~CloudDocs/XCode/Schrankenradar\ OSH
    

SwiftDriverJobDiscovery normal arm64 Compiling RankUpCelebrationView.swift (in target 'Schrankenradar OSH' from project 'Schrankenradar OSH')

SwiftCompile normal arm64 Compiling\ DebugLogView.swift,\ DesignSystem.swift /Users/jonasfeischl/Library/Mobile\ Documents/com~apple~CloudDocs/XCode/Schrankenradar\ OSH/Schrankenradar\ OSH/DebugLogView.swift /Users/jonasfeischl/Library/Mobile\ Documents/com~apple~CloudDocs/XCode/Schrankenradar\ OSH/Schrankenradar\ OSH/DesignSystem.swift (in target 'Schrankenradar OSH' from project 'Schrankenradar OSH')

SwiftCompile normal arm64 /Users/jonasfeischl/Library/Mobile\ Documents/com~apple~CloudDocs/XCode/Schrankenradar\ OSH/Schrankenradar\ OSH/DebugLogView.swift (in target 'Schrankenradar OSH' from project 'Schrankenradar OSH')
    cd /Users/jonasfeischl/Library/Mobile\ Documents/com\~apple\~CloudDocs/XCode/Schrankenradar\ OSH
    

SwiftCompile normal arm64 /Users/jonasfeischl/Library/Mobile\ Documents/com~apple~CloudDocs/XCode/Schrankenradar\ OSH/Schrankenradar\ OSH/DesignSystem.swift (in target 'Schrankenradar OSH' from project 'Schrankenradar OSH')
    cd /Users/jonasfeischl/Library/Mobile\ Documents/com\~apple\~CloudDocs/XCode/Schrankenradar\ OSH
    

SwiftDriverJobDiscovery normal arm64 Compiling SidebarView.swift, TrafficLightView.swift (in target 'Schrankenradar OSH' from project 'Schrankenradar OSH')

SwiftCompile normal x86_64 Compiling\ RouteViewModel.swift,\ SettingsView.swift /Users/jonasfeischl/Library/Mobile\ Documents/com~apple~CloudDocs/XCode/Schrankenradar\ OSH/Schrankenradar\ OSH/RouteViewModel.swift /Users/jonasfeischl/Library/Mobile\ Documents/com~apple~CloudDocs/XCode/Schrankenradar\ OSH/Schrankenradar\ OSH/SettingsView.swift (in target 'Schrankenradar OSH' from project 'Schrankenradar OSH')
SwiftCompile normal x86_64 /Users/jonasfeischl/Library/Mobile\ Documents/com~apple~CloudDocs/XCode/Schrankenradar\ OSH/Schrankenradar\ OSH/RouteViewModel.swift (in target 'Schrankenradar OSH' from project 'Schrankenradar OSH')
    cd /Users/jonasfeischl/Library/Mobile\ Documents/com\~apple\~CloudDocs/XCode/Schrankenradar\ OSH
    

SwiftCompile normal x86_64 /Users/jonasfeischl/Library/Mobile\ Documents/com~apple~CloudDocs/XCode/Schrankenradar\ OSH/Schrankenradar\ OSH/SettingsView.swift (in target 'Schrankenradar OSH' from project 'Schrankenradar OSH')
    cd /Users/jonasfeischl/Library/Mobile\ Documents/com\~apple\~CloudDocs/XCode/Schrankenradar\ OSH
    

SwiftDriverJobDiscovery normal x86_64 Compiling RankUpCelebrationView.swift (in target 'Schrankenradar OSH' from project 'Schrankenradar OSH')

SwiftCompile normal x86_64 Compiling\ Schrankenradar_OSHApp.swift /Users/jonasfeischl/Library/Mobile\ Documents/com~apple~CloudDocs/XCode/Schrankenradar\ OSH/Schrankenradar\ OSH/Schrankenradar_OSHApp.swift (in target 'Schrankenradar OSH' from project 'Schrankenradar OSH')

SwiftCompile normal x86_64 /Users/jonasfeischl/Library/Mobile\ Documents/com~apple~CloudDocs/XCode/Schrankenradar\ OSH/Schrankenradar\ OSH/Schrankenradar_OSHApp.swift (in target 'Schrankenradar OSH' from project 'Schrankenradar OSH')
    cd /Users/jonasfeischl/Library/Mobile\ Documents/com\~apple\~CloudDocs/XCode/Schrankenradar\ OSH
    

SwiftDriverJobDiscovery normal x86_64 Compiling LocationMonitor.swift, MVGService.swift (in target 'Schrankenradar OSH' from project 'Schrankenradar OSH')

SwiftDriverJobDiscovery normal arm64 Compiling CrossingRecorder.swift, CrossingViewModel.swift, DailyPatternView.swift (in target 'Schrankenradar OSH' from project 'Schrankenradar OSH')

SwiftDriverJobDiscovery normal arm64 Compiling RouteViewModel.swift, SettingsView.swift (in target 'Schrankenradar OSH' from project 'Schrankenradar OSH')

SwiftDriverJobDiscovery normal x86_64 Compiling CrossingRecorder.swift, CrossingViewModel.swift (in target 'Schrankenradar OSH' from project 'Schrankenradar OSH')

SwiftDriverJobDiscovery normal arm64 Compiling DebugLogView.swift, DesignSystem.swift (in target 'Schrankenradar OSH' from project 'Schrankenradar OSH')

SwiftDriverJobDiscovery normal x86_64 Compiling TrainAPIService.swift, TravelTimesCard.swift (in target 'Schrankenradar OSH' from project 'Schrankenradar OSH')

SwiftDriverJobDiscovery normal arm64 Compiling RankBadgeCardView.swift (in target 'Schrankenradar OSH' from project 'Schrankenradar OSH')

SwiftDriver\ Compilation Schrankenradar\ OSH normal arm64 com.apple.xcode.tools.swift.compiler (in target 'Schrankenradar OSH' from project 'Schrankenradar OSH')
    cd /Users/jonasfeischl/Library/Mobile\ Documents/com\~apple\~CloudDocs/XCode/Schrankenradar\ OSH
    builtin-Swift-Compilation -- /Applications/Xcode.app/Contents/Developer/Toolchains/XcodeDefault.xctoolchain/usr/bin/swiftc -module-name Schrankenradar_OSH -Onone @/Users/jonasfeischl/Library/Developer/Xcode/DerivedData/Build/Intermediates.noindex/Schrankenradar\ OSH.build/Debug-iphonesimulator/Schrankenradar\ OSH.build/Objects-normal/arm64/Schrankenradar\ OSH.SwiftFileList -DDEBUG -Xcc -fmodule-map-file\=/Users/jonasfeischl/Library/Developer/Xcode/DerivedData/Build/Intermediates.noindex/GeneratedModuleMaps-iphonesimulator/OnnxRuntimeBindings.modulemap -default-isolation\=MainActor -enable-bare-slash-regex -enable-upcoming-feature DisableOutwardActorInference -enable-upcoming-feature InferSendableFromCaptures -enable-upcoming-feature GlobalActorIsolatedTypesUsability -enable-upcoming-feature MemberImportVisibility -enable-upcoming-feature InferIsolatedConformances -enable-upcoming-feature NonisolatedNonsendingByDefault -enable-experimental-feature DebugDescriptionMacro -sdk /Applications/Xcode.app/Contents/Developer/Platforms/iPhoneSimulator.platform/Developer/SDKs/iPhoneSimulator26.5.sdk -target arm64-apple-ios26.5-simulator -g -module-cache-path /Users/jonasfeischl/Library/Developer/Xcode/DerivedData/ModuleCache.noindex -Xfrontend -serialize-debugging-options -enable-testing -index-store-path /Users/jonasfeischl/Library/Developer/Xcode/DerivedData/Schrankenradar_OSH-ebqzdoyknyoypddbebsxymqcuicf/Index.noindex/DataStore -Xcc -D_LIBCPP_HARDENING_MODE\=_LIBCPP_HARDENING_MODE_DEBUG -swift-version 5 -I /Users/jonasfeischl/Library/Developer/Xcode/DerivedData/Build/Products/Debug-iphonesimulator -F /Users/jonasfeischl/Library/Developer/Xcode/DerivedData/Build/Products/Debug-iphonesimulator/PackageFrameworks -F /Users/jonasfeischl/Library/Developer/Xcode/DerivedData/Build/Products/Debug-iphonesimulator -emit-localized-strings -emit-localized-strings-path /Users/jonasfeischl/Library/Developer/Xcode/DerivedData/Build/Intermediates.noindex/Schrankenradar\ OSH.build/Debug-iphonesimulator/Schrankenradar\ OSH.build/Objects-normal/arm64 -c -j10 -enable-batch-mode -incremental -Xcc -ivfsstatcache -Xcc /Users/jonasfeischl/Library/Developer/Xcode/DerivedData/SDKStatCaches.noindex/iphonesimulator26.5-23F81a-6cfe768891a92b912361537c460fe42b.sdkstatcache -output-file-map /Users/jonasfeischl/Library/Developer/Xcode/DerivedData/Build/Intermediates.noindex/Schrankenradar\ OSH.build/Debug-iphonesimulator/Schrankenradar\ OSH.build/Objects-normal/arm64/Schrankenradar\ OSH-OutputFileMap.json -use-frontend-parseable-output -save-temps -no-color-diagnostics -explicit-module-build -module-cache-path /Users/jonasfeischl/Library/Developer/Xcode/DerivedData/Build/Intermediates.noindex/SwiftExplicitPrecompiledModules -clang-scanner-module-cache-path /Users/jonasfeischl/Library/Developer/Xcode/DerivedData/ModuleCache.noindex -sdk-module-cache-path /Users/jonasfeischl/Library/Developer/Xcode/DerivedData/ModuleCache.noindex -serialize-diagnostics -emit-dependencies -emit-module -emit-module-path /Users/jonasfeischl/Library/Developer/Xcode/DerivedData/Build/Intermediates.noindex/Schrankenradar\ OSH.build/Debug-iphonesimulator/Schrankenradar\ OSH.build/Objects-normal/arm64/Schrankenradar_OSH.swiftmodule -validate-clang-modules-once -clang-build-session-file /Users/jonasfeischl/Library/Developer/Xcode/DerivedData/ModuleCache.noindex/Session.modulevalidation -Xcc -I/Users/jonasfeischl/Library/Developer/Xcode/DerivedData/Build/Intermediates.noindex/Schrankenradar\ OSH.build/Debug-iphonesimulator/Schrankenradar\ OSH.build/swift-overrides.hmap -emit-const-values -Xfrontend -const-gather-protocols-file -Xfrontend /Users/jonasfeischl/Library/Developer/Xcode/DerivedData/Build/Intermediates.noindex/Schrankenradar\ OSH.build/Debug-iphonesimulator/Schrankenradar\ OSH.build/Objects-normal/arm64/Schrankenradar\ OSH_const_extract_protocols.json -Xcc -iquote -Xcc /Users/jonasfeischl/Library/Developer/Xcode/DerivedData/Build/Intermediates.noindex/Schrankenradar\ OSH.build/Debug-iphonesimulator/Schrankenradar\ OSH.build/Schrankenradar\ OSH-generated-files.hmap -Xcc -I/Users/jonasfeischl/Library/Developer/Xcode/DerivedData/Build/Intermediates.noindex/Schrankenradar\ OSH.build/Debug-iphonesimulator/Schrankenradar\ OSH.build/Schrankenradar\ OSH-own-target-headers.hmap -Xcc -I/Users/jonasfeischl/Library/Developer/Xcode/DerivedData/Build/Intermediates.noindex/Schrankenradar\ OSH.build/Debug-iphonesimulator/Schrankenradar\ OSH.build/Schrankenradar\ OSH-all-non-framework-target-headers.hmap -Xcc -ivfsoverlay -Xcc /Users/jonasfeischl/Library/Developer/Xcode/DerivedData/Build/Intermediates.noindex/Schrankenradar\ OSH.build/Debug-iphonesimulator/Schrankenradar\ OSH-2545c2b47f28d8a0bb173c7876f42a30-VFS-iphonesimulator/all-product-headers.yaml -Xcc -iquote -Xcc /Users/jonasfeischl/Library/Developer/Xcode/DerivedData/Build/Intermediates.noindex/Schrankenradar\ OSH.build/Debug-iphonesimulator/Schrankenradar\ OSH.build/Schrankenradar\ OSH-project-headers.hmap -Xcc -I/Users/jonasfeischl/Library/Developer/Xcode/DerivedData/Schrankenradar_OSH-ebqzdoyknyoypddbebsxymqcuicf/SourcePackages/checkouts/onnxruntime-swift-package-manager/objectivec/include -Xcc -I/Users/jonasfeischl/Library/Developer/Xcode/DerivedData/Build/Products/Debug-iphonesimulator/include -Xcc -I/Users/jonasfeischl/Library/Developer/Xcode/DerivedData/Build/Intermediates.noindex/Schrankenradar\ OSH.build/Debug-iphonesimulator/Schrankenradar\ OSH.build/DerivedSources-normal/arm64 -Xcc -I/Users/jonasfeischl/Library/Developer/Xcode/DerivedData/Build/Intermediates.noindex/Schrankenradar\ OSH.build/Debug-iphonesimulator/Schrankenradar\ OSH.build/DerivedSources/arm64 -Xcc -I/Users/jonasfeischl/Library/Developer/Xcode/DerivedData/Build/Intermediates.noindex/Schrankenradar\ OSH.build/Debug-iphonesimulator/Schrankenradar\ OSH.build/DerivedSources -Xcc -DDEBUG\=1 -emit-objc-header -emit-objc-header-path /Users/jonasfeischl/Library/Developer/Xcode/DerivedData/Build/Intermediates.noindex/Schrankenradar\ OSH.build/Debug-iphonesimulator/Schrankenradar\ OSH.build/Objects-normal/arm64/Schrankenradar_OSH-Swift.h -working-directory /Users/jonasfeischl/Library/Mobile\ Documents/com\~apple\~CloudDocs/XCode/Schrankenradar\ OSH -experimental-emit-module-separately -disable-cmo

Ld /Users/jonasfeischl/Library/Developer/Xcode/DerivedData/Build/Intermediates.noindex/Schrankenradar\ OSH.build/Debug-iphonesimulator/Schrankenradar\ OSH.build/Objects-normal/arm64/Binary/Schrankenradar\ OSH.debug.dylib normal arm64 (in target 'Schrankenradar OSH' from project 'Schrankenradar OSH')
    cd /Users/jonasfeischl/Library/Mobile\ Documents/com\~apple\~CloudDocs/XCode/Schrankenradar\ OSH
    /Applications/Xcode.app/Contents/Developer/Toolchains/XcodeDefault.xctoolchain/usr/bin/clang -Xlinker -reproducible -target arm64-apple-ios26.5-simulator -dynamiclib -isysroot /Applications/Xcode.app/Contents/Developer/Platforms/iPhoneSimulator.platform/Developer/SDKs/iPhoneSimulator26.5.sdk -O0 -L/Users/jonasfeischl/Library/Developer/Xcode/DerivedData/Build/Intermediates.noindex/EagerLinkingTBDs/Debug-iphonesimulator -L/Users/jonasfeischl/Library/Developer/Xcode/DerivedData/Build/Products/Debug-iphonesimulator -F/Users/jonasfeischl/Library/Developer/Xcode/DerivedData/Build/Intermediates.noindex/EagerLinkingTBDs/Debug-iphonesimulator -F/Users/jonasfeischl/Library/Developer/Xcode/DerivedData/Build/Products/Debug-iphonesimulator/PackageFrameworks -F/Users/jonasfeischl/Library/Developer/Xcode/DerivedData/Build/Products/Debug-iphonesimulator -filelist /Users/jonasfeischl/Library/Developer/Xcode/DerivedData/Build/Intermediates.noindex/Schrankenradar\ OSH.build/Debug-iphonesimulator/Schrankenradar\ OSH.build/Objects-normal/arm64/Schrankenradar\ OSH.LinkFileList -install_name @rpath/Schrankenradar\ OSH.debug.dylib -Xlinker -rpath -Xlinker /Users/jonasfeischl/Library/Developer/Xcode/DerivedData/Build/Products/Debug-iphonesimulator/PackageFrameworks -Xlinker -rpath -Xlinker @executable_path/Frameworks -Xlinker -dead_strip -Xlinker -object_path_lto -Xlinker /Users/jonasfeischl/Library/Developer/Xcode/DerivedData/Build/Intermediates.noindex/Schrankenradar\ OSH.build/Debug-iphonesimulator/Schrankenradar\ OSH.build/Objects-normal/arm64/Schrankenradar\ OSH_lto.o -rdynamic -Xlinker -no_deduplicate -Xlinker -objc_abi_version -Xlinker 2 -Xlinker -dependency_info -Xlinker /Users/jonasfeischl/Library/Developer/Xcode/DerivedData/Build/Intermediates.noindex/Schrankenradar\ OSH.build/Debug-iphonesimulator/Schrankenradar\ OSH.build/Objects-normal/arm64/Schrankenradar\ OSH_dependency_info.dat -fobjc-link-runtime -L/Applications/Xcode.app/Contents/Developer/Toolchains/XcodeDefault.xctoolchain/usr/lib/swift/iphonesimulator -L/usr/lib/swift -Xlinker -add_ast_path -Xlinker /Users/jonasfeischl/Library/Developer/Xcode/DerivedData/Build/Intermediates.noindex/Schrankenradar\ OSH.build/Debug-iphonesimulator/Schrankenradar\ OSH.build/Objects-normal/arm64/Schrankenradar_OSH.swiftmodule @/Users/jonasfeischl/Library/Developer/Xcode/DerivedData/Build/Intermediates.noindex/Schrankenradar\ OSH.build/Debug-iphonesimulator/Schrankenradar\ OSH.build/Objects-normal/arm64/Schrankenradar_OSH-linker-args.resp -lc++ -Wl,-no_warn_duplicate_libraries -Xlinker -alias -Xlinker _main -Xlinker ___debug_main_executable_dylib_entry_point -framework onnxruntime -Xlinker -no_adhoc_codesign -o /Users/jonasfeischl/Library/Developer/Xcode/DerivedData/Build/Intermediates.noindex/Schrankenradar\ OSH.build/Debug-iphonesimulator/Schrankenradar\ OSH.build/Objects-normal/arm64/Binary/Schrankenradar\ OSH.debug.dylib

SwiftDriverJobDiscovery normal x86_64 Compiling NeuralVoiceEngine.swift, RouteView.swift (in target 'Schrankenradar OSH' from project 'Schrankenradar OSH')

ConstructStubExecutorLinkFileList /Users/jonasfeischl/Library/Developer/Xcode/DerivedData/Build/Intermediates.noindex/Schrankenradar\ OSH.build/Debug-iphonesimulator/Schrankenradar\ OSH.build/Schrankenradar\ OSH-ExecutorLinkFileList-normal-arm64.txt (in target 'Schrankenradar OSH' from project 'Schrankenradar OSH')
    cd /Users/jonasfeischl/Library/Mobile\ Documents/com\~apple\~CloudDocs/XCode/Schrankenradar\ OSH
    construct-stub-executor-link-file-list /Users/jonasfeischl/Library/Developer/Xcode/DerivedData/Build/Intermediates.noindex/Schrankenradar\ OSH.build/Debug-iphonesimulator/Schrankenradar\ OSH.build/Objects-normal/arm64/Binary/Schrankenradar\ OSH.debug.dylib /Applications/Xcode.app/Contents/Developer/Platforms/iPhoneSimulator.platform/Developer/usr/lib/libPreviewsJITStubExecutor_no_swift_entry_point.a /Applications/Xcode.app/Contents/Developer/Platforms/iPhoneSimulator.platform/Developer/usr/lib/libPreviewsJITStubExecutor.a --output /Users/jonasfeischl/Library/Developer/Xcode/DerivedData/Build/Intermediates.noindex/Schrankenradar\ OSH.build/Debug-iphonesimulator/Schrankenradar\ OSH.build/Schrankenradar\ OSH-ExecutorLinkFileList-normal-arm64.txt
note: Using stub executor library with Swift entry point. (in target 'Schrankenradar OSH' from project 'Schrankenradar OSH')

Ld /Users/jonasfeischl/Library/Developer/Xcode/DerivedData/Build/Intermediates.noindex/Schrankenradar\ OSH.build/Debug-iphonesimulator/Schrankenradar\ OSH.build/Objects-normal/arm64/Binary/Schrankenradar\ OSH normal arm64 (in target 'Schrankenradar OSH' from project 'Schrankenradar OSH')
    cd /Users/jonasfeischl/Library/Mobile\ Documents/com\~apple\~CloudDocs/XCode/Schrankenradar\ OSH
    /Applications/Xcode.app/Contents/Developer/Toolchains/XcodeDefault.xctoolchain/usr/bin/clang -Xlinker -reproducible -target arm64-apple-ios26.5-simulator -isysroot /Applications/Xcode.app/Contents/Developer/Platforms/iPhoneSimulator.platform/Developer/SDKs/iPhoneSimulator26.5.sdk -O0 -L/Users/jonasfeischl/Library/Developer/Xcode/DerivedData/Build/Products/Debug-iphonesimulator -F/Users/jonasfeischl/Library/Developer/Xcode/DerivedData/Build/Products/Debug-iphonesimulator/PackageFrameworks -F/Users/jonasfeischl/Library/Developer/Xcode/DerivedData/Build/Products/Debug-iphonesimulator -Xlinker -rpath -Xlinker @executable_path -Xlinker -rpath -Xlinker /Users/jonasfeischl/Library/Developer/Xcode/DerivedData/Build/Products/Debug-iphonesimulator/PackageFrameworks -Xlinker -rpath -Xlinker @executable_path/Frameworks -rdynamic -Xlinker -no_deduplicate -Xlinker -objc_abi_version -Xlinker 2 -e ___debug_blank_executor_main -Xlinker -sectcreate -Xlinker __TEXT -Xlinker __debug_dylib -Xlinker /Users/jonasfeischl/Library/Developer/Xcode/DerivedData/Build/Intermediates.noindex/Schrankenradar\ OSH.build/Debug-iphonesimulator/Schrankenradar\ OSH.build/Schrankenradar\ OSH-DebugDylibPath-normal-arm64.txt -Xlinker -sectcreate -Xlinker __TEXT -Xlinker __debug_instlnm -Xlinker /Users/jonasfeischl/Library/Developer/Xcode/DerivedData/Build/Intermediates.noindex/Schrankenradar\ OSH.build/Debug-iphonesimulator/Schrankenradar\ OSH.build/Schrankenradar\ OSH-DebugDylibInstallName-normal-arm64.txt -Xlinker -filelist -Xlinker /Users/jonasfeischl/Library/Developer/Xcode/DerivedData/Build/Intermediates.noindex/Schrankenradar\ OSH.build/Debug-iphonesimulator/Schrankenradar\ OSH.build/Schrankenradar\ OSH-ExecutorLinkFileList-normal-arm64.txt -Xlinker -sectcreate -Xlinker __TEXT -Xlinker __entitlements -Xlinker /Users/jonasfeischl/Library/Developer/Xcode/DerivedData/Build/Intermediates.noindex/Schrankenradar\ OSH.build/Debug-iphonesimulator/Schrankenradar\ OSH.build/Schrankenradar\ OSH.app-Simulated.xcent -Xlinker -sectcreate -Xlinker __TEXT -Xlinker __ents_der -Xlinker /Users/jonasfeischl/Library/Developer/Xcode/DerivedData/Build/Intermediates.noindex/Schrankenradar\ OSH.build/Debug-iphonesimulator/Schrankenradar\ OSH.build/Schrankenradar\ OSH.app-Simulated.xcent.der /Users/jonasfeischl/Library/Developer/Xcode/DerivedData/Build/Intermediates.noindex/Schrankenradar\ OSH.build/Debug-iphonesimulator/Schrankenradar\ OSH.build/Objects-normal/arm64/Binary/Schrankenradar\ OSH.debug.dylib -Xlinker -no_adhoc_codesign -o /Users/jonasfeischl/Library/Developer/Xcode/DerivedData/Build/Intermediates.noindex/Schrankenradar\ OSH.build/Debug-iphonesimulator/Schrankenradar\ OSH.build/Objects-normal/arm64/Binary/Schrankenradar\ OSH

SwiftDriverJobDiscovery normal x86_64 Compiling SchrankenModeView.swift (in target 'Schrankenradar OSH' from project 'Schrankenradar OSH')

SwiftCompile normal x86_64 Compiling\ LaunchScreenView.swift /Users/jonasfeischl/Library/Mobile\ Documents/com~apple~CloudDocs/XCode/Schrankenradar\ OSH/Schrankenradar\ OSH/LaunchScreenView.swift (in target 'Schrankenradar OSH' from project 'Schrankenradar OSH')
SwiftCompile normal x86_64 /Users/jonasfeischl/Library/Mobile\ Documents/com~apple~CloudDocs/XCode/Schrankenradar\ OSH/Schrankenradar\ OSH/LaunchScreenView.swift (in target 'Schrankenradar OSH' from project 'Schrankenradar OSH')
    cd /Users/jonasfeischl/Library/Mobile\ Documents/com\~apple\~CloudDocs/XCode/Schrankenradar\ OSH
    

SwiftDriverJobDiscovery normal x86_64 Compiling Schrankenradar_OSHApp.swift (in target 'Schrankenradar OSH' from project 'Schrankenradar OSH')

SwiftDriverJobDiscovery normal x86_64 Compiling RouteViewModel.swift, SettingsView.swift (in target 'Schrankenradar OSH' from project 'Schrankenradar OSH')

SwiftDriverJobDiscovery normal x86_64 Compiling LaunchScreenView.swift (in target 'Schrankenradar OSH' from project 'Schrankenradar OSH')

SwiftDriver\ Compilation Schrankenradar\ OSH normal x86_64 com.apple.xcode.tools.swift.compiler (in target 'Schrankenradar OSH' from project 'Schrankenradar OSH')
    cd /Users/jonasfeischl/Library/Mobile\ Documents/com\~apple\~CloudDocs/XCode/Schrankenradar\ OSH
    builtin-Swift-Compilation -- /Applications/Xcode.app/Contents/Developer/Toolchains/XcodeDefault.xctoolchain/usr/bin/swiftc -module-name Schrankenradar_OSH -Onone @/Users/jonasfeischl/Library/Developer/Xcode/DerivedData/Build/Intermediates.noindex/Schrankenradar\ OSH.build/Debug-iphonesimulator/Schrankenradar\ OSH.build/Objects-normal/x86_64/Schrankenradar\ OSH.SwiftFileList -DDEBUG -Xcc -fmodule-map-file\=/Users/jonasfeischl/Library/Developer/Xcode/DerivedData/Build/Intermediates.noindex/GeneratedModuleMaps-iphonesimulator/OnnxRuntimeBindings.modulemap -default-isolation\=MainActor -enable-bare-slash-regex -enable-upcoming-feature DisableOutwardActorInference -enable-upcoming-feature InferSendableFromCaptures -enable-upcoming-feature GlobalActorIsolatedTypesUsability -enable-upcoming-feature MemberImportVisibility -enable-upcoming-feature InferIsolatedConformances -enable-upcoming-feature NonisolatedNonsendingByDefault -enable-experimental-feature DebugDescriptionMacro -sdk /Applications/Xcode.app/Contents/Developer/Platforms/iPhoneSimulator.platform/Developer/SDKs/iPhoneSimulator26.5.sdk -target x86_64-apple-ios26.5-simulator -g -module-cache-path /Users/jonasfeischl/Library/Developer/Xcode/DerivedData/ModuleCache.noindex -Xfrontend -serialize-debugging-options -enable-testing -index-store-path /Users/jonasfeischl/Library/Developer/Xcode/DerivedData/Schrankenradar_OSH-ebqzdoyknyoypddbebsxymqcuicf/Index.noindex/DataStore -Xcc -D_LIBCPP_HARDENING_MODE\=_LIBCPP_HARDENING_MODE_DEBUG -swift-version 5 -I /Users/jonasfeischl/Library/Developer/Xcode/DerivedData/Build/Products/Debug-iphonesimulator -F /Users/jonasfeischl/Library/Developer/Xcode/DerivedData/Build/Products/Debug-iphonesimulator/PackageFrameworks -F /Users/jonasfeischl/Library/Developer/Xcode/DerivedData/Build/Products/Debug-iphonesimulator -emit-localized-strings -emit-localized-strings-path /Users/jonasfeischl/Library/Developer/Xcode/DerivedData/Build/Intermediates.noindex/Schrankenradar\ OSH.build/Debug-iphonesimulator/Schrankenradar\ OSH.build/Objects-normal/x86_64 -c -j10 -enable-batch-mode -incremental -Xcc -ivfsstatcache -Xcc /Users/jonasfeischl/Library/Developer/Xcode/DerivedData/SDKStatCaches.noindex/iphonesimulator26.5-23F81a-6cfe768891a92b912361537c460fe42b.sdkstatcache -output-file-map /Users/jonasfeischl/Library/Developer/Xcode/DerivedData/Build/Intermediates.noindex/Schrankenradar\ OSH.build/Debug-iphonesimulator/Schrankenradar\ OSH.build/Objects-normal/x86_64/Schrankenradar\ OSH-OutputFileMap.json -use-frontend-parseable-output -save-temps -no-color-diagnostics -explicit-module-build -module-cache-path /Users/jonasfeischl/Library/Developer/Xcode/DerivedData/Build/Intermediates.noindex/SwiftExplicitPrecompiledModules -clang-scanner-module-cache-path /Users/jonasfeischl/Library/Developer/Xcode/DerivedData/ModuleCache.noindex -sdk-module-cache-path /Users/jonasfeischl/Library/Developer/Xcode/DerivedData/ModuleCache.noindex -serialize-diagnostics -emit-dependencies -emit-module -emit-module-path /Users/jonasfeischl/Library/Developer/Xcode/DerivedData/Build/Intermediates.noindex/Schrankenradar\ OSH.build/Debug-iphonesimulator/Schrankenradar\ OSH.build/Objects-normal/x86_64/Schrankenradar_OSH.swiftmodule -validate-clang-modules-once -clang-build-session-file /Users/jonasfeischl/Library/Developer/Xcode/DerivedData/ModuleCache.noindex/Session.modulevalidation -Xcc -I/Users/jonasfeischl/Library/Developer/Xcode/DerivedData/Build/Intermediates.noindex/Schrankenradar\ OSH.build/Debug-iphonesimulator/Schrankenradar\ OSH.build/swift-overrides.hmap -emit-const-values -Xfrontend -const-gather-protocols-file -Xfrontend /Users/jonasfeischl/Library/Developer/Xcode/DerivedData/Build/Intermediates.noindex/Schrankenradar\ OSH.build/Debug-iphonesimulator/Schrankenradar\ OSH.build/Objects-normal/x86_64/Schrankenradar\ OSH_const_extract_protocols.json -Xcc -iquote -Xcc /Users/jonasfeischl/Library/Developer/Xcode/DerivedData/Build/Intermediates.noindex/Schrankenradar\ OSH.build/Debug-iphonesimulator/Schrankenradar\ OSH.build/Schrankenradar\ OSH-generated-files.hmap -Xcc -I/Users/jonasfeischl/Library/Developer/Xcode/DerivedData/Build/Intermediates.noindex/Schrankenradar\ OSH.build/Debug-iphonesimulator/Schrankenradar\ OSH.build/Schrankenradar\ OSH-own-target-headers.hmap -Xcc -I/Users/jonasfeischl/Library/Developer/Xcode/DerivedData/Build/Intermediates.noindex/Schrankenradar\ OSH.build/Debug-iphonesimulator/Schrankenradar\ OSH.build/Schrankenradar\ OSH-all-non-framework-target-headers.hmap -Xcc -ivfsoverlay -Xcc /Users/jonasfeischl/Library/Developer/Xcode/DerivedData/Build/Intermediates.noindex/Schrankenradar\ OSH.build/Debug-iphonesimulator/Schrankenradar\ OSH-2545c2b47f28d8a0bb173c7876f42a30-VFS-iphonesimulator/all-product-headers.yaml -Xcc -iquote -Xcc /Users/jonasfeischl/Library/Developer/Xcode/DerivedData/Build/Intermediates.noindex/Schrankenradar\ OSH.build/Debug-iphonesimulator/Schrankenradar\ OSH.build/Schrankenradar\ OSH-project-headers.hmap -Xcc -I/Users/jonasfeischl/Library/Developer/Xcode/DerivedData/Schrankenradar_OSH-ebqzdoyknyoypddbebsxymqcuicf/SourcePackages/checkouts/onnxruntime-swift-package-manager/objectivec/include -Xcc -I/Users/jonasfeischl/Library/Developer/Xcode/DerivedData/Build/Products/Debug-iphonesimulator/include -Xcc -I/Users/jonasfeischl/Library/Developer/Xcode/DerivedData/Build/Intermediates.noindex/Schrankenradar\ OSH.build/Debug-iphonesimulator/Schrankenradar\ OSH.build/DerivedSources-normal/x86_64 -Xcc -I/Users/jonasfeischl/Library/Developer/Xcode/DerivedData/Build/Intermediates.noindex/Schrankenradar\ OSH.build/Debug-iphonesimulator/Schrankenradar\ OSH.build/DerivedSources/x86_64 -Xcc -I/Users/jonasfeischl/Library/Developer/Xcode/DerivedData/Build/Intermediates.noindex/Schrankenradar\ OSH.build/Debug-iphonesimulator/Schrankenradar\ OSH.build/DerivedSources -Xcc -DDEBUG\=1 -emit-objc-header -emit-objc-header-path /Users/jonasfeischl/Library/Developer/Xcode/DerivedData/Build/Intermediates.noindex/Schrankenradar\ OSH.build/Debug-iphonesimulator/Schrankenradar\ OSH.build/Objects-normal/x86_64/Schrankenradar_OSH-Swift.h -working-directory /Users/jonasfeischl/Library/Mobile\ Documents/com\~apple\~CloudDocs/XCode/Schrankenradar\ OSH -experimental-emit-module-separately -disable-cmo

Ld /Users/jonasfeischl/Library/Developer/Xcode/DerivedData/Build/Intermediates.noindex/Schrankenradar\ OSH.build/Debug-iphonesimulator/Schrankenradar\ OSH.build/Objects-normal/x86_64/Binary/Schrankenradar\ OSH.debug.dylib normal x86_64 (in target 'Schrankenradar OSH' from project 'Schrankenradar OSH')
    cd /Users/jonasfeischl/Library/Mobile\ Documents/com\~apple\~CloudDocs/XCode/Schrankenradar\ OSH
    /Applications/Xcode.app/Contents/Developer/Toolchains/XcodeDefault.xctoolchain/usr/bin/clang -Xlinker -reproducible -target x86_64-apple-ios26.5-simulator -dynamiclib -isysroot /Applications/Xcode.app/Contents/Developer/Platforms/iPhoneSimulator.platform/Developer/SDKs/iPhoneSimulator26.5.sdk -O0 -L/Users/jonasfeischl/Library/Developer/Xcode/DerivedData/Build/Intermediates.noindex/EagerLinkingTBDs/Debug-iphonesimulator -L/Users/jonasfeischl/Library/Developer/Xcode/DerivedData/Build/Products/Debug-iphonesimulator -F/Users/jonasfeischl/Library/Developer/Xcode/DerivedData/Build/Intermediates.noindex/EagerLinkingTBDs/Debug-iphonesimulator -F/Users/jonasfeischl/Library/Developer/Xcode/DerivedData/Build/Products/Debug-iphonesimulator/PackageFrameworks -F/Users/jonasfeischl/Library/Developer/Xcode/DerivedData/Build/Products/Debug-iphonesimulator -filelist /Users/jonasfeischl/Library/Developer/Xcode/DerivedData/Build/Intermediates.noindex/Schrankenradar\ OSH.build/Debug-iphonesimulator/Schrankenradar\ OSH.build/Objects-normal/x86_64/Schrankenradar\ OSH.LinkFileList -install_name @rpath/Schrankenradar\ OSH.debug.dylib -Xlinker -rpath -Xlinker /Users/jonasfeischl/Library/Developer/Xcode/DerivedData/Build/Products/Debug-iphonesimulator/PackageFrameworks -Xlinker -rpath -Xlinker @executable_path/Frameworks -Xlinker -dead_strip -Xlinker -object_path_lto -Xlinker /Users/jonasfeischl/Library/Developer/Xcode/DerivedData/Build/Intermediates.noindex/Schrankenradar\ OSH.build/Debug-iphonesimulator/Schrankenradar\ OSH.build/Objects-normal/x86_64/Schrankenradar\ OSH_lto.o -rdynamic -Xlinker -no_deduplicate -Xlinker -objc_abi_version -Xlinker 2 -Xlinker -dependency_info -Xlinker /Users/jonasfeischl/Library/Developer/Xcode/DerivedData/Build/Intermediates.noindex/Schrankenradar\ OSH.build/Debug-iphonesimulator/Schrankenradar\ OSH.build/Objects-normal/x86_64/Schrankenradar\ OSH_dependency_info.dat -fobjc-link-runtime -L/Applications/Xcode.app/Contents/Developer/Toolchains/XcodeDefault.xctoolchain/usr/lib/swift/iphonesimulator -L/usr/lib/swift -Xlinker -add_ast_path -Xlinker /Users/jonasfeischl/Library/Developer/Xcode/DerivedData/Build/Intermediates.noindex/Schrankenradar\ OSH.build/Debug-iphonesimulator/Schrankenradar\ OSH.build/Objects-normal/x86_64/Schrankenradar_OSH.swiftmodule @/Users/jonasfeischl/Library/Developer/Xcode/DerivedData/Build/Intermediates.noindex/Schrankenradar\ OSH.build/Debug-iphonesimulator/Schrankenradar\ OSH.build/Objects-normal/x86_64/Schrankenradar_OSH-linker-args.resp -lc++ -Wl,-no_warn_duplicate_libraries -Xlinker -alias -Xlinker _main -Xlinker ___debug_main_executable_dylib_entry_point -framework onnxruntime -Xlinker -no_adhoc_codesign -o /Users/jonasfeischl/Library/Developer/Xcode/DerivedData/Build/Intermediates.noindex/Schrankenradar\ OSH.build/Debug-iphonesimulator/Schrankenradar\ OSH.build/Objects-normal/x86_64/Binary/Schrankenradar\ OSH.debug.dylib

ConstructStubExecutorLinkFileList /Users/jonasfeischl/Library/Developer/Xcode/DerivedData/Build/Intermediates.noindex/Schrankenradar\ OSH.build/Debug-iphonesimulator/Schrankenradar\ OSH.build/Schrankenradar\ OSH-ExecutorLinkFileList-normal-x86_64.txt (in target 'Schrankenradar OSH' from project 'Schrankenradar OSH')
    cd /Users/jonasfeischl/Library/Mobile\ Documents/com\~apple\~CloudDocs/XCode/Schrankenradar\ OSH
    construct-stub-executor-link-file-list /Users/jonasfeischl/Library/Developer/Xcode/DerivedData/Build/Intermediates.noindex/Schrankenradar\ OSH.build/Debug-iphonesimulator/Schrankenradar\ OSH.build/Objects-normal/x86_64/Binary/Schrankenradar\ OSH.debug.dylib /Applications/Xcode.app/Contents/Developer/Platforms/iPhoneSimulator.platform/Developer/usr/lib/libPreviewsJITStubExecutor_no_swift_entry_point.a /Applications/Xcode.app/Contents/Developer/Platforms/iPhoneSimulator.platform/Developer/usr/lib/libPreviewsJITStubExecutor.a --output /Users/jonasfeischl/Library/Developer/Xcode/DerivedData/Build/Intermediates.noindex/Schrankenradar\ OSH.build/Debug-iphonesimulator/Schrankenradar\ OSH.build/Schrankenradar\ OSH-ExecutorLinkFileList-normal-x86_64.txt
note: Using stub executor library with Swift entry point. (in target 'Schrankenradar OSH' from project 'Schrankenradar OSH')

CreateUniversalBinary /Users/jonasfeischl/Library/Developer/Xcode/DerivedData/Build/Products/Debug-iphonesimulator/Schrankenradar\ OSH.app/Schrankenradar\ OSH.debug.dylib normal arm64\ x86_64 (in target 'Schrankenradar OSH' from project 'Schrankenradar OSH')
    cd /Users/jonasfeischl/Library/Mobile\ Documents/com\~apple\~CloudDocs/XCode/Schrankenradar\ OSH
    /Applications/Xcode.app/Contents/Developer/Toolchains/XcodeDefault.xctoolchain/usr/bin/lipo -create /Users/jonasfeischl/Library/Developer/Xcode/DerivedData/Build/Intermediates.noindex/Schrankenradar\ OSH.build/Debug-iphonesimulator/Schrankenradar\ OSH.build/Objects-normal/arm64/Binary/Schrankenradar\ OSH.debug.dylib /Users/jonasfeischl/Library/Developer/Xcode/DerivedData/Build/Intermediates.noindex/Schrankenradar\ OSH.build/Debug-iphonesimulator/Schrankenradar\ OSH.build/Objects-normal/x86_64/Binary/Schrankenradar\ OSH.debug.dylib -output /Users/jonasfeischl/Library/Developer/Xcode/DerivedData/Build/Products/Debug-iphonesimulator/Schrankenradar\ OSH.app/Schrankenradar\ OSH.debug.dylib

Ld /Users/jonasfeischl/Library/Developer/Xcode/DerivedData/Build/Intermediates.noindex/Schrankenradar\ OSH.build/Debug-iphonesimulator/Schrankenradar\ OSH.build/Objects-normal/x86_64/Binary/Schrankenradar\ OSH normal x86_64 (in target 'Schrankenradar OSH' from project 'Schrankenradar OSH')
    cd /Users/jonasfeischl/Library/Mobile\ Documents/com\~apple\~CloudDocs/XCode/Schrankenradar\ OSH
    /Applications/Xcode.app/Contents/Developer/Toolchains/XcodeDefault.xctoolchain/usr/bin/clang -Xlinker -reproducible -target x86_64-apple-ios26.5-simulator -isysroot /Applications/Xcode.app/Contents/Developer/Platforms/iPhoneSimulator.platform/Developer/SDKs/iPhoneSimulator26.5.sdk -O0 -L/Users/jonasfeischl/Library/Developer/Xcode/DerivedData/Build/Products/Debug-iphonesimulator -F/Users/jonasfeischl/Library/Developer/Xcode/DerivedData/Build/Products/Debug-iphonesimulator/PackageFrameworks -F/Users/jonasfeischl/Library/Developer/Xcode/DerivedData/Build/Products/Debug-iphonesimulator -Xlinker -rpath -Xlinker @executable_path -Xlinker -rpath -Xlinker /Users/jonasfeischl/Library/Developer/Xcode/DerivedData/Build/Products/Debug-iphonesimulator/PackageFrameworks -Xlinker -rpath -Xlinker @executable_path/Frameworks -rdynamic -Xlinker -no_deduplicate -Xlinker -objc_abi_version -Xlinker 2 -e ___debug_blank_executor_main -Xlinker -sectcreate -Xlinker __TEXT -Xlinker __debug_dylib -Xlinker /Users/jonasfeischl/Library/Developer/Xcode/DerivedData/Build/Intermediates.noindex/Schrankenradar\ OSH.build/Debug-iphonesimulator/Schrankenradar\ OSH.build/Schrankenradar\ OSH-DebugDylibPath-normal-x86_64.txt -Xlinker -sectcreate -Xlinker __TEXT -Xlinker __debug_instlnm -Xlinker /Users/jonasfeischl/Library/Developer/Xcode/DerivedData/Build/Intermediates.noindex/Schrankenradar\ OSH.build/Debug-iphonesimulator/Schrankenradar\ OSH.build/Schrankenradar\ OSH-DebugDylibInstallName-normal-x86_64.txt -Xlinker -filelist -Xlinker /Users/jonasfeischl/Library/Developer/Xcode/DerivedData/Build/Intermediates.noindex/Schrankenradar\ OSH.build/Debug-iphonesimulator/Schrankenradar\ OSH.build/Schrankenradar\ OSH-ExecutorLinkFileList-normal-x86_64.txt -Xlinker -sectcreate -Xlinker __TEXT -Xlinker __entitlements -Xlinker /Users/jonasfeischl/Library/Developer/Xcode/DerivedData/Build/Intermediates.noindex/Schrankenradar\ OSH.build/Debug-iphonesimulator/Schrankenradar\ OSH.build/Schrankenradar\ OSH.app-Simulated.xcent -Xlinker -sectcreate -Xlinker __TEXT -Xlinker __ents_der -Xlinker /Users/jonasfeischl/Library/Developer/Xcode/DerivedData/Build/Intermediates.noindex/Schrankenradar\ OSH.build/Debug-iphonesimulator/Schrankenradar\ OSH.build/Schrankenradar\ OSH.app-Simulated.xcent.der /Users/jonasfeischl/Library/Developer/Xcode/DerivedData/Build/Intermediates.noindex/Schrankenradar\ OSH.build/Debug-iphonesimulator/Schrankenradar\ OSH.build/Objects-normal/x86_64/Binary/Schrankenradar\ OSH.debug.dylib -Xlinker -no_adhoc_codesign -o /Users/jonasfeischl/Library/Developer/Xcode/DerivedData/Build/Intermediates.noindex/Schrankenradar\ OSH.build/Debug-iphonesimulator/Schrankenradar\ OSH.build/Objects-normal/x86_64/Binary/Schrankenradar\ OSH

CreateUniversalBinary /Users/jonasfeischl/Library/Developer/Xcode/DerivedData/Build/Products/Debug-iphonesimulator/Schrankenradar\ OSH.app/Schrankenradar\ OSH normal arm64\ x86_64 (in target 'Schrankenradar OSH' from project 'Schrankenradar OSH')
    cd /Users/jonasfeischl/Library/Mobile\ Documents/com\~apple\~CloudDocs/XCode/Schrankenradar\ OSH
    /Applications/Xcode.app/Contents/Developer/Toolchains/XcodeDefault.xctoolchain/usr/bin/lipo -create /Users/jonasfeischl/Library/Developer/Xcode/DerivedData/Build/Intermediates.noindex/Schrankenradar\ OSH.build/Debug-iphonesimulator/Schrankenradar\ OSH.build/Objects-normal/arm64/Binary/Schrankenradar\ OSH /Users/jonasfeischl/Library/Developer/Xcode/DerivedData/Build/Intermediates.noindex/Schrankenradar\ OSH.build/Debug-iphonesimulator/Schrankenradar\ OSH.build/Objects-normal/x86_64/Binary/Schrankenradar\ OSH -output /Users/jonasfeischl/Library/Developer/Xcode/DerivedData/Build/Products/Debug-iphonesimulator/Schrankenradar\ OSH.app/Schrankenradar\ OSH

ExtractAppIntentsMetadata (in target 'Schrankenradar OSH' from project 'Schrankenradar OSH')
    cd /Users/jonasfeischl/Library/Mobile\ Documents/com\~apple\~CloudDocs/XCode/Schrankenradar\ OSH
    /Applications/Xcode.app/Contents/Developer/Toolchains/XcodeDefault.xctoolchain/usr/bin/appintentsmetadataprocessor --toolchain-dir /Applications/Xcode.app/Contents/Developer/Toolchains/XcodeDefault.xctoolchain --module-name Schrankenradar_OSH --sdk-root /Applications/Xcode.app/Contents/Developer/Platforms/iPhoneSimulator.platform/Developer/SDKs/iPhoneSimulator26.5.sdk --xcode-version 17F113 --platform-family iOS --deployment-target 26.5 --bundle-identifier com.Jonas.Schrankenradar-OSH --output /Users/jonasfeischl/Library/Developer/Xcode/DerivedData/Build/Products/Debug-iphonesimulator/Schrankenradar\ OSH.app --target-triple arm64-apple-ios26.5-simulator --target-triple x86_64-apple-ios26.5-simulator --binary-file /Users/jonasfeischl/Library/Developer/Xcode/DerivedData/Build/Products/Debug-iphonesimulator/Schrankenradar\ OSH.app/Schrankenradar\ OSH --dependency-file /Users/jonasfeischl/Library/Developer/Xcode/DerivedData/Build/Intermediates.noindex/Schrankenradar\ OSH.build/Debug-iphonesimulator/Schrankenradar\ OSH.build/Objects-normal/arm64/Schrankenradar\ OSH_dependency_info.dat --dependency-file /Users/jonasfeischl/Library/Developer/Xcode/DerivedData/Build/Intermediates.noindex/Schrankenradar\ OSH.build/Debug-iphonesimulator/Schrankenradar\ OSH.build/Objects-normal/x86_64/Schrankenradar\ OSH_dependency_info.dat --stringsdata-file /Users/jonasfeischl/Library/Developer/Xcode/DerivedData/Build/Intermediates.noindex/Schrankenradar\ OSH.build/Debug-iphonesimulator/Schrankenradar\ OSH.build/Objects-normal/arm64/ExtractedAppShortcutsMetadata.stringsdata --stringsdata-file /Users/jonasfeischl/Library/Developer/Xcode/DerivedData/Build/Intermediates.noindex/Schrankenradar\ OSH.build/Debug-iphonesimulator/Schrankenradar\ OSH.build/Objects-normal/x86_64/ExtractedAppShortcutsMetadata.stringsdata --source-file-list /Users/jonasfeischl/Library/Developer/Xcode/DerivedData/Build/Intermediates.noindex/Schrankenradar\ OSH.build/Debug-iphonesimulator/Schrankenradar\ OSH.build/Objects-normal/arm64/Schrankenradar\ OSH.SwiftFileList --source-file-list /Users/jonasfeischl/Library/Developer/Xcode/DerivedData/Build/Intermediates.noindex/Schrankenradar\ OSH.build/Debug-iphonesimulator/Schrankenradar\ OSH.build/Objects-normal/x86_64/Schrankenradar\ OSH.SwiftFileList --metadata-file-list /Users/jonasfeischl/Library/Developer/Xcode/DerivedData/Build/Intermediates.noindex/Schrankenradar\ OSH.build/Debug-iphonesimulator/Schrankenradar\ OSH.build/Schrankenradar\ OSH.DependencyMetadataFileList --static-metadata-file-list /Users/jonasfeischl/Library/Developer/Xcode/DerivedData/Build/Intermediates.noindex/Schrankenradar\ OSH.build/Debug-iphonesimulator/Schrankenradar\ OSH.build/Schrankenradar\ OSH.DependencyStaticMetadataFileList --swift-const-vals-list /Users/jonasfeischl/Library/Developer/Xcode/DerivedData/Build/Intermediates.noindex/Schrankenradar\ OSH.build/Debug-iphonesimulator/Schrankenradar\ OSH.build/Objects-normal/arm64/Schrankenradar\ OSH.SwiftConstValuesFileList --swift-const-vals-list /Users/jonasfeischl/Library/Developer/Xcode/DerivedData/Build/Intermediates.noindex/Schrankenradar\ OSH.build/Debug-iphonesimulator/Schrankenradar\ OSH.build/Objects-normal/x86_64/Schrankenradar\ OSH.SwiftConstValuesFileList --compile-time-extraction --deployment-aware-processing --validate-assistant-intents --no-app-shortcuts-localization
2026-09-20 19:46:45.951 appintentsmetadataprocessor[30740:21175811] Starting appintentsmetadataprocessor export
2026-09-20 19:46:45.995 appintentsmetadataprocessor[30740:21175811] Writing Metadata.appintents
2026-09-20 19:46:45.995 appintentsmetadataprocessor[30740:21175811] Metadata root: /Users/jonasfeischl/Library/Developer/Xcode/DerivedData/Build/Products/Debug-iphonesimulator/Schrankenradar OSH.app/Metadata.appintents

CopySwiftLibs /Users/jonasfeischl/Library/Developer/Xcode/DerivedData/Build/Products/Debug-iphonesimulator/Schrankenradar\ OSH.app (in target 'Schrankenradar OSH' from project 'Schrankenradar OSH')
    cd /Users/jonasfeischl/Library/Mobile\ Documents/com\~apple\~CloudDocs/XCode/Schrankenradar\ OSH
    builtin-swiftStdLibTool --copy --verbose --sign - --scan-executable /Users/jonasfeischl/Library/Developer/Xcode/DerivedData/Build/Products/Debug-iphonesimulator/Schrankenradar\ OSH.app/Schrankenradar\ OSH.debug.dylib --scan-folder /Users/jonasfeischl/Library/Developer/Xcode/DerivedData/Build/Products/Debug-iphonesimulator/Schrankenradar\ OSH.app/Frameworks --scan-folder /Users/jonasfeischl/Library/Developer/Xcode/DerivedData/Build/Products/Debug-iphonesimulator/Schrankenradar\ OSH.app/PlugIns --scan-folder /Users/jonasfeischl/Library/Developer/Xcode/DerivedData/Build/Products/Debug-iphonesimulator/Schrankenradar\ OSH.app/SystemExtensions --scan-folder /Users/jonasfeischl/Library/Developer/Xcode/DerivedData/Build/Products/Debug-iphonesimulator/Schrankenradar\ OSH.app/Extensions --platform iphonesimulator --toolchain /Applications/Xcode.app/Contents/Developer/Toolchains/XcodeDefault.xctoolchain --destination /Users/jonasfeischl/Library/Developer/Xcode/DerivedData/Build/Products/Debug-iphonesimulator/Schrankenradar\ OSH.app/Frameworks --strip-bitcode --strip-bitcode-tool /Applications/Xcode.app/Contents/Developer/Toolchains/XcodeDefault.xctoolchain/usr/bin/bitcode_strip --emit-dependency-info /Users/jonasfeischl/Library/Developer/Xcode/DerivedData/Build/Intermediates.noindex/Schrankenradar\ OSH.build/Debug-iphonesimulator/Schrankenradar\ OSH.build/SwiftStdLibToolInputDependencies.dep --filter-for-swift-os

ProcessInfoPlistFile /Users/jonasfeischl/Library/Developer/Xcode/DerivedData/Build/Products/Debug-iphonesimulator/Schrankenradar\ OSH.app/Info.plist /Users/jonasfeischl/Library/Mobile\ Documents/com~apple~CloudDocs/XCode/Schrankenradar\ OSH/Schrankenradar-OSH-Info.plist (in target 'Schrankenradar OSH' from project 'Schrankenradar OSH')
    cd /Users/jonasfeischl/Library/Mobile\ Documents/com\~apple\~CloudDocs/XCode/Schrankenradar\ OSH
    builtin-infoPlistUtility /Users/jonasfeischl/Library/Mobile\ Documents/com\~apple\~CloudDocs/XCode/Schrankenradar\ OSH/Schrankenradar-OSH-Info.plist -producttype com.apple.product-type.application -genpkginfo /Users/jonasfeischl/Library/Developer/Xcode/DerivedData/Build/Products/Debug-iphonesimulator/Schrankenradar\ OSH.app/PkgInfo -expandbuildsettings -format binary -platform iphonesimulator -additionalcontentfile /Users/jonasfeischl/Library/Developer/Xcode/DerivedData/Build/Intermediates.noindex/Schrankenradar\ OSH.build/Debug-iphonesimulator/Schrankenradar\ OSH.build/assetcatalog_generated_info.plist -scanforprivacyfile /Users/jonasfeischl/Library/Developer/Xcode/DerivedData/Build/Products/Debug-iphonesimulator/Schrankenradar\ OSH.app/Frameworks/onnxruntime.framework -scanforprivacyfile /Users/jonasfeischl/Library/Developer/Xcode/DerivedData/Build/Products/Debug-iphonesimulator/Schrankenradar\ OSH.app/PlugIns/SchrankenradarWidgetExtension.appex -o /Users/jonasfeischl/Library/Developer/Xcode/DerivedData/Build/Products/Debug-iphonesimulator/Schrankenradar\ OSH.app/Info.plist

CodeSign /Users/jonasfeischl/Library/Developer/Xcode/DerivedData/Build/Products/Debug-iphonesimulator/Schrankenradar\ OSH.app/Schrankenradar\ OSH.debug.dylib (in target 'Schrankenradar OSH' from project 'Schrankenradar OSH')
    cd /Users/jonasfeischl/Library/Mobile\ Documents/com\~apple\~CloudDocs/XCode/Schrankenradar\ OSH
    
    Signing Identity:     "Sign to Run Locally"
    
    /usr/bin/codesign --force --sign - --timestamp\=none --generate-entitlement-der /Users/jonasfeischl/Library/Developer/Xcode/DerivedData/Build/Products/Debug-iphonesimulator/Schrankenradar\ OSH.app/Schrankenradar\ OSH.debug.dylib

CodeSign /Users/jonasfeischl/Library/Developer/Xcode/DerivedData/Build/Products/Debug-iphonesimulator/Schrankenradar\ OSH.app/__preview.dylib (in target 'Schrankenradar OSH' from project 'Schrankenradar OSH')
    cd /Users/jonasfeischl/Library/Mobile\ Documents/com\~apple\~CloudDocs/XCode/Schrankenradar\ OSH
    
    Signing Identity:     "Sign to Run Locally"
    
    /usr/bin/codesign --force --sign - --timestamp\=none --generate-entitlement-der /Users/jonasfeischl/Library/Developer/Xcode/DerivedData/Build/Products/Debug-iphonesimulator/Schrankenradar\ OSH.app/__preview.dylib
/Users/jonasfeischl/Library/Developer/Xcode/DerivedData/Build/Products/Debug-iphonesimulator/Schrankenradar OSH.app/__preview.dylib: replacing existing signature

CodeSign /Users/jonasfeischl/Library/Developer/Xcode/DerivedData/Build/Products/Debug-iphonesimulator/Schrankenradar\ OSH.app (in target 'Schrankenradar OSH' from project 'Schrankenradar OSH')
    cd /Users/jonasfeischl/Library/Mobile\ Documents/com\~apple\~CloudDocs/XCode/Schrankenradar\ OSH
    
    Signing Identity:     "Sign to Run Locally"
    
    /usr/bin/codesign --force --sign - --entitlements /Users/jonasfeischl/Library/Developer/Xcode/DerivedData/Build/Intermediates.noindex/Schrankenradar\ OSH.build/Debug-iphonesimulator/Schrankenradar\ OSH.build/Schrankenradar\ OSH.app.xcent --timestamp\=none --generate-entitlement-der /Users/jonasfeischl/Library/Developer/Xcode/DerivedData/Build/Products/Debug-iphonesimulator/Schrankenradar\ OSH.app

Validate /Users/jonasfeischl/Library/Developer/Xcode/DerivedData/Build/Products/Debug-iphonesimulator/Schrankenradar\ OSH.app (in target 'Schrankenradar OSH' from project 'Schrankenradar OSH')
    cd /Users/jonasfeischl/Library/Mobile\ Documents/com\~apple\~CloudDocs/XCode/Schrankenradar\ OSH
    builtin-validationUtility /Users/jonasfeischl/Library/Developer/Xcode/DerivedData/Build/Products/Debug-iphonesimulator/Schrankenradar\ OSH.app -shallow-bundle -infoplist-subpath Info.plist

** BUILD SUCCEEDED **

EXIT_CODE=0
