Command line invocation:
    /Applications/Xcode.app/Contents/Developer/usr/bin/xcodebuild -project "Schrankenradar OSH.xcodeproj" -scheme "Schrankenradar OSH" -sdk iphonesimulator -destination "generic/platform=iOS Simulator" build

Build settings from command line:
    SDKROOT = iphonesimulator26.5

Resolve Package Graph


Resolved source packages:
  onnxruntime: https://github.com/microsoft/onnxruntime-swift-package-manager @ 1.19.2

ComputePackagePrebuildTargetDependencyGraph

Prepare packages

CreateBuildRequest

SendProjectDescription

CreateBuildOperation

ComputeTargetDependencyGraph
note: Building targets in dependency order
note: Target dependency graph (4 targets)
    Target 'Schrankenradar OSH' in project 'Schrankenradar OSH'
        ➜ Explicit dependency on target 'SchrankenradarWidgetExtension' in project 'Schrankenradar OSH'
        ➜ Explicit dependency on target 'onnxruntime' in project 'onnxruntime'
    Target 'onnxruntime' in project 'onnxruntime'
        ➜ Explicit dependency on target 'OnnxRuntimeBindings' in project 'onnxruntime'
    Target 'OnnxRuntimeBindings' in project 'onnxruntime' (no dependencies)
    Target 'SchrankenradarWidgetExtension' in project 'Schrankenradar OSH' (no dependencies)

GatherProvisioningInputs

CreateBuildDescription

ExecuteExternalTool /Applications/Xcode.app/Contents/Developer/usr/bin/actool --version --output-format xml1

ExecuteExternalTool /Applications/Xcode.app/Contents/Developer/Toolchains/XcodeDefault.xctoolchain/usr/bin/clang -v -E -dM -arch arm64 -isysroot /Applications/Xcode.app/Contents/Developer/Platforms/iPhoneSimulator.platform/Developer/SDKs/iPhoneSimulator26.5.sdk -x objective-c++ -c /dev/null

ExecuteExternalTool /Applications/Xcode.app/Contents/Developer/Toolchains/XcodeDefault.xctoolchain/usr/bin/clang -v -E -dM -isysroot /Applications/Xcode.app/Contents/Developer/Platforms/iPhoneSimulator.platform/Developer/SDKs/iPhoneSimulator26.5.sdk -x c -c /dev/null

ExecuteExternalTool /Applications/Xcode.app/Contents/Developer/usr/bin/actool --print-asset-tag-combinations --output-format xml1 /Users/jonasfeischl/Library/Mobile Documents/com~apple~CloudDocs/XCode/Schrankenradar OSH/Schrankenradar OSH/Assets.xcassets

ExecuteExternalTool /Applications/Xcode.app/Contents/Developer/Toolchains/XcodeDefault.xctoolchain/usr/bin/clang -v -E -dM -arch arm64 -isysroot /Applications/Xcode.app/Contents/Developer/Platforms/iPhoneSimulator.platform/Developer/SDKs/iPhoneSimulator26.5.sdk -x c -c /dev/null

ExecuteExternalTool /Applications/Xcode.app/Contents/Developer/Toolchains/XcodeDefault.xctoolchain/usr/bin/ld -version_details

ExecuteExternalTool /Applications/Xcode.app/Contents/Developer/Toolchains/XcodeDefault.xctoolchain/usr/bin/clang -v -E -dM -arch x86_64 -isysroot /Applications/Xcode.app/Contents/Developer/Platforms/iPhoneSimulator.platform/Developer/SDKs/iPhoneSimulator26.5.sdk -x objective-c++ -c /dev/null

ExecuteExternalTool /Applications/Xcode.app/Contents/Developer/Toolchains/XcodeDefault.xctoolchain/usr/bin/clang -v -E -dM -arch x86_64 -isysroot /Applications/Xcode.app/Contents/Developer/Platforms/iPhoneSimulator.platform/Developer/SDKs/iPhoneSimulator26.5.sdk -x c -c /dev/null

ExecuteExternalTool /Applications/Xcode.app/Contents/Developer/Toolchains/XcodeDefault.xctoolchain/usr/bin/swiftc --version

Build description signature: a647e4cd175ff70406e79540e3ddc63f
Build description path: /Users/jonasfeischl/Library/Developer/Xcode/DerivedData/Build/Intermediates.noindex/XCBuildData/a647e4cd175ff70406e79540e3ddc63f.xcbuilddata
ClangStatCache /Applications/Xcode.app/Contents/Developer/Toolchains/XcodeDefault.xctoolchain/usr/bin/clang-stat-cache /Applications/Xcode.app/Contents/Developer/Platforms/iPhoneSimulator.platform/Developer/SDKs/iPhoneSimulator26.5.sdk /Users/jonasfeischl/Library/Developer/Xcode/DerivedData/SDKStatCaches.noindex/iphonesimulator26.5-23F81a-6cfe768891a92b912361537c460fe42b.sdkstatcache
    cd /Users/jonasfeischl/Library/Mobile\ Documents/com\~apple\~CloudDocs/XCode/Schrankenradar\ OSH/Schrankenradar\ OSH.xcodeproj
    /Applications/Xcode.app/Contents/Developer/Toolchains/XcodeDefault.xctoolchain/usr/bin/clang-stat-cache /Applications/Xcode.app/Contents/Developer/Platforms/iPhoneSimulator.platform/Developer/SDKs/iPhoneSimulator26.5.sdk -o /Users/jonasfeischl/Library/Developer/Xcode/DerivedData/SDKStatCaches.noindex/iphonesimulator26.5-23F81a-6cfe768891a92b912361537c460fe42b.sdkstatcache

CreateBuildDirectory /Users/jonasfeischl/Library/Developer/Xcode/DerivedData/Build/Intermediates.noindex/EagerLinkingTBDs/Debug-iphonesimulator
    cd /Users/jonasfeischl/Library/Mobile\ Documents/com\~apple\~CloudDocs/XCode/Schrankenradar\ OSH/Schrankenradar\ OSH.xcodeproj
    builtin-create-build-directory /Users/jonasfeischl/Library/Developer/Xcode/DerivedData/Build/Intermediates.noindex/EagerLinkingTBDs/Debug-iphonesimulator

CreateBuildDirectory /Users/jonasfeischl/Library/Developer/Xcode/DerivedData/Build/Products/Debug-iphonesimulator
    cd /Users/jonasfeischl/Library/Mobile\ Documents/com\~apple\~CloudDocs/XCode/Schrankenradar\ OSH/Schrankenradar\ OSH.xcodeproj
    builtin-create-build-directory /Users/jonasfeischl/Library/Developer/Xcode/DerivedData/Build/Products/Debug-iphonesimulator

WriteAuxiliaryFile /Users/jonasfeischl/Library/Developer/Xcode/DerivedData/Build/Intermediates.noindex/Schrankenradar\ OSH.build/Debug-iphonesimulator/Schrankenradar\ OSH-2545c2b47f28d8a0bb173c7876f42a30-VFS-iphonesimulator/all-product-headers.yaml
    cd /Users/jonasfeischl/Library/Mobile\ Documents/com\~apple\~CloudDocs/XCode/Schrankenradar\ OSH/Schrankenradar\ OSH.xcodeproj
    write-file /Users/jonasfeischl/Library/Developer/Xcode/DerivedData/Build/Intermediates.noindex/Schrankenradar\ OSH.build/Debug-iphonesimulator/Schrankenradar\ OSH-2545c2b47f28d8a0bb173c7876f42a30-VFS-iphonesimulator/all-product-headers.yaml

CreateBuildDirectory /Users/jonasfeischl/Library/Developer/Xcode/DerivedData/Build/Products/Debug-iphonesimulator/PackageFrameworks
    cd /Users/jonasfeischl/Library/Mobile\ Documents/com\~apple\~CloudDocs/XCode/Schrankenradar\ OSH/Schrankenradar\ OSH.xcodeproj
    builtin-create-build-directory /Users/jonasfeischl/Library/Developer/Xcode/DerivedData/Build/Products/Debug-iphonesimulator/PackageFrameworks

ProcessXCFramework /Users/jonasfeischl/Library/Developer/Xcode/DerivedData/Schrankenradar_OSH-ebqzdoyknyoypddbebsxymqcuicf/SourcePackages/artifacts/onnxruntime-swift-package-manager/onnxruntime/onnxruntime.xcframework /Users/jonasfeischl/Library/Developer/Xcode/DerivedData/Build/Products/Debug-iphonesimulator/onnxruntime.framework ios simulator
    cd /Users/jonasfeischl/Library/Mobile\ Documents/com\~apple\~CloudDocs/XCode/Schrankenradar\ OSH/Schrankenradar\ OSH.xcodeproj
    builtin-process-xcframework --xcframework /Users/jonasfeischl/Library/Developer/Xcode/DerivedData/Schrankenradar_OSH-ebqzdoyknyoypddbebsxymqcuicf/SourcePackages/artifacts/onnxruntime-swift-package-manager/onnxruntime/onnxruntime.xcframework --platform ios --environment simulator --target-path /Users/jonasfeischl/Library/Developer/Xcode/DerivedData/Build/Products/Debug-iphonesimulator

WriteAuxiliaryFile /Users/jonasfeischl/Library/Developer/Xcode/DerivedData/Build/Intermediates.noindex/Schrankenradar\ OSH.build/Debug-iphonesimulator/SchrankenradarWidgetExtension.build/SchrankenradarWidgetExtension.hmap (in target 'SchrankenradarWidgetExtension' from project 'Schrankenradar OSH')
    cd /Users/jonasfeischl/Library/Mobile\ Documents/com\~apple\~CloudDocs/XCode/Schrankenradar\ OSH
    write-file /Users/jonasfeischl/Library/Developer/Xcode/DerivedData/Build/Intermediates.noindex/Schrankenradar\ OSH.build/Debug-iphonesimulator/SchrankenradarWidgetExtension.build/SchrankenradarWidgetExtension.hmap

WriteAuxiliaryFile /Users/jonasfeischl/Library/Developer/Xcode/DerivedData/Build/Intermediates.noindex/Schrankenradar\ OSH.build/Debug-iphonesimulator/SchrankenradarWidgetExtension.build/SchrankenradarWidgetExtension.DependencyStaticMetadataFileList (in target 'SchrankenradarWidgetExtension' from project 'Schrankenradar OSH')
    cd /Users/jonasfeischl/Library/Mobile\ Documents/com\~apple\~CloudDocs/XCode/Schrankenradar\ OSH
    write-file /Users/jonasfeischl/Library/Developer/Xcode/DerivedData/Build/Intermediates.noindex/Schrankenradar\ OSH.build/Debug-iphonesimulator/SchrankenradarWidgetExtension.build/SchrankenradarWidgetExtension.DependencyStaticMetadataFileList

WriteAuxiliaryFile /Users/jonasfeischl/Library/Developer/Xcode/DerivedData/Build/Intermediates.noindex/Schrankenradar\ OSH.build/Debug-iphonesimulator/SchrankenradarWidgetExtension.build/SchrankenradarWidgetExtension.DependencyMetadataFileList (in target 'SchrankenradarWidgetExtension' from project 'Schrankenradar OSH')
    cd /Users/jonasfeischl/Library/Mobile\ Documents/com\~apple\~CloudDocs/XCode/Schrankenradar\ OSH
    write-file /Users/jonasfeischl/Library/Developer/Xcode/DerivedData/Build/Intermediates.noindex/Schrankenradar\ OSH.build/Debug-iphonesimulator/SchrankenradarWidgetExtension.build/SchrankenradarWidgetExtension.DependencyMetadataFileList

WriteAuxiliaryFile /Users/jonasfeischl/Library/Developer/Xcode/DerivedData/Build/Intermediates.noindex/Schrankenradar\ OSH.build/Debug-iphonesimulator/SchrankenradarWidgetExtension.build/SchrankenradarWidgetExtension-project-headers.hmap (in target 'SchrankenradarWidgetExtension' from project 'Schrankenradar OSH')
    cd /Users/jonasfeischl/Library/Mobile\ Documents/com\~apple\~CloudDocs/XCode/Schrankenradar\ OSH
    write-file /Users/jonasfeischl/Library/Developer/Xcode/DerivedData/Build/Intermediates.noindex/Schrankenradar\ OSH.build/Debug-iphonesimulator/SchrankenradarWidgetExtension.build/SchrankenradarWidgetExtension-project-headers.hmap

WriteAuxiliaryFile /Users/jonasfeischl/Library/Developer/Xcode/DerivedData/Build/Intermediates.noindex/Schrankenradar\ OSH.build/Debug-iphonesimulator/SchrankenradarWidgetExtension.build/SchrankenradarWidgetExtension-all-target-headers.hmap (in target 'SchrankenradarWidgetExtension' from project 'Schrankenradar OSH')
    cd /Users/jonasfeischl/Library/Mobile\ Documents/com\~apple\~CloudDocs/XCode/Schrankenradar\ OSH
    write-file /Users/jonasfeischl/Library/Developer/Xcode/DerivedData/Build/Intermediates.noindex/Schrankenradar\ OSH.build/Debug-iphonesimulator/SchrankenradarWidgetExtension.build/SchrankenradarWidgetExtension-all-target-headers.hmap

WriteAuxiliaryFile /Users/jonasfeischl/Library/Developer/Xcode/DerivedData/Build/Intermediates.noindex/Schrankenradar\ OSH.build/Debug-iphonesimulator/SchrankenradarWidgetExtension.build/SchrankenradarWidgetExtension-own-target-headers.hmap (in target 'SchrankenradarWidgetExtension' from project 'Schrankenradar OSH')
    cd /Users/jonasfeischl/Library/Mobile\ Documents/com\~apple\~CloudDocs/XCode/Schrankenradar\ OSH
    write-file /Users/jonasfeischl/Library/Developer/Xcode/DerivedData/Build/Intermediates.noindex/Schrankenradar\ OSH.build/Debug-iphonesimulator/SchrankenradarWidgetExtension.build/SchrankenradarWidgetExtension-own-target-headers.hmap

WriteAuxiliaryFile /Users/jonasfeischl/Library/Developer/Xcode/DerivedData/Build/Intermediates.noindex/Schrankenradar\ OSH.build/Debug-iphonesimulator/SchrankenradarWidgetExtension.build/Objects-normal/x86_64/SchrankenradarWidgetExtension_const_extract_protocols.json (in target 'SchrankenradarWidgetExtension' from project 'Schrankenradar OSH')
    cd /Users/jonasfeischl/Library/Mobile\ Documents/com\~apple\~CloudDocs/XCode/Schrankenradar\ OSH
    write-file /Users/jonasfeischl/Library/Developer/Xcode/DerivedData/Build/Intermediates.noindex/Schrankenradar\ OSH.build/Debug-iphonesimulator/SchrankenradarWidgetExtension.build/Objects-normal/x86_64/SchrankenradarWidgetExtension_const_extract_protocols.json

WriteAuxiliaryFile /Users/jonasfeischl/Library/Developer/Xcode/DerivedData/Build/Intermediates.noindex/Schrankenradar\ OSH.build/Debug-iphonesimulator/SchrankenradarWidgetExtension.build/SchrankenradarWidgetExtension-generated-files.hmap (in target 'SchrankenradarWidgetExtension' from project 'Schrankenradar OSH')
    cd /Users/jonasfeischl/Library/Mobile\ Documents/com\~apple\~CloudDocs/XCode/Schrankenradar\ OSH
    write-file /Users/jonasfeischl/Library/Developer/Xcode/DerivedData/Build/Intermediates.noindex/Schrankenradar\ OSH.build/Debug-iphonesimulator/SchrankenradarWidgetExtension.build/SchrankenradarWidgetExtension-generated-files.hmap

WriteAuxiliaryFile /Users/jonasfeischl/Library/Developer/Xcode/DerivedData/Build/Intermediates.noindex/Schrankenradar\ OSH.build/Debug-iphonesimulator/SchrankenradarWidgetExtension.build/SchrankenradarWidgetExtension-all-non-framework-target-headers.hmap (in target 'SchrankenradarWidgetExtension' from project 'Schrankenradar OSH')
    cd /Users/jonasfeischl/Library/Mobile\ Documents/com\~apple\~CloudDocs/XCode/Schrankenradar\ OSH
    write-file /Users/jonasfeischl/Library/Developer/Xcode/DerivedData/Build/Intermediates.noindex/Schrankenradar\ OSH.build/Debug-iphonesimulator/SchrankenradarWidgetExtension.build/SchrankenradarWidgetExtension-all-non-framework-target-headers.hmap

WriteAuxiliaryFile /Users/jonasfeischl/Library/Developer/Xcode/DerivedData/Build/Intermediates.noindex/Schrankenradar\ OSH.build/Debug-iphonesimulator/SchrankenradarWidgetExtension.build/SchrankenradarWidgetExtension-DebugEntryPoint-normal-arm64.txt (in target 'SchrankenradarWidgetExtension' from project 'Schrankenradar OSH')
    cd /Users/jonasfeischl/Library/Mobile\ Documents/com\~apple\~CloudDocs/XCode/Schrankenradar\ OSH
    write-file /Users/jonasfeischl/Library/Developer/Xcode/DerivedData/Build/Intermediates.noindex/Schrankenradar\ OSH.build/Debug-iphonesimulator/SchrankenradarWidgetExtension.build/SchrankenradarWidgetExtension-DebugEntryPoint-normal-arm64.txt

WriteAuxiliaryFile /Users/jonasfeischl/Library/Developer/Xcode/DerivedData/Build/Intermediates.noindex/Schrankenradar\ OSH.build/Debug-iphonesimulator/SchrankenradarWidgetExtension.build/SchrankenradarWidgetExtension-DebugEntryPoint-normal-x86_64.txt (in target 'SchrankenradarWidgetExtension' from project 'Schrankenradar OSH')
    cd /Users/jonasfeischl/Library/Mobile\ Documents/com\~apple\~CloudDocs/XCode/Schrankenradar\ OSH
    write-file /Users/jonasfeischl/Library/Developer/Xcode/DerivedData/Build/Intermediates.noindex/Schrankenradar\ OSH.build/Debug-iphonesimulator/SchrankenradarWidgetExtension.build/SchrankenradarWidgetExtension-DebugEntryPoint-normal-x86_64.txt

WriteAuxiliaryFile /Users/jonasfeischl/Library/Developer/Xcode/DerivedData/Build/Intermediates.noindex/Schrankenradar\ OSH.build/Debug-iphonesimulator/SchrankenradarWidgetExtension.build/SchrankenradarWidgetExtension-DebugDylibPath-normal-x86_64.txt (in target 'SchrankenradarWidgetExtension' from project 'Schrankenradar OSH')
    cd /Users/jonasfeischl/Library/Mobile\ Documents/com\~apple\~CloudDocs/XCode/Schrankenradar\ OSH
    write-file /Users/jonasfeischl/Library/Developer/Xcode/DerivedData/Build/Intermediates.noindex/Schrankenradar\ OSH.build/Debug-iphonesimulator/SchrankenradarWidgetExtension.build/SchrankenradarWidgetExtension-DebugDylibPath-normal-x86_64.txt

WriteAuxiliaryFile /Users/jonasfeischl/Library/Developer/Xcode/DerivedData/Build/Intermediates.noindex/Schrankenradar\ OSH.build/Debug-iphonesimulator/SchrankenradarWidgetExtension.build/SchrankenradarWidgetExtension-DebugDylibPath-normal-arm64.txt (in target 'SchrankenradarWidgetExtension' from project 'Schrankenradar OSH')
    cd /Users/jonasfeischl/Library/Mobile\ Documents/com\~apple\~CloudDocs/XCode/Schrankenradar\ OSH
    write-file /Users/jonasfeischl/Library/Developer/Xcode/DerivedData/Build/Intermediates.noindex/Schrankenradar\ OSH.build/Debug-iphonesimulator/SchrankenradarWidgetExtension.build/SchrankenradarWidgetExtension-DebugDylibPath-normal-arm64.txt

WriteAuxiliaryFile /Users/jonasfeischl/Library/Developer/Xcode/DerivedData/Build/Intermediates.noindex/Schrankenradar\ OSH.build/Debug-iphonesimulator/SchrankenradarWidgetExtension.build/SchrankenradarWidgetExtension-DebugDylibInstallName-normal-x86_64.txt (in target 'SchrankenradarWidgetExtension' from project 'Schrankenradar OSH')
    cd /Users/jonasfeischl/Library/Mobile\ Documents/com\~apple\~CloudDocs/XCode/Schrankenradar\ OSH
    write-file /Users/jonasfeischl/Library/Developer/Xcode/DerivedData/Build/Intermediates.noindex/Schrankenradar\ OSH.build/Debug-iphonesimulator/SchrankenradarWidgetExtension.build/SchrankenradarWidgetExtension-DebugDylibInstallName-normal-x86_64.txt

WriteAuxiliaryFile /Users/jonasfeischl/Library/Developer/Xcode/DerivedData/Build/Intermediates.noindex/Schrankenradar\ OSH.build/Debug-iphonesimulator/SchrankenradarWidgetExtension.build/SchrankenradarWidgetExtension-DebugDylibInstallName-normal-arm64.txt (in target 'SchrankenradarWidgetExtension' from project 'Schrankenradar OSH')
    cd /Users/jonasfeischl/Library/Mobile\ Documents/com\~apple\~CloudDocs/XCode/Schrankenradar\ OSH
    write-file /Users/jonasfeischl/Library/Developer/Xcode/DerivedData/Build/Intermediates.noindex/Schrankenradar\ OSH.build/Debug-iphonesimulator/SchrankenradarWidgetExtension.build/SchrankenradarWidgetExtension-DebugDylibInstallName-normal-arm64.txt

WriteAuxiliaryFile /Users/jonasfeischl/Library/Developer/Xcode/DerivedData/Build/Intermediates.noindex/Schrankenradar\ OSH.build/Debug-iphonesimulator/SchrankenradarWidgetExtension.build/Objects-normal/x86_64/SchrankenradarWidgetExtension.SwiftFileList (in target 'SchrankenradarWidgetExtension' from project 'Schrankenradar OSH')
    cd /Users/jonasfeischl/Library/Mobile\ Documents/com\~apple\~CloudDocs/XCode/Schrankenradar\ OSH
    write-file /Users/jonasfeischl/Library/Developer/Xcode/DerivedData/Build/Intermediates.noindex/Schrankenradar\ OSH.build/Debug-iphonesimulator/SchrankenradarWidgetExtension.build/Objects-normal/x86_64/SchrankenradarWidgetExtension.SwiftFileList

WriteAuxiliaryFile /Users/jonasfeischl/Library/Developer/Xcode/DerivedData/Build/Intermediates.noindex/Schrankenradar\ OSH.build/Debug-iphonesimulator/SchrankenradarWidgetExtension.build/Objects-normal/x86_64/SchrankenradarWidgetExtension.SwiftConstValuesFileList (in target 'SchrankenradarWidgetExtension' from project 'Schrankenradar OSH')
    cd /Users/jonasfeischl/Library/Mobile\ Documents/com\~apple\~CloudDocs/XCode/Schrankenradar\ OSH
    write-file /Users/jonasfeischl/Library/Developer/Xcode/DerivedData/Build/Intermediates.noindex/Schrankenradar\ OSH.build/Debug-iphonesimulator/SchrankenradarWidgetExtension.build/Objects-normal/x86_64/SchrankenradarWidgetExtension.SwiftConstValuesFileList

WriteAuxiliaryFile /Users/jonasfeischl/Library/Developer/Xcode/DerivedData/Build/Intermediates.noindex/Schrankenradar\ OSH.build/Debug-iphonesimulator/SchrankenradarWidgetExtension.build/Objects-normal/x86_64/SchrankenradarWidgetExtension.LinkFileList (in target 'SchrankenradarWidgetExtension' from project 'Schrankenradar OSH')
    cd /Users/jonasfeischl/Library/Mobile\ Documents/com\~apple\~CloudDocs/XCode/Schrankenradar\ OSH
    write-file /Users/jonasfeischl/Library/Developer/Xcode/DerivedData/Build/Intermediates.noindex/Schrankenradar\ OSH.build/Debug-iphonesimulator/SchrankenradarWidgetExtension.build/Objects-normal/x86_64/SchrankenradarWidgetExtension.LinkFileList

WriteAuxiliaryFile /Users/jonasfeischl/Library/Developer/Xcode/DerivedData/Build/Intermediates.noindex/Schrankenradar\ OSH.build/Debug-iphonesimulator/SchrankenradarWidgetExtension.build/Objects-normal/x86_64/SchrankenradarWidgetExtension-OutputFileMap.json (in target 'SchrankenradarWidgetExtension' from project 'Schrankenradar OSH')
    cd /Users/jonasfeischl/Library/Mobile\ Documents/com\~apple\~CloudDocs/XCode/Schrankenradar\ OSH
    write-file /Users/jonasfeischl/Library/Developer/Xcode/DerivedData/Build/Intermediates.noindex/Schrankenradar\ OSH.build/Debug-iphonesimulator/SchrankenradarWidgetExtension.build/Objects-normal/x86_64/SchrankenradarWidgetExtension-OutputFileMap.json

WriteAuxiliaryFile /Users/jonasfeischl/Library/Developer/Xcode/DerivedData/Build/Intermediates.noindex/Schrankenradar\ OSH.build/Debug-iphonesimulator/SchrankenradarWidgetExtension.build/Objects-normal/arm64/SchrankenradarWidgetExtension_const_extract_protocols.json (in target 'SchrankenradarWidgetExtension' from project 'Schrankenradar OSH')
    cd /Users/jonasfeischl/Library/Mobile\ Documents/com\~apple\~CloudDocs/XCode/Schrankenradar\ OSH
    write-file /Users/jonasfeischl/Library/Developer/Xcode/DerivedData/Build/Intermediates.noindex/Schrankenradar\ OSH.build/Debug-iphonesimulator/SchrankenradarWidgetExtension.build/Objects-normal/arm64/SchrankenradarWidgetExtension_const_extract_protocols.json

WriteAuxiliaryFile /Users/jonasfeischl/Library/Developer/Xcode/DerivedData/Build/Intermediates.noindex/Schrankenradar\ OSH.build/Debug-iphonesimulator/SchrankenradarWidgetExtension.build/Objects-normal/arm64/SchrankenradarWidgetExtension.SwiftFileList (in target 'SchrankenradarWidgetExtension' from project 'Schrankenradar OSH')
    cd /Users/jonasfeischl/Library/Mobile\ Documents/com\~apple\~CloudDocs/XCode/Schrankenradar\ OSH
    write-file /Users/jonasfeischl/Library/Developer/Xcode/DerivedData/Build/Intermediates.noindex/Schrankenradar\ OSH.build/Debug-iphonesimulator/SchrankenradarWidgetExtension.build/Objects-normal/arm64/SchrankenradarWidgetExtension.SwiftFileList

WriteAuxiliaryFile /Users/jonasfeischl/Library/Developer/Xcode/DerivedData/Build/Intermediates.noindex/Schrankenradar\ OSH.build/Debug-iphonesimulator/SchrankenradarWidgetExtension.build/Objects-normal/arm64/SchrankenradarWidgetExtension.SwiftConstValuesFileList (in target 'SchrankenradarWidgetExtension' from project 'Schrankenradar OSH')
    cd /Users/jonasfeischl/Library/Mobile\ Documents/com\~apple\~CloudDocs/XCode/Schrankenradar\ OSH
    write-file /Users/jonasfeischl/Library/Developer/Xcode/DerivedData/Build/Intermediates.noindex/Schrankenradar\ OSH.build/Debug-iphonesimulator/SchrankenradarWidgetExtension.build/Objects-normal/arm64/SchrankenradarWidgetExtension.SwiftConstValuesFileList

WriteAuxiliaryFile /Users/jonasfeischl/Library/Developer/Xcode/DerivedData/Build/Intermediates.noindex/Schrankenradar\ OSH.build/Debug-iphonesimulator/SchrankenradarWidgetExtension.build/Objects-normal/arm64/SchrankenradarWidgetExtension.LinkFileList (in target 'SchrankenradarWidgetExtension' from project 'Schrankenradar OSH')
    cd /Users/jonasfeischl/Library/Mobile\ Documents/com\~apple\~CloudDocs/XCode/Schrankenradar\ OSH
    write-file /Users/jonasfeischl/Library/Developer/Xcode/DerivedData/Build/Intermediates.noindex/Schrankenradar\ OSH.build/Debug-iphonesimulator/SchrankenradarWidgetExtension.build/Objects-normal/arm64/SchrankenradarWidgetExtension.LinkFileList

WriteAuxiliaryFile /Users/jonasfeischl/Library/Developer/Xcode/DerivedData/Build/Intermediates.noindex/Schrankenradar\ OSH.build/Debug-iphonesimulator/SchrankenradarWidgetExtension.build/Objects-normal/arm64/SchrankenradarWidgetExtension-OutputFileMap.json (in target 'SchrankenradarWidgetExtension' from project 'Schrankenradar OSH')
    cd /Users/jonasfeischl/Library/Mobile\ Documents/com\~apple\~CloudDocs/XCode/Schrankenradar\ OSH
    write-file /Users/jonasfeischl/Library/Developer/Xcode/DerivedData/Build/Intermediates.noindex/Schrankenradar\ OSH.build/Debug-iphonesimulator/SchrankenradarWidgetExtension.build/Objects-normal/arm64/SchrankenradarWidgetExtension-OutputFileMap.json

MkDir /Users/jonasfeischl/Library/Developer/Xcode/DerivedData/Build/Products/Debug-iphonesimulator/SchrankenradarWidgetExtension.appex (in target 'SchrankenradarWidgetExtension' from project 'Schrankenradar OSH')
    cd /Users/jonasfeischl/Library/Mobile\ Documents/com\~apple\~CloudDocs/XCode/Schrankenradar\ OSH
    /bin/mkdir -p /Users/jonasfeischl/Library/Developer/Xcode/DerivedData/Build/Products/Debug-iphonesimulator/SchrankenradarWidgetExtension.appex

WriteAuxiliaryFile /Users/jonasfeischl/Library/Developer/Xcode/DerivedData/Build/Intermediates.noindex/Schrankenradar\ OSH.build/Debug-iphonesimulator/SchrankenradarWidgetExtension.build/DerivedSources/Entitlements-Simulated.plist (in target 'SchrankenradarWidgetExtension' from project 'Schrankenradar OSH')
    cd /Users/jonasfeischl/Library/Mobile\ Documents/com\~apple\~CloudDocs/XCode/Schrankenradar\ OSH
    write-file /Users/jonasfeischl/Library/Developer/Xcode/DerivedData/Build/Intermediates.noindex/Schrankenradar\ OSH.build/Debug-iphonesimulator/SchrankenradarWidgetExtension.build/DerivedSources/Entitlements-Simulated.plist

ProcessProductPackaging /Users/jonasfeischl/Library/Mobile\ Documents/com~apple~CloudDocs/XCode/Schrankenradar\ OSH/SchrankenradarWidgetExtension.entitlements /Users/jonasfeischl/Library/Developer/Xcode/DerivedData/Build/Intermediates.noindex/Schrankenradar\ OSH.build/Debug-iphonesimulator/SchrankenradarWidgetExtension.build/SchrankenradarWidgetExtension.appex.xcent (in target 'SchrankenradarWidgetExtension' from project 'Schrankenradar OSH')
    cd /Users/jonasfeischl/Library/Mobile\ Documents/com\~apple\~CloudDocs/XCode/Schrankenradar\ OSH
    
    Entitlements:
    
    {
}
    
    builtin-productPackagingUtility /Users/jonasfeischl/Library/Mobile\ Documents/com\~apple\~CloudDocs/XCode/Schrankenradar\ OSH/SchrankenradarWidgetExtension.entitlements -entitlements -format xml -o /Users/jonasfeischl/Library/Developer/Xcode/DerivedData/Build/Intermediates.noindex/Schrankenradar\ OSH.build/Debug-iphonesimulator/SchrankenradarWidgetExtension.build/SchrankenradarWidgetExtension.appex.xcent

ProcessProductPackaging /Users/jonasfeischl/Library/Mobile\ Documents/com~apple~CloudDocs/XCode/Schrankenradar\ OSH/SchrankenradarWidgetExtension.entitlements /Users/jonasfeischl/Library/Developer/Xcode/DerivedData/Build/Intermediates.noindex/Schrankenradar\ OSH.build/Debug-iphonesimulator/SchrankenradarWidgetExtension.build/SchrankenradarWidgetExtension.appex-Simulated.xcent (in target 'SchrankenradarWidgetExtension' from project 'Schrankenradar OSH')
    cd /Users/jonasfeischl/Library/Mobile\ Documents/com\~apple\~CloudDocs/XCode/Schrankenradar\ OSH
    
    Entitlements:
    
    {
    "application-identifier" = "93NKY3D6X7.com.Jonas.Schrankenradar-OSH.SchrankenradarWidget";
    "com.apple.security.application-groups" =     (
        "group.schrankenradar.osh"
    );
}
    
    builtin-productPackagingUtility /Users/jonasfeischl/Library/Mobile\ Documents/com\~apple\~CloudDocs/XCode/Schrankenradar\ OSH/SchrankenradarWidgetExtension.entitlements -entitlements -format xml -o /Users/jonasfeischl/Library/Developer/Xcode/DerivedData/Build/Intermediates.noindex/Schrankenradar\ OSH.build/Debug-iphonesimulator/SchrankenradarWidgetExtension.build/SchrankenradarWidgetExtension.appex-Simulated.xcent

ProcessProductPackagingDER /Users/jonasfeischl/Library/Developer/Xcode/DerivedData/Build/Intermediates.noindex/Schrankenradar\ OSH.build/Debug-iphonesimulator/SchrankenradarWidgetExtension.build/SchrankenradarWidgetExtension.appex.xcent /Users/jonasfeischl/Library/Developer/Xcode/DerivedData/Build/Intermediates.noindex/Schrankenradar\ OSH.build/Debug-iphonesimulator/SchrankenradarWidgetExtension.build/SchrankenradarWidgetExtension.appex.xcent.der (in target 'SchrankenradarWidgetExtension' from project 'Schrankenradar OSH')
    cd /Users/jonasfeischl/Library/Mobile\ Documents/com\~apple\~CloudDocs/XCode/Schrankenradar\ OSH
    /usr/bin/derq query -f xml -i /Users/jonasfeischl/Library/Developer/Xcode/DerivedData/Build/Intermediates.noindex/Schrankenradar\ OSH.build/Debug-iphonesimulator/SchrankenradarWidgetExtension.build/SchrankenradarWidgetExtension.appex.xcent -o /Users/jonasfeischl/Library/Developer/Xcode/DerivedData/Build/Intermediates.noindex/Schrankenradar\ OSH.build/Debug-iphonesimulator/SchrankenradarWidgetExtension.build/SchrankenradarWidgetExtension.appex.xcent.der --raw

ProcessProductPackagingDER /Users/jonasfeischl/Library/Developer/Xcode/DerivedData/Build/Intermediates.noindex/Schrankenradar\ OSH.build/Debug-iphonesimulator/SchrankenradarWidgetExtension.build/SchrankenradarWidgetExtension.appex-Simulated.xcent /Users/jonasfeischl/Library/Developer/Xcode/DerivedData/Build/Intermediates.noindex/Schrankenradar\ OSH.build/Debug-iphonesimulator/SchrankenradarWidgetExtension.build/SchrankenradarWidgetExtension.appex-Simulated.xcent.der (in target 'SchrankenradarWidgetExtension' from project 'Schrankenradar OSH')
    cd /Users/jonasfeischl/Library/Mobile\ Documents/com\~apple\~CloudDocs/XCode/Schrankenradar\ OSH
    /usr/bin/derq query -f xml -i /Users/jonasfeischl/Library/Developer/Xcode/DerivedData/Build/Intermediates.noindex/Schrankenradar\ OSH.build/Debug-iphonesimulator/SchrankenradarWidgetExtension.build/SchrankenradarWidgetExtension.appex-Simulated.xcent -o /Users/jonasfeischl/Library/Developer/Xcode/DerivedData/Build/Intermediates.noindex/Schrankenradar\ OSH.build/Debug-iphonesimulator/SchrankenradarWidgetExtension.build/SchrankenradarWidgetExtension.appex-Simulated.xcent.der --raw

Ld /Users/jonasfeischl/Library/Developer/Xcode/DerivedData/Build/Intermediates.noindex/Schrankenradar\ OSH.build/Debug-iphonesimulator/SchrankenradarWidgetExtension.build/Objects-normal/arm64/Binary/__preview.dylib normal arm64 (in target 'SchrankenradarWidgetExtension' from project 'Schrankenradar OSH')
    cd /Users/jonasfeischl/Library/Mobile\ Documents/com\~apple\~CloudDocs/XCode/Schrankenradar\ OSH
    /Applications/Xcode.app/Contents/Developer/Toolchains/XcodeDefault.xctoolchain/usr/bin/clang -Xlinker -reproducible -target arm64-apple-ios26.5-simulator -dynamiclib -isysroot /Applications/Xcode.app/Contents/Developer/Platforms/iPhoneSimulator.platform/Developer/SDKs/iPhoneSimulator26.5.sdk -O0 -L/Users/jonasfeischl/Library/Developer/Xcode/DerivedData/Build/Products/Debug-iphonesimulator -F/Users/jonasfeischl/Library/Developer/Xcode/DerivedData/Build/Products/Debug-iphonesimulator -install_name @rpath/SchrankenradarWidgetExtension.debug.dylib -Xlinker -dead_strip -rdynamic -Xlinker -no_deduplicate -Xlinker -objc_abi_version -Xlinker 2 -Xlinker -dependency_info -Xlinker /Users/jonasfeischl/Library/Developer/Xcode/DerivedData/Build/Intermediates.noindex/Schrankenradar\ OSH.build/Debug-iphonesimulator/SchrankenradarWidgetExtension.build/Objects-normal/arm64/SchrankenradarWidgetExtension_dependency_info.dat -Xlinker -sectcreate -Xlinker __TEXT -Xlinker __entitlements -Xlinker /Users/jonasfeischl/Library/Developer/Xcode/DerivedData/Build/Intermediates.noindex/Schrankenradar\ OSH.build/Debug-iphonesimulator/SchrankenradarWidgetExtension.build/SchrankenradarWidgetExtension.appex-Simulated.xcent -Xlinker -sectcreate -Xlinker __TEXT -Xlinker __ents_der -Xlinker /Users/jonasfeischl/Library/Developer/Xcode/DerivedData/Build/Intermediates.noindex/Schrankenradar\ OSH.build/Debug-iphonesimulator/SchrankenradarWidgetExtension.build/SchrankenradarWidgetExtension.appex-Simulated.xcent.der -Xlinker -no_adhoc_codesign -o /Users/jonasfeischl/Library/Developer/Xcode/DerivedData/Build/Intermediates.noindex/Schrankenradar\ OSH.build/Debug-iphonesimulator/SchrankenradarWidgetExtension.build/Objects-normal/arm64/Binary/__preview.dylib

Ld /Users/jonasfeischl/Library/Developer/Xcode/DerivedData/Build/Intermediates.noindex/Schrankenradar\ OSH.build/Debug-iphonesimulator/SchrankenradarWidgetExtension.build/Objects-normal/x86_64/Binary/__preview.dylib normal x86_64 (in target 'SchrankenradarWidgetExtension' from project 'Schrankenradar OSH')
    cd /Users/jonasfeischl/Library/Mobile\ Documents/com\~apple\~CloudDocs/XCode/Schrankenradar\ OSH
    /Applications/Xcode.app/Contents/Developer/Toolchains/XcodeDefault.xctoolchain/usr/bin/clang -Xlinker -reproducible -target x86_64-apple-ios26.5-simulator -dynamiclib -isysroot /Applications/Xcode.app/Contents/Developer/Platforms/iPhoneSimulator.platform/Developer/SDKs/iPhoneSimulator26.5.sdk -O0 -L/Users/jonasfeischl/Library/Developer/Xcode/DerivedData/Build/Products/Debug-iphonesimulator -F/Users/jonasfeischl/Library/Developer/Xcode/DerivedData/Build/Products/Debug-iphonesimulator -install_name @rpath/SchrankenradarWidgetExtension.debug.dylib -Xlinker -dead_strip -rdynamic -Xlinker -no_deduplicate -Xlinker -objc_abi_version -Xlinker 2 -Xlinker -dependency_info -Xlinker /Users/jonasfeischl/Library/Developer/Xcode/DerivedData/Build/Intermediates.noindex/Schrankenradar\ OSH.build/Debug-iphonesimulator/SchrankenradarWidgetExtension.build/Objects-normal/x86_64/SchrankenradarWidgetExtension_dependency_info.dat -Xlinker -sectcreate -Xlinker __TEXT -Xlinker __entitlements -Xlinker /Users/jonasfeischl/Library/Developer/Xcode/DerivedData/Build/Intermediates.noindex/Schrankenradar\ OSH.build/Debug-iphonesimulator/SchrankenradarWidgetExtension.build/SchrankenradarWidgetExtension.appex-Simulated.xcent -Xlinker -sectcreate -Xlinker __TEXT -Xlinker __ents_der -Xlinker /Users/jonasfeischl/Library/Developer/Xcode/DerivedData/Build/Intermediates.noindex/Schrankenradar\ OSH.build/Debug-iphonesimulator/SchrankenradarWidgetExtension.build/SchrankenradarWidgetExtension.appex-Simulated.xcent.der -Xlinker -no_adhoc_codesign -o /Users/jonasfeischl/Library/Developer/Xcode/DerivedData/Build/Intermediates.noindex/Schrankenradar\ OSH.build/Debug-iphonesimulator/SchrankenradarWidgetExtension.build/Objects-normal/x86_64/Binary/__preview.dylib

GenerateAssetSymbols /Users/jonasfeischl/Library/Mobile\ Documents/com~apple~CloudDocs/XCode/Schrankenradar\ OSH/SchrankenradarWidget/Assets.xcassets (in target 'SchrankenradarWidgetExtension' from project 'Schrankenradar OSH')
    cd /Users/jonasfeischl/Library/Mobile\ Documents/com\~apple\~CloudDocs/XCode/Schrankenradar\ OSH
    /Applications/Xcode.app/Contents/Developer/usr/bin/actool /Users/jonasfeischl/Library/Mobile\ Documents/com\~apple\~CloudDocs/XCode/Schrankenradar\ OSH/SchrankenradarWidget/Assets.xcassets --compile /Users/jonasfeischl/Library/Developer/Xcode/DerivedData/Build/Products/Debug-iphonesimulator/SchrankenradarWidgetExtension.appex --output-format human-readable-text --notices --warnings --export-dependency-info /Users/jonasfeischl/Library/Developer/Xcode/DerivedData/Build/Intermediates.noindex/Schrankenradar\ OSH.build/Debug-iphonesimulator/SchrankenradarWidgetExtension.build/assetcatalog_dependencies --output-partial-info-plist /Users/jonasfeischl/Library/Developer/Xcode/DerivedData/Build/Intermediates.noindex/Schrankenradar\ OSH.build/Debug-iphonesimulator/SchrankenradarWidgetExtension.build/assetcatalog_generated_info.plist --accent-color AccentColor --widget-background-color WidgetBackground --compress-pngs --enable-on-demand-resources NO --standalone-icon-behavior all --development-region en --target-device iphone --target-device ipad --minimum-deployment-target 26.5 --platform iphonesimulator --bundle-identifier com.Jonas.Schrankenradar-OSH.SchrankenradarWidget --generate-swift-asset-symbols /Users/jonasfeischl/Library/Developer/Xcode/DerivedData/Build/Intermediates.noindex/Schrankenradar\ OSH.build/Debug-iphonesimulator/SchrankenradarWidgetExtension.build/DerivedSources/GeneratedAssetSymbols.swift --generate-objc-asset-symbols /Users/jonasfeischl/Library/Developer/Xcode/DerivedData/Build/Intermediates.noindex/Schrankenradar\ OSH.build/Debug-iphonesimulator/SchrankenradarWidgetExtension.build/DerivedSources/GeneratedAssetSymbols.h --generate-asset-symbol-index /Users/jonasfeischl/Library/Developer/Xcode/DerivedData/Build/Intermediates.noindex/Schrankenradar\ OSH.build/Debug-iphonesimulator/SchrankenradarWidgetExtension.build/DerivedSources/GeneratedAssetSymbols-Index.plist
/* com.apple.actool.compilation-results */
/Users/jonasfeischl/Library/Developer/Xcode/DerivedData/Build/Intermediates.noindex/Schrankenradar OSH.build/Debug-iphonesimulator/SchrankenradarWidgetExtension.build/DerivedSources/GeneratedAssetSymbols-Index.plist
/Users/jonasfeischl/Library/Developer/Xcode/DerivedData/Build/Intermediates.noindex/Schrankenradar OSH.build/Debug-iphonesimulator/SchrankenradarWidgetExtension.build/DerivedSources/GeneratedAssetSymbols.h
/Users/jonasfeischl/Library/Developer/Xcode/DerivedData/Build/Intermediates.noindex/Schrankenradar OSH.build/Debug-iphonesimulator/SchrankenradarWidgetExtension.build/DerivedSources/GeneratedAssetSymbols.swift


MkDir /Users/jonasfeischl/Library/Developer/Xcode/DerivedData/Build/Intermediates.noindex/Schrankenradar\ OSH.build/Debug-iphonesimulator/SchrankenradarWidgetExtension.build/assetcatalog_output/thinned (in target 'SchrankenradarWidgetExtension' from project 'Schrankenradar OSH')
    cd /Users/jonasfeischl/Library/Mobile\ Documents/com\~apple\~CloudDocs/XCode/Schrankenradar\ OSH
    /bin/mkdir -p /Users/jonasfeischl/Library/Developer/Xcode/DerivedData/Build/Intermediates.noindex/Schrankenradar\ OSH.build/Debug-iphonesimulator/SchrankenradarWidgetExtension.build/assetcatalog_output/thinned

MkDir /Users/jonasfeischl/Library/Developer/Xcode/DerivedData/Build/Intermediates.noindex/Schrankenradar\ OSH.build/Debug-iphonesimulator/SchrankenradarWidgetExtension.build/assetcatalog_output/unthinned (in target 'SchrankenradarWidgetExtension' from project 'Schrankenradar OSH')
    cd /Users/jonasfeischl/Library/Mobile\ Documents/com\~apple\~CloudDocs/XCode/Schrankenradar\ OSH
    /bin/mkdir -p /Users/jonasfeischl/Library/Developer/Xcode/DerivedData/Build/Intermediates.noindex/Schrankenradar\ OSH.build/Debug-iphonesimulator/SchrankenradarWidgetExtension.build/assetcatalog_output/unthinned

CompileAssetCatalogVariant thinned /Users/jonasfeischl/Library/Developer/Xcode/DerivedData/Build/Products/Debug-iphonesimulator/SchrankenradarWidgetExtension.appex /Users/jonasfeischl/Library/Mobile\ Documents/com~apple~CloudDocs/XCode/Schrankenradar\ OSH/SchrankenradarWidget/Assets.xcassets (in target 'SchrankenradarWidgetExtension' from project 'Schrankenradar OSH')
    cd /Users/jonasfeischl/Library/Mobile\ Documents/com\~apple\~CloudDocs/XCode/Schrankenradar\ OSH
    /Applications/Xcode.app/Contents/Developer/usr/bin/actool /Users/jonasfeischl/Library/Mobile\ Documents/com\~apple\~CloudDocs/XCode/Schrankenradar\ OSH/SchrankenradarWidget/Assets.xcassets --compile /Users/jonasfeischl/Library/Developer/Xcode/DerivedData/Build/Intermediates.noindex/Schrankenradar\ OSH.build/Debug-iphonesimulator/SchrankenradarWidgetExtension.build/assetcatalog_output/thinned --output-format human-readable-text --notices --warnings --export-dependency-info /Users/jonasfeischl/Library/Developer/Xcode/DerivedData/Build/Intermediates.noindex/Schrankenradar\ OSH.build/Debug-iphonesimulator/SchrankenradarWidgetExtension.build/assetcatalog_dependencies_thinned --output-partial-info-plist /Users/jonasfeischl/Library/Developer/Xcode/DerivedData/Build/Intermediates.noindex/Schrankenradar\ OSH.build/Debug-iphonesimulator/SchrankenradarWidgetExtension.build/assetcatalog_generated_info.plist_thinned --accent-color AccentColor --widget-background-color WidgetBackground --compress-pngs --enable-on-demand-resources NO --standalone-icon-behavior all --development-region en --target-device iphone --target-device ipad --minimum-deployment-target 26.5 --platform iphonesimulator
/* com.apple.actool.compilation-results */
/Users/jonasfeischl/Library/Developer/Xcode/DerivedData/Build/Intermediates.noindex/Schrankenradar OSH.build/Debug-iphonesimulator/SchrankenradarWidgetExtension.build/assetcatalog_generated_info.plist_thinned


WriteAuxiliaryFile /Users/jonasfeischl/Library/Developer/Xcode/DerivedData/Build/Intermediates.noindex/Schrankenradar\ OSH.build/Debug-iphonesimulator/Schrankenradar\ OSH.build/Schrankenradar\ OSH-project-headers.hmap (in target 'Schrankenradar OSH' from project 'Schrankenradar OSH')
    cd /Users/jonasfeischl/Library/Mobile\ Documents/com\~apple\~CloudDocs/XCode/Schrankenradar\ OSH
    write-file /Users/jonasfeischl/Library/Developer/Xcode/DerivedData/Build/Intermediates.noindex/Schrankenradar\ OSH.build/Debug-iphonesimulator/Schrankenradar\ OSH.build/Schrankenradar\ OSH-project-headers.hmap

WriteAuxiliaryFile /Users/jonasfeischl/Library/Developer/Xcode/DerivedData/Build/Intermediates.noindex/Schrankenradar\ OSH.build/Debug-iphonesimulator/Schrankenradar\ OSH.build/Schrankenradar\ OSH.DependencyMetadataFileList (in target 'Schrankenradar OSH' from project 'Schrankenradar OSH')
    cd /Users/jonasfeischl/Library/Mobile\ Documents/com\~apple\~CloudDocs/XCode/Schrankenradar\ OSH
    write-file /Users/jonasfeischl/Library/Developer/Xcode/DerivedData/Build/Intermediates.noindex/Schrankenradar\ OSH.build/Debug-iphonesimulator/Schrankenradar\ OSH.build/Schrankenradar\ OSH.DependencyMetadataFileList

WriteAuxiliaryFile /Users/jonasfeischl/Library/Developer/Xcode/DerivedData/Build/Intermediates.noindex/Schrankenradar\ OSH.build/Debug-iphonesimulator/Schrankenradar\ OSH.build/Schrankenradar\ OSH.DependencyStaticMetadataFileList (in target 'Schrankenradar OSH' from project 'Schrankenradar OSH')
    cd /Users/jonasfeischl/Library/Mobile\ Documents/com\~apple\~CloudDocs/XCode/Schrankenradar\ OSH
    write-file /Users/jonasfeischl/Library/Developer/Xcode/DerivedData/Build/Intermediates.noindex/Schrankenradar\ OSH.build/Debug-iphonesimulator/Schrankenradar\ OSH.build/Schrankenradar\ OSH.DependencyStaticMetadataFileList

WriteAuxiliaryFile /Users/jonasfeischl/Library/Developer/Xcode/DerivedData/Build/Intermediates.noindex/Schrankenradar\ OSH.build/Debug-iphonesimulator/Schrankenradar\ OSH.build/Schrankenradar\ OSH.hmap (in target 'Schrankenradar OSH' from project 'Schrankenradar OSH')
    cd /Users/jonasfeischl/Library/Mobile\ Documents/com\~apple\~CloudDocs/XCode/Schrankenradar\ OSH
    write-file /Users/jonasfeischl/Library/Developer/Xcode/DerivedData/Build/Intermediates.noindex/Schrankenradar\ OSH.build/Debug-iphonesimulator/Schrankenradar\ OSH.build/Schrankenradar\ OSH.hmap

WriteAuxiliaryFile /Users/jonasfeischl/Library/Developer/Xcode/DerivedData/Build/Intermediates.noindex/Schrankenradar\ OSH.build/Debug-iphonesimulator/Schrankenradar\ OSH.build/Schrankenradar\ OSH-own-target-headers.hmap (in target 'Schrankenradar OSH' from project 'Schrankenradar OSH')
    cd /Users/jonasfeischl/Library/Mobile\ Documents/com\~apple\~CloudDocs/XCode/Schrankenradar\ OSH
    write-file /Users/jonasfeischl/Library/Developer/Xcode/DerivedData/Build/Intermediates.noindex/Schrankenradar\ OSH.build/Debug-iphonesimulator/Schrankenradar\ OSH.build/Schrankenradar\ OSH-own-target-headers.hmap

WriteAuxiliaryFile /Users/jonasfeischl/Library/Developer/Xcode/DerivedData/Build/Intermediates.noindex/Schrankenradar\ OSH.build/Debug-iphonesimulator/Schrankenradar\ OSH.build/Schrankenradar\ OSH-generated-files.hmap (in target 'Schrankenradar OSH' from project 'Schrankenradar OSH')
    cd /Users/jonasfeischl/Library/Mobile\ Documents/com\~apple\~CloudDocs/XCode/Schrankenradar\ OSH
    write-file /Users/jonasfeischl/Library/Developer/Xcode/DerivedData/Build/Intermediates.noindex/Schrankenradar\ OSH.build/Debug-iphonesimulator/Schrankenradar\ OSH.build/Schrankenradar\ OSH-generated-files.hmap

WriteAuxiliaryFile /Users/jonasfeischl/Library/Developer/Xcode/DerivedData/Build/Intermediates.noindex/Schrankenradar\ OSH.build/Debug-iphonesimulator/Schrankenradar\ OSH.build/Schrankenradar\ OSH-all-target-headers.hmap (in target 'Schrankenradar OSH' from project 'Schrankenradar OSH')
    cd /Users/jonasfeischl/Library/Mobile\ Documents/com\~apple\~CloudDocs/XCode/Schrankenradar\ OSH
    write-file /Users/jonasfeischl/Library/Developer/Xcode/DerivedData/Build/Intermediates.noindex/Schrankenradar\ OSH.build/Debug-iphonesimulator/Schrankenradar\ OSH.build/Schrankenradar\ OSH-all-target-headers.hmap

WriteAuxiliaryFile /Users/jonasfeischl/Library/Developer/Xcode/DerivedData/Build/Intermediates.noindex/Schrankenradar\ OSH.build/Debug-iphonesimulator/Schrankenradar\ OSH.build/Schrankenradar\ OSH-all-non-framework-target-headers.hmap (in target 'Schrankenradar OSH' from project 'Schrankenradar OSH')
    cd /Users/jonasfeischl/Library/Mobile\ Documents/com\~apple\~CloudDocs/XCode/Schrankenradar\ OSH
    write-file /Users/jonasfeischl/Library/Developer/Xcode/DerivedData/Build/Intermediates.noindex/Schrankenradar\ OSH.build/Debug-iphonesimulator/Schrankenradar\ OSH.build/Schrankenradar\ OSH-all-non-framework-target-headers.hmap

WriteAuxiliaryFile /Users/jonasfeischl/Library/Developer/Xcode/DerivedData/Build/Intermediates.noindex/Schrankenradar\ OSH.build/Debug-iphonesimulator/Schrankenradar\ OSH.build/Schrankenradar\ OSH-DebugDylibPath-normal-x86_64.txt (in target 'Schrankenradar OSH' from project 'Schrankenradar OSH')
    cd /Users/jonasfeischl/Library/Mobile\ Documents/com\~apple\~CloudDocs/XCode/Schrankenradar\ OSH
    write-file /Users/jonasfeischl/Library/Developer/Xcode/DerivedData/Build/Intermediates.noindex/Schrankenradar\ OSH.build/Debug-iphonesimulator/Schrankenradar\ OSH.build/Schrankenradar\ OSH-DebugDylibPath-normal-x86_64.txt

WriteAuxiliaryFile /Users/jonasfeischl/Library/Developer/Xcode/DerivedData/Build/Intermediates.noindex/Schrankenradar\ OSH.build/Debug-iphonesimulator/Schrankenradar\ OSH.build/Schrankenradar\ OSH-DebugDylibPath-normal-arm64.txt (in target 'Schrankenradar OSH' from project 'Schrankenradar OSH')
    cd /Users/jonasfeischl/Library/Mobile\ Documents/com\~apple\~CloudDocs/XCode/Schrankenradar\ OSH
    write-file /Users/jonasfeischl/Library/Developer/Xcode/DerivedData/Build/Intermediates.noindex/Schrankenradar\ OSH.build/Debug-iphonesimulator/Schrankenradar\ OSH.build/Schrankenradar\ OSH-DebugDylibPath-normal-arm64.txt

WriteAuxiliaryFile /Users/jonasfeischl/Library/Developer/Xcode/DerivedData/Build/Intermediates.noindex/Schrankenradar\ OSH.build/Debug-iphonesimulator/Schrankenradar\ OSH.build/Schrankenradar\ OSH-DebugDylibInstallName-normal-x86_64.txt (in target 'Schrankenradar OSH' from project 'Schrankenradar OSH')
    cd /Users/jonasfeischl/Library/Mobile\ Documents/com\~apple\~CloudDocs/XCode/Schrankenradar\ OSH
    write-file /Users/jonasfeischl/Library/Developer/Xcode/DerivedData/Build/Intermediates.noindex/Schrankenradar\ OSH.build/Debug-iphonesimulator/Schrankenradar\ OSH.build/Schrankenradar\ OSH-DebugDylibInstallName-normal-x86_64.txt

WriteAuxiliaryFile /Users/jonasfeischl/Library/Developer/Xcode/DerivedData/Build/Intermediates.noindex/Schrankenradar\ OSH.build/Debug-iphonesimulator/Schrankenradar\ OSH.build/Schrankenradar\ OSH-DebugDylibInstallName-normal-arm64.txt (in target 'Schrankenradar OSH' from project 'Schrankenradar OSH')
    cd /Users/jonasfeischl/Library/Mobile\ Documents/com\~apple\~CloudDocs/XCode/Schrankenradar\ OSH
    write-file /Users/jonasfeischl/Library/Developer/Xcode/DerivedData/Build/Intermediates.noindex/Schrankenradar\ OSH.build/Debug-iphonesimulator/Schrankenradar\ OSH.build/Schrankenradar\ OSH-DebugDylibInstallName-normal-arm64.txt

WriteAuxiliaryFile /Users/jonasfeischl/Library/Developer/Xcode/DerivedData/Build/Intermediates.noindex/Schrankenradar\ OSH.build/Debug-iphonesimulator/Schrankenradar\ OSH.build/Objects-normal/x86_64/Schrankenradar\ OSH_const_extract_protocols.json (in target 'Schrankenradar OSH' from project 'Schrankenradar OSH')
    cd /Users/jonasfeischl/Library/Mobile\ Documents/com\~apple\~CloudDocs/XCode/Schrankenradar\ OSH
    write-file /Users/jonasfeischl/Library/Developer/Xcode/DerivedData/Build/Intermediates.noindex/Schrankenradar\ OSH.build/Debug-iphonesimulator/Schrankenradar\ OSH.build/Objects-normal/x86_64/Schrankenradar\ OSH_const_extract_protocols.json

WriteAuxiliaryFile /Users/jonasfeischl/Library/Developer/Xcode/DerivedData/Build/Intermediates.noindex/Schrankenradar\ OSH.build/Debug-iphonesimulator/Schrankenradar\ OSH.build/Objects-normal/x86_64/Schrankenradar\ OSH.SwiftFileList (in target 'Schrankenradar OSH' from project 'Schrankenradar OSH')
    cd /Users/jonasfeischl/Library/Mobile\ Documents/com\~apple\~CloudDocs/XCode/Schrankenradar\ OSH
    write-file /Users/jonasfeischl/Library/Developer/Xcode/DerivedData/Build/Intermediates.noindex/Schrankenradar\ OSH.build/Debug-iphonesimulator/Schrankenradar\ OSH.build/Objects-normal/x86_64/Schrankenradar\ OSH.SwiftFileList

WriteAuxiliaryFile /Users/jonasfeischl/Library/Developer/Xcode/DerivedData/Build/Intermediates.noindex/Schrankenradar\ OSH.build/Debug-iphonesimulator/Schrankenradar\ OSH.build/Objects-normal/x86_64/Schrankenradar\ OSH.SwiftConstValuesFileList (in target 'Schrankenradar OSH' from project 'Schrankenradar OSH')
    cd /Users/jonasfeischl/Library/Mobile\ Documents/com\~apple\~CloudDocs/XCode/Schrankenradar\ OSH
    write-file /Users/jonasfeischl/Library/Developer/Xcode/DerivedData/Build/Intermediates.noindex/Schrankenradar\ OSH.build/Debug-iphonesimulator/Schrankenradar\ OSH.build/Objects-normal/x86_64/Schrankenradar\ OSH.SwiftConstValuesFileList

WriteAuxiliaryFile /Users/jonasfeischl/Library/Developer/Xcode/DerivedData/Build/Intermediates.noindex/Schrankenradar\ OSH.build/Debug-iphonesimulator/Schrankenradar\ OSH.build/Objects-normal/x86_64/Schrankenradar\ OSH.LinkFileList (in target 'Schrankenradar OSH' from project 'Schrankenradar OSH')
    cd /Users/jonasfeischl/Library/Mobile\ Documents/com\~apple\~CloudDocs/XCode/Schrankenradar\ OSH
    write-file /Users/jonasfeischl/Library/Developer/Xcode/DerivedData/Build/Intermediates.noindex/Schrankenradar\ OSH.build/Debug-iphonesimulator/Schrankenradar\ OSH.build/Objects-normal/x86_64/Schrankenradar\ OSH.LinkFileList

WriteAuxiliaryFile /Users/jonasfeischl/Library/Developer/Xcode/DerivedData/Build/Intermediates.noindex/Schrankenradar\ OSH.build/Debug-iphonesimulator/Schrankenradar\ OSH.build/Objects-normal/x86_64/Schrankenradar\ OSH-OutputFileMap.json (in target 'Schrankenradar OSH' from project 'Schrankenradar OSH')
    cd /Users/jonasfeischl/Library/Mobile\ Documents/com\~apple\~CloudDocs/XCode/Schrankenradar\ OSH
    write-file /Users/jonasfeischl/Library/Developer/Xcode/DerivedData/Build/Intermediates.noindex/Schrankenradar\ OSH.build/Debug-iphonesimulator/Schrankenradar\ OSH.build/Objects-normal/x86_64/Schrankenradar\ OSH-OutputFileMap.json

WriteAuxiliaryFile /Users/jonasfeischl/Library/Developer/Xcode/DerivedData/Build/Intermediates.noindex/Schrankenradar\ OSH.build/Debug-iphonesimulator/Schrankenradar\ OSH.build/Objects-normal/arm64/Schrankenradar\ OSH_const_extract_protocols.json (in target 'Schrankenradar OSH' from project 'Schrankenradar OSH')
    cd /Users/jonasfeischl/Library/Mobile\ Documents/com\~apple\~CloudDocs/XCode/Schrankenradar\ OSH
    write-file /Users/jonasfeischl/Library/Developer/Xcode/DerivedData/Build/Intermediates.noindex/Schrankenradar\ OSH.build/Debug-iphonesimulator/Schrankenradar\ OSH.build/Objects-normal/arm64/Schrankenradar\ OSH_const_extract_protocols.json

WriteAuxiliaryFile /Users/jonasfeischl/Library/Developer/Xcode/DerivedData/Build/Intermediates.noindex/Schrankenradar\ OSH.build/Debug-iphonesimulator/Schrankenradar\ OSH.build/Objects-normal/arm64/Schrankenradar\ OSH.SwiftFileList (in target 'Schrankenradar OSH' from project 'Schrankenradar OSH')
    cd /Users/jonasfeischl/Library/Mobile\ Documents/com\~apple\~CloudDocs/XCode/Schrankenradar\ OSH
    write-file /Users/jonasfeischl/Library/Developer/Xcode/DerivedData/Build/Intermediates.noindex/Schrankenradar\ OSH.build/Debug-iphonesimulator/Schrankenradar\ OSH.build/Objects-normal/arm64/Schrankenradar\ OSH.SwiftFileList

WriteAuxiliaryFile /Users/jonasfeischl/Library/Developer/Xcode/DerivedData/Build/Intermediates.noindex/Schrankenradar\ OSH.build/Debug-iphonesimulator/Schrankenradar\ OSH.build/Objects-normal/arm64/Schrankenradar\ OSH.SwiftConstValuesFileList (in target 'Schrankenradar OSH' from project 'Schrankenradar OSH')
    cd /Users/jonasfeischl/Library/Mobile\ Documents/com\~apple\~CloudDocs/XCode/Schrankenradar\ OSH
    write-file /Users/jonasfeischl/Library/Developer/Xcode/DerivedData/Build/Intermediates.noindex/Schrankenradar\ OSH.build/Debug-iphonesimulator/Schrankenradar\ OSH.build/Objects-normal/arm64/Schrankenradar\ OSH.SwiftConstValuesFileList

WriteAuxiliaryFile /Users/jonasfeischl/Library/Developer/Xcode/DerivedData/Build/Intermediates.noindex/Schrankenradar\ OSH.build/Debug-iphonesimulator/Schrankenradar\ OSH.build/Objects-normal/arm64/Schrankenradar\ OSH.LinkFileList (in target 'Schrankenradar OSH' from project 'Schrankenradar OSH')
    cd /Users/jonasfeischl/Library/Mobile\ Documents/com\~apple\~CloudDocs/XCode/Schrankenradar\ OSH
    write-file /Users/jonasfeischl/Library/Developer/Xcode/DerivedData/Build/Intermediates.noindex/Schrankenradar\ OSH.build/Debug-iphonesimulator/Schrankenradar\ OSH.build/Objects-normal/arm64/Schrankenradar\ OSH.LinkFileList

WriteAuxiliaryFile /Users/jonasfeischl/Library/Developer/Xcode/DerivedData/Build/Intermediates.noindex/Schrankenradar\ OSH.build/Debug-iphonesimulator/Schrankenradar\ OSH.build/Objects-normal/arm64/Schrankenradar\ OSH-OutputFileMap.json (in target 'Schrankenradar OSH' from project 'Schrankenradar OSH')
    cd /Users/jonasfeischl/Library/Mobile\ Documents/com\~apple\~CloudDocs/XCode/Schrankenradar\ OSH
    write-file /Users/jonasfeischl/Library/Developer/Xcode/DerivedData/Build/Intermediates.noindex/Schrankenradar\ OSH.build/Debug-iphonesimulator/Schrankenradar\ OSH.build/Objects-normal/arm64/Schrankenradar\ OSH-OutputFileMap.json

WriteAuxiliaryFile /Users/jonasfeischl/Library/Developer/Xcode/DerivedData/Build/Intermediates.noindex/Schrankenradar\ OSH.build/Debug-iphonesimulator/Schrankenradar\ OSH.build/DerivedSources/Entitlements-Simulated.plist (in target 'Schrankenradar OSH' from project 'Schrankenradar OSH')
    cd /Users/jonasfeischl/Library/Mobile\ Documents/com\~apple\~CloudDocs/XCode/Schrankenradar\ OSH
    write-file /Users/jonasfeischl/Library/Developer/Xcode/DerivedData/Build/Intermediates.noindex/Schrankenradar\ OSH.build/Debug-iphonesimulator/Schrankenradar\ OSH.build/DerivedSources/Entitlements-Simulated.plist

WriteAuxiliaryFile /Users/jonasfeischl/Library/Developer/Xcode/DerivedData/Build/Intermediates.noindex/onnxruntime.build/Debug-iphonesimulator/OnnxRuntimeBindings.build/OnnxRuntimeBindings.modulemap (in target 'OnnxRuntimeBindings' from project 'onnxruntime')
    cd /Users/jonasfeischl/Library/Developer/Xcode/DerivedData/Schrankenradar_OSH-ebqzdoyknyoypddbebsxymqcuicf/SourcePackages/checkouts/onnxruntime-swift-package-manager
    write-file /Users/jonasfeischl/Library/Developer/Xcode/DerivedData/Build/Intermediates.noindex/onnxruntime.build/Debug-iphonesimulator/OnnxRuntimeBindings.build/OnnxRuntimeBindings.modulemap

WriteAuxiliaryFile /Users/jonasfeischl/Library/Developer/Xcode/DerivedData/Build/Intermediates.noindex/onnxruntime.build/Debug-iphonesimulator/OnnxRuntimeBindings.build/OnnxRuntimeBindings.DependencyStaticMetadataFileList (in target 'OnnxRuntimeBindings' from project 'onnxruntime')
    cd /Users/jonasfeischl/Library/Developer/Xcode/DerivedData/Schrankenradar_OSH-ebqzdoyknyoypddbebsxymqcuicf/SourcePackages/checkouts/onnxruntime-swift-package-manager
    write-file /Users/jonasfeischl/Library/Developer/Xcode/DerivedData/Build/Intermediates.noindex/onnxruntime.build/Debug-iphonesimulator/OnnxRuntimeBindings.build/OnnxRuntimeBindings.DependencyStaticMetadataFileList

WriteAuxiliaryFile /Users/jonasfeischl/Library/Developer/Xcode/DerivedData/Build/Intermediates.noindex/onnxruntime.build/Debug-iphonesimulator/OnnxRuntimeBindings.build/OnnxRuntimeBindings.DependencyMetadataFileList (in target 'OnnxRuntimeBindings' from project 'onnxruntime')
    cd /Users/jonasfeischl/Library/Developer/Xcode/DerivedData/Schrankenradar_OSH-ebqzdoyknyoypddbebsxymqcuicf/SourcePackages/checkouts/onnxruntime-swift-package-manager
    write-file /Users/jonasfeischl/Library/Developer/Xcode/DerivedData/Build/Intermediates.noindex/onnxruntime.build/Debug-iphonesimulator/OnnxRuntimeBindings.build/OnnxRuntimeBindings.DependencyMetadataFileList

WriteAuxiliaryFile /Users/jonasfeischl/Library/Developer/Xcode/DerivedData/Build/Intermediates.noindex/onnxruntime.build/Debug-iphonesimulator/OnnxRuntimeBindings.build/Objects-normal/x86_64/af3fcb34312c57c0f52879cdce924b91-common-args.resp (in target 'OnnxRuntimeBindings' from project 'onnxruntime')
    cd /Users/jonasfeischl/Library/Developer/Xcode/DerivedData/Schrankenradar_OSH-ebqzdoyknyoypddbebsxymqcuicf/SourcePackages/checkouts/onnxruntime-swift-package-manager
    write-file /Users/jonasfeischl/Library/Developer/Xcode/DerivedData/Build/Intermediates.noindex/onnxruntime.build/Debug-iphonesimulator/OnnxRuntimeBindings.build/Objects-normal/x86_64/af3fcb34312c57c0f52879cdce924b91-common-args.resp
'-std=c++17' -fobjc-arc -fmodules -fno-cxx-modules -gmodules '-fmodules-cache-path=/Users/jonasfeischl/Library/Developer/Xcode/DerivedData/ModuleCache.noindex' '-fmodule-name=OnnxRuntimeBindings' '-D_LIBCPP_HARDENING_MODE=_LIBCPP_HARDENING_MODE_DEBUG' -fpascal-strings -O0 -DSWIFT_PACKAGE '-DDEBUG=1' -DSPM_BUILD '-DOBJC_OLD_DISPATCH_PROTOTYPES=1' -fasm-blocks -g -fvisibility-inlines-hidden '-fobjc-abi-version=2' -fobjc-legacy-dispatch -I/Users/jonasfeischl/Library/Developer/Xcode/DerivedData/Build/Products/Debug-iphonesimulator/include -I/Users/jonasfeischl/Library/Developer/Xcode/DerivedData/Schrankenradar_OSH-ebqzdoyknyoypddbebsxymqcuicf/SourcePackages/checkouts/onnxruntime-swift-package-manager/objectivec/include -I/Users/jonasfeischl/Library/Developer/Xcode/DerivedData/Build/Intermediates.noindex/onnxruntime.build/Debug-iphonesimulator/OnnxRuntimeBindings.build/DerivedSources-normal/x86_64 -I/Users/jonasfeischl/Library/Developer/Xcode/DerivedData/Build/Intermediates.noindex/onnxruntime.build/Debug-iphonesimulator/OnnxRuntimeBindings.build/DerivedSources/x86_64 -I/Users/jonasfeischl/Library/Developer/Xcode/DerivedData/Build/Intermediates.noindex/onnxruntime.build/Debug-iphonesimulator/OnnxRuntimeBindings.build/DerivedSources -F/Users/jonasfeischl/Library/Developer/Xcode/DerivedData/Build/Products/Debug-iphonesimulator -iframework /Applications/Xcode.app/Contents/Developer/Platforms/iPhoneSimulator.platform/Developer/Library/Frameworks -iframework /Applications/Xcode.app/Contents/Developer/Platforms/iPhoneSimulator.platform/Developer/SDKs/iPhoneSimulator26.5.sdk/Developer/Library/Frameworks -DXcode

WriteAuxiliaryFile /Users/jonasfeischl/Library/Developer/Xcode/DerivedData/Build/Intermediates.noindex/onnxruntime.build/Debug-iphonesimulator/OnnxRuntimeBindings.build/Objects-normal/x86_64/OnnxRuntimeBindings.LinkFileList (in target 'OnnxRuntimeBindings' from project 'onnxruntime')
    cd /Users/jonasfeischl/Library/Developer/Xcode/DerivedData/Schrankenradar_OSH-ebqzdoyknyoypddbebsxymqcuicf/SourcePackages/checkouts/onnxruntime-swift-package-manager
    write-file /Users/jonasfeischl/Library/Developer/Xcode/DerivedData/Build/Intermediates.noindex/onnxruntime.build/Debug-iphonesimulator/OnnxRuntimeBindings.build/Objects-normal/x86_64/OnnxRuntimeBindings.LinkFileList

WriteAuxiliaryFile /Users/jonasfeischl/Library/Developer/Xcode/DerivedData/Build/Intermediates.noindex/onnxruntime.build/Debug-iphonesimulator/OnnxRuntimeBindings.build/Objects-normal/arm64/af3fcb34312c57c0f52879cdce924b91-common-args.resp (in target 'OnnxRuntimeBindings' from project 'onnxruntime')
    cd /Users/jonasfeischl/Library/Developer/Xcode/DerivedData/Schrankenradar_OSH-ebqzdoyknyoypddbebsxymqcuicf/SourcePackages/checkouts/onnxruntime-swift-package-manager
    write-file /Users/jonasfeischl/Library/Developer/Xcode/DerivedData/Build/Intermediates.noindex/onnxruntime.build/Debug-iphonesimulator/OnnxRuntimeBindings.build/Objects-normal/arm64/af3fcb34312c57c0f52879cdce924b91-common-args.resp
'-std=c++17' -fobjc-arc -fmodules -fno-cxx-modules -gmodules '-fmodules-cache-path=/Users/jonasfeischl/Library/Developer/Xcode/DerivedData/ModuleCache.noindex' '-fmodule-name=OnnxRuntimeBindings' '-D_LIBCPP_HARDENING_MODE=_LIBCPP_HARDENING_MODE_DEBUG' -fpascal-strings -O0 -DSWIFT_PACKAGE '-DDEBUG=1' -DSPM_BUILD '-DOBJC_OLD_DISPATCH_PROTOTYPES=1' -g -fvisibility-inlines-hidden '-fobjc-abi-version=2' -fobjc-legacy-dispatch -I/Users/jonasfeischl/Library/Developer/Xcode/DerivedData/Build/Products/Debug-iphonesimulator/include -I/Users/jonasfeischl/Library/Developer/Xcode/DerivedData/Schrankenradar_OSH-ebqzdoyknyoypddbebsxymqcuicf/SourcePackages/checkouts/onnxruntime-swift-package-manager/objectivec/include -I/Users/jonasfeischl/Library/Developer/Xcode/DerivedData/Build/Intermediates.noindex/onnxruntime.build/Debug-iphonesimulator/OnnxRuntimeBindings.build/DerivedSources-normal/arm64 -I/Users/jonasfeischl/Library/Developer/Xcode/DerivedData/Build/Intermediates.noindex/onnxruntime.build/Debug-iphonesimulator/OnnxRuntimeBindings.build/DerivedSources/arm64 -I/Users/jonasfeischl/Library/Developer/Xcode/DerivedData/Build/Intermediates.noindex/onnxruntime.build/Debug-iphonesimulator/OnnxRuntimeBindings.build/DerivedSources -F/Users/jonasfeischl/Library/Developer/Xcode/DerivedData/Build/Products/Debug-iphonesimulator -iframework /Applications/Xcode.app/Contents/Developer/Platforms/iPhoneSimulator.platform/Developer/Library/Frameworks -iframework /Applications/Xcode.app/Contents/Developer/Platforms/iPhoneSimulator.platform/Developer/SDKs/iPhoneSimulator26.5.sdk/Developer/Library/Frameworks -DXcode

WriteAuxiliaryFile /Users/jonasfeischl/Library/Developer/Xcode/DerivedData/Build/Intermediates.noindex/onnxruntime.build/Debug-iphonesimulator/OnnxRuntimeBindings.build/Objects-normal/arm64/OnnxRuntimeBindings.LinkFileList (in target 'OnnxRuntimeBindings' from project 'onnxruntime')
    cd /Users/jonasfeischl/Library/Developer/Xcode/DerivedData/Schrankenradar_OSH-ebqzdoyknyoypddbebsxymqcuicf/SourcePackages/checkouts/onnxruntime-swift-package-manager
    write-file /Users/jonasfeischl/Library/Developer/Xcode/DerivedData/Build/Intermediates.noindex/onnxruntime.build/Debug-iphonesimulator/OnnxRuntimeBindings.build/Objects-normal/arm64/OnnxRuntimeBindings.LinkFileList

MkDir /Users/jonasfeischl/Library/Developer/Xcode/DerivedData/Build/Products/Debug-iphonesimulator/Schrankenradar\ OSH.app/PlugIns (in target 'Schrankenradar OSH' from project 'Schrankenradar OSH')
    cd /Users/jonasfeischl/Library/Mobile\ Documents/com\~apple\~CloudDocs/XCode/Schrankenradar\ OSH
    /bin/mkdir -p /Users/jonasfeischl/Library/Developer/Xcode/DerivedData/Build/Products/Debug-iphonesimulator/Schrankenradar\ OSH.app/PlugIns

Copy /Users/jonasfeischl/Library/Developer/Xcode/DerivedData/Build/Intermediates.noindex/GeneratedModuleMaps-iphonesimulator/OnnxRuntimeBindings.modulemap /Users/jonasfeischl/Library/Developer/Xcode/DerivedData/Build/Intermediates.noindex/onnxruntime.build/Debug-iphonesimulator/OnnxRuntimeBindings.build/OnnxRuntimeBindings.modulemap (in target 'OnnxRuntimeBindings' from project 'onnxruntime')
    cd /Users/jonasfeischl/Library/Developer/Xcode/DerivedData/Schrankenradar_OSH-ebqzdoyknyoypddbebsxymqcuicf/SourcePackages/checkouts/onnxruntime-swift-package-manager
    builtin-copy -exclude .DS_Store -exclude CVS -exclude .svn -exclude .git -exclude .hg -resolve-src-symlinks /Users/jonasfeischl/Library/Developer/Xcode/DerivedData/Build/Intermediates.noindex/onnxruntime.build/Debug-iphonesimulator/OnnxRuntimeBindings.build/OnnxRuntimeBindings.modulemap /Users/jonasfeischl/Library/Developer/Xcode/DerivedData/Build/Intermediates.noindex/GeneratedModuleMaps-iphonesimulator

MkDir /Users/jonasfeischl/Library/Developer/Xcode/DerivedData/Build/Products/Debug-iphonesimulator/Schrankenradar\ OSH.app/Frameworks (in target 'Schrankenradar OSH' from project 'Schrankenradar OSH')
    cd /Users/jonasfeischl/Library/Mobile\ Documents/com\~apple\~CloudDocs/XCode/Schrankenradar\ OSH
    /bin/mkdir -p /Users/jonasfeischl/Library/Developer/Xcode/DerivedData/Build/Products/Debug-iphonesimulator/Schrankenradar\ OSH.app/Frameworks

MkDir /Users/jonasfeischl/Library/Developer/Xcode/DerivedData/Build/Products/Debug-iphonesimulator/Schrankenradar\ OSH.app (in target 'Schrankenradar OSH' from project 'Schrankenradar OSH')
    cd /Users/jonasfeischl/Library/Mobile\ Documents/com\~apple\~CloudDocs/XCode/Schrankenradar\ OSH
    /bin/mkdir -p /Users/jonasfeischl/Library/Developer/Xcode/DerivedData/Build/Products/Debug-iphonesimulator/Schrankenradar\ OSH.app

CreateUniversalBinary /Users/jonasfeischl/Library/Developer/Xcode/DerivedData/Build/Products/Debug-iphonesimulator/SchrankenradarWidgetExtension.appex/__preview.dylib normal arm64\ x86_64 (in target 'SchrankenradarWidgetExtension' from project 'Schrankenradar OSH')
    cd /Users/jonasfeischl/Library/Mobile\ Documents/com\~apple\~CloudDocs/XCode/Schrankenradar\ OSH
    /Applications/Xcode.app/Contents/Developer/Toolchains/XcodeDefault.xctoolchain/usr/bin/lipo -create /Users/jonasfeischl/Library/Developer/Xcode/DerivedData/Build/Intermediates.noindex/Schrankenradar\ OSH.build/Debug-iphonesimulator/SchrankenradarWidgetExtension.build/Objects-normal/arm64/Binary/__preview.dylib /Users/jonasfeischl/Library/Developer/Xcode/DerivedData/Build/Intermediates.noindex/Schrankenradar\ OSH.build/Debug-iphonesimulator/SchrankenradarWidgetExtension.build/Objects-normal/x86_64/Binary/__preview.dylib -output /Users/jonasfeischl/Library/Developer/Xcode/DerivedData/Build/Products/Debug-iphonesimulator/SchrankenradarWidgetExtension.appex/__preview.dylib

CompileC /Users/jonasfeischl/Library/Developer/Xcode/DerivedData/Build/Intermediates.noindex/onnxruntime.build/Debug-iphonesimulator/OnnxRuntimeBindings.build/Objects-normal/x86_64/ort_xnnpack_execution_provider.o /Users/jonasfeischl/Library/Developer/Xcode/DerivedData/Schrankenradar_OSH-ebqzdoyknyoypddbebsxymqcuicf/SourcePackages/checkouts/onnxruntime-swift-package-manager/objectivec/ort_xnnpack_execution_provider.mm normal x86_64 objective-c++ com.apple.compilers.llvm.clang.1_0.compiler (in target 'OnnxRuntimeBindings' from project 'onnxruntime')
    cd /Users/jonasfeischl/Library/Mobile\ Documents/com\~apple\~CloudDocs/XCode/Schrankenradar\ OSH/Schrankenradar\ OSH.xcodeproj
    
    Using response file: /Users/jonasfeischl/Library/Developer/Xcode/DerivedData/Build/Intermediates.noindex/onnxruntime.build/Debug-iphonesimulator/OnnxRuntimeBindings.build/Objects-normal/x86_64/af3fcb34312c57c0f52879cdce924b91-common-args.resp
    
    /Applications/Xcode.app/Contents/Developer/Toolchains/XcodeDefault.xctoolchain/usr/bin/clang -x objective-c++ -ivfsstatcache /Users/jonasfeischl/Library/Developer/Xcode/DerivedData/SDKStatCaches.noindex/iphonesimulator26.5-23F81a-6cfe768891a92b912361537c460fe42b.sdkstatcache -target x86_64-apple-ios13.0-simulator -fmessage-length\=0 -fdiagnostics-show-note-include-stack -fmacro-backtrace-limit\=0 -fno-color-diagnostics -fmodules-prune-interval\=86400 -fmodules-prune-after\=345600 -fbuild-session-file\=/Users/jonasfeischl/Library/Developer/Xcode/DerivedData/ModuleCache.noindex/Session.modulevalidation -fmodules-validate-once-per-build-session -Wnon-modular-include-in-framework-module -Werror\=non-modular-include-in-framework-module -Wno-trigraphs -Wno-missing-field-initializers -Wno-missing-prototypes -Wno-return-type -Wno-implicit-atomic-properties -Wno-objc-interface-ivars -Wno-arc-repeated-use-of-weak -Wno-non-virtual-dtor -Wno-overloaded-virtual -Wno-exit-time-destructors -Wno-missing-braces -Wparentheses -Wswitch -Wno-unused-function -Wno-unused-label -Wno-unused-parameter -Wno-unused-variable -Wunused-value -Wno-empty-body -Wno-uninitialized -Wno-unknown-pragmas -w -Wno-shadow -Wno-four-char-constants -Wno-conversion -Wno-constant-conversion -Wno-int-conversion -Wno-bool-conversion -Wno-enum-conversion -Wno-float-conversion -Wno-non-literal-null-conversion -Wno-objc-literal-conversion -Wshorten-64-to-32 -Wno-newline-eof -Wno-selector -Wno-strict-selector-match -Wno-undeclared-selector -Wno-deprecated-implementations -Wno-c++11-extensions -Wno-implicit-fallthrough -isysroot /Applications/Xcode.app/Contents/Developer/Platforms/iPhoneSimulator.platform/Developer/SDKs/iPhoneSimulator26.5.sdk -fstrict-aliasing -Wprotocol -Wdeprecated-declarations -Winvalid-offsetof -Wno-sign-conversion -Wno-infinite-recursion -Wno-move -Wno-comma -Wno-block-capture-autoreleasing -Wno-strict-prototypes -Wno-range-loop-analysis -Wno-semicolon-before-method-body -index-store-path /Users/jonasfeischl/Library/Developer/Xcode/DerivedData/Schrankenradar_OSH-ebqzdoyknyoypddbebsxymqcuicf/Index.noindex/DataStore @/Users/jonasfeischl/Library/Developer/Xcode/DerivedData/Build/Intermediates.noindex/onnxruntime.build/Debug-iphonesimulator/OnnxRuntimeBindings.build/Objects-normal/x86_64/af3fcb34312c57c0f52879cdce924b91-common-args.resp -MMD -MT dependencies -MF /Users/jonasfeischl/Library/Developer/Xcode/DerivedData/Build/Intermediates.noindex/onnxruntime.build/Debug-iphonesimulator/OnnxRuntimeBindings.build/Objects-normal/x86_64/ort_xnnpack_execution_provider.d --serialize-diagnostics /Users/jonasfeischl/Library/Developer/Xcode/DerivedData/Build/Intermediates.noindex/onnxruntime.build/Debug-iphonesimulator/OnnxRuntimeBindings.build/Objects-normal/x86_64/ort_xnnpack_execution_provider.dia -c /Users/jonasfeischl/Library/Developer/Xcode/DerivedData/Schrankenradar_OSH-ebqzdoyknyoypddbebsxymqcuicf/SourcePackages/checkouts/onnxruntime-swift-package-manager/objectivec/ort_xnnpack_execution_provider.mm -o /Users/jonasfeischl/Library/Developer/Xcode/DerivedData/Build/Intermediates.noindex/onnxruntime.build/Debug-iphonesimulator/OnnxRuntimeBindings.build/Objects-normal/x86_64/ort_xnnpack_execution_provider.o -index-unit-output-path /onnxruntime.build/Debug-iphonesimulator/OnnxRuntimeBindings.build/Objects-normal/x86_64/ort_xnnpack_execution_provider.o

CompileC /Users/jonasfeischl/Library/Developer/Xcode/DerivedData/Build/Intermediates.noindex/onnxruntime.build/Debug-iphonesimulator/OnnxRuntimeBindings.build/Objects-normal/x86_64/ort_enums.o /Users/jonasfeischl/Library/Developer/Xcode/DerivedData/Schrankenradar_OSH-ebqzdoyknyoypddbebsxymqcuicf/SourcePackages/checkouts/onnxruntime-swift-package-manager/objectivec/ort_enums.mm normal x86_64 objective-c++ com.apple.compilers.llvm.clang.1_0.compiler (in target 'OnnxRuntimeBindings' from project 'onnxruntime')
    cd /Users/jonasfeischl/Library/Mobile\ Documents/com\~apple\~CloudDocs/XCode/Schrankenradar\ OSH/Schrankenradar\ OSH.xcodeproj
    
    Using response file: /Users/jonasfeischl/Library/Developer/Xcode/DerivedData/Build/Intermediates.noindex/onnxruntime.build/Debug-iphonesimulator/OnnxRuntimeBindings.build/Objects-normal/x86_64/af3fcb34312c57c0f52879cdce924b91-common-args.resp
    
    /Applications/Xcode.app/Contents/Developer/Toolchains/XcodeDefault.xctoolchain/usr/bin/clang -x objective-c++ -ivfsstatcache /Users/jonasfeischl/Library/Developer/Xcode/DerivedData/SDKStatCaches.noindex/iphonesimulator26.5-23F81a-6cfe768891a92b912361537c460fe42b.sdkstatcache -target x86_64-apple-ios13.0-simulator -fmessage-length\=0 -fdiagnostics-show-note-include-stack -fmacro-backtrace-limit\=0 -fno-color-diagnostics -fmodules-prune-interval\=86400 -fmodules-prune-after\=345600 -fbuild-session-file\=/Users/jonasfeischl/Library/Developer/Xcode/DerivedData/ModuleCache.noindex/Session.modulevalidation -fmodules-validate-once-per-build-session -Wnon-modular-include-in-framework-module -Werror\=non-modular-include-in-framework-module -Wno-trigraphs -Wno-missing-field-initializers -Wno-missing-prototypes -Wno-return-type -Wno-implicit-atomic-properties -Wno-objc-interface-ivars -Wno-arc-repeated-use-of-weak -Wno-non-virtual-dtor -Wno-overloaded-virtual -Wno-exit-time-destructors -Wno-missing-braces -Wparentheses -Wswitch -Wno-unused-function -Wno-unused-label -Wno-unused-parameter -Wno-unused-variable -Wunused-value -Wno-empty-body -Wno-uninitialized -Wno-unknown-pragmas -w -Wno-shadow -Wno-four-char-constants -Wno-conversion -Wno-constant-conversion -Wno-int-conversion -Wno-bool-conversion -Wno-enum-conversion -Wno-float-conversion -Wno-non-literal-null-conversion -Wno-objc-literal-conversion -Wshorten-64-to-32 -Wno-newline-eof -Wno-selector -Wno-strict-selector-match -Wno-undeclared-selector -Wno-deprecated-implementations -Wno-c++11-extensions -Wno-implicit-fallthrough -isysroot /Applications/Xcode.app/Contents/Developer/Platforms/iPhoneSimulator.platform/Developer/SDKs/iPhoneSimulator26.5.sdk -fstrict-aliasing -Wprotocol -Wdeprecated-declarations -Winvalid-offsetof -Wno-sign-conversion -Wno-infinite-recursion -Wno-move -Wno-comma -Wno-block-capture-autoreleasing -Wno-strict-prototypes -Wno-range-loop-analysis -Wno-semicolon-before-method-body -index-store-path /Users/jonasfeischl/Library/Developer/Xcode/DerivedData/Schrankenradar_OSH-ebqzdoyknyoypddbebsxymqcuicf/Index.noindex/DataStore @/Users/jonasfeischl/Library/Developer/Xcode/DerivedData/Build/Intermediates.noindex/onnxruntime.build/Debug-iphonesimulator/OnnxRuntimeBindings.build/Objects-normal/x86_64/af3fcb34312c57c0f52879cdce924b91-common-args.resp -MMD -MT dependencies -MF /Users/jonasfeischl/Library/Developer/Xcode/DerivedData/Build/Intermediates.noindex/onnxruntime.build/Debug-iphonesimulator/OnnxRuntimeBindings.build/Objects-normal/x86_64/ort_enums.d --serialize-diagnostics /Users/jonasfeischl/Library/Developer/Xcode/DerivedData/Build/Intermediates.noindex/onnxruntime.build/Debug-iphonesimulator/OnnxRuntimeBindings.build/Objects-normal/x86_64/ort_enums.dia -c /Users/jonasfeischl/Library/Developer/Xcode/DerivedData/Schrankenradar_OSH-ebqzdoyknyoypddbebsxymqcuicf/SourcePackages/checkouts/onnxruntime-swift-package-manager/objectivec/ort_enums.mm -o /Users/jonasfeischl/Library/Developer/Xcode/DerivedData/Build/Intermediates.noindex/onnxruntime.build/Debug-iphonesimulator/OnnxRuntimeBindings.build/Objects-normal/x86_64/ort_enums.o -index-unit-output-path /onnxruntime.build/Debug-iphonesimulator/OnnxRuntimeBindings.build/Objects-normal/x86_64/ort_enums.o

CompileC /Users/jonasfeischl/Library/Developer/Xcode/DerivedData/Build/Intermediates.noindex/onnxruntime.build/Debug-iphonesimulator/OnnxRuntimeBindings.build/Objects-normal/x86_64/ort_coreml_execution_provider.o /Users/jonasfeischl/Library/Developer/Xcode/DerivedData/Schrankenradar_OSH-ebqzdoyknyoypddbebsxymqcuicf/SourcePackages/checkouts/onnxruntime-swift-package-manager/objectivec/ort_coreml_execution_provider.mm normal x86_64 objective-c++ com.apple.compilers.llvm.clang.1_0.compiler (in target 'OnnxRuntimeBindings' from project 'onnxruntime')
    cd /Users/jonasfeischl/Library/Mobile\ Documents/com\~apple\~CloudDocs/XCode/Schrankenradar\ OSH/Schrankenradar\ OSH.xcodeproj
    
    Using response file: /Users/jonasfeischl/Library/Developer/Xcode/DerivedData/Build/Intermediates.noindex/onnxruntime.build/Debug-iphonesimulator/OnnxRuntimeBindings.build/Objects-normal/x86_64/af3fcb34312c57c0f52879cdce924b91-common-args.resp
    
    /Applications/Xcode.app/Contents/Developer/Toolchains/XcodeDefault.xctoolchain/usr/bin/clang -x objective-c++ -ivfsstatcache /Users/jonasfeischl/Library/Developer/Xcode/DerivedData/SDKStatCaches.noindex/iphonesimulator26.5-23F81a-6cfe768891a92b912361537c460fe42b.sdkstatcache -target x86_64-apple-ios13.0-simulator -fmessage-length\=0 -fdiagnostics-show-note-include-stack -fmacro-backtrace-limit\=0 -fno-color-diagnostics -fmodules-prune-interval\=86400 -fmodules-prune-after\=345600 -fbuild-session-file\=/Users/jonasfeischl/Library/Developer/Xcode/DerivedData/ModuleCache.noindex/Session.modulevalidation -fmodules-validate-once-per-build-session -Wnon-modular-include-in-framework-module -Werror\=non-modular-include-in-framework-module -Wno-trigraphs -Wno-missing-field-initializers -Wno-missing-prototypes -Wno-return-type -Wno-implicit-atomic-properties -Wno-objc-interface-ivars -Wno-arc-repeated-use-of-weak -Wno-non-virtual-dtor -Wno-overloaded-virtual -Wno-exit-time-destructors -Wno-missing-braces -Wparentheses -Wswitch -Wno-unused-function -Wno-unused-label -Wno-unused-parameter -Wno-unused-variable -Wunused-value -Wno-empty-body -Wno-uninitialized -Wno-unknown-pragmas -w -Wno-shadow -Wno-four-char-constants -Wno-conversion -Wno-constant-conversion -Wno-int-conversion -Wno-bool-conversion -Wno-enum-conversion -Wno-float-conversion -Wno-non-literal-null-conversion -Wno-objc-literal-conversion -Wshorten-64-to-32 -Wno-newline-eof -Wno-selector -Wno-strict-selector-match -Wno-undeclared-selector -Wno-deprecated-implementations -Wno-c++11-extensions -Wno-implicit-fallthrough -isysroot /Applications/Xcode.app/Contents/Developer/Platforms/iPhoneSimulator.platform/Developer/SDKs/iPhoneSimulator26.5.sdk -fstrict-aliasing -Wprotocol -Wdeprecated-declarations -Winvalid-offsetof -Wno-sign-conversion -Wno-infinite-recursion -Wno-move -Wno-comma -Wno-block-capture-autoreleasing -Wno-strict-prototypes -Wno-range-loop-analysis -Wno-semicolon-before-method-body -index-store-path /Users/jonasfeischl/Library/Developer/Xcode/DerivedData/Schrankenradar_OSH-ebqzdoyknyoypddbebsxymqcuicf/Index.noindex/DataStore @/Users/jonasfeischl/Library/Developer/Xcode/DerivedData/Build/Intermediates.noindex/onnxruntime.build/Debug-iphonesimulator/OnnxRuntimeBindings.build/Objects-normal/x86_64/af3fcb34312c57c0f52879cdce924b91-common-args.resp -MMD -MT dependencies -MF /Users/jonasfeischl/Library/Developer/Xcode/DerivedData/Build/Intermediates.noindex/onnxruntime.build/Debug-iphonesimulator/OnnxRuntimeBindings.build/Objects-normal/x86_64/ort_coreml_execution_provider.d --serialize-diagnostics /Users/jonasfeischl/Library/Developer/Xcode/DerivedData/Build/Intermediates.noindex/onnxruntime.build/Debug-iphonesimulator/OnnxRuntimeBindings.build/Objects-normal/x86_64/ort_coreml_execution_provider.dia -c /Users/jonasfeischl/Library/Developer/Xcode/DerivedData/Schrankenradar_OSH-ebqzdoyknyoypddbebsxymqcuicf/SourcePackages/checkouts/onnxruntime-swift-package-manager/objectivec/ort_coreml_execution_provider.mm -o /Users/jonasfeischl/Library/Developer/Xcode/DerivedData/Build/Intermediates.noindex/onnxruntime.build/Debug-iphonesimulator/OnnxRuntimeBindings.build/Objects-normal/x86_64/ort_coreml_execution_provider.o -index-unit-output-path /onnxruntime.build/Debug-iphonesimulator/OnnxRuntimeBindings.build/Objects-normal/x86_64/ort_coreml_execution_provider.o

CompileC /Users/jonasfeischl/Library/Developer/Xcode/DerivedData/Build/Intermediates.noindex/onnxruntime.build/Debug-iphonesimulator/OnnxRuntimeBindings.build/Objects-normal/x86_64/error_utils.o /Users/jonasfeischl/Library/Developer/Xcode/DerivedData/Schrankenradar_OSH-ebqzdoyknyoypddbebsxymqcuicf/SourcePackages/checkouts/onnxruntime-swift-package-manager/objectivec/error_utils.mm normal x86_64 objective-c++ com.apple.compilers.llvm.clang.1_0.compiler (in target 'OnnxRuntimeBindings' from project 'onnxruntime')
    cd /Users/jonasfeischl/Library/Mobile\ Documents/com\~apple\~CloudDocs/XCode/Schrankenradar\ OSH/Schrankenradar\ OSH.xcodeproj
    
    Using response file: /Users/jonasfeischl/Library/Developer/Xcode/DerivedData/Build/Intermediates.noindex/onnxruntime.build/Debug-iphonesimulator/OnnxRuntimeBindings.build/Objects-normal/x86_64/af3fcb34312c57c0f52879cdce924b91-common-args.resp
    
    /Applications/Xcode.app/Contents/Developer/Toolchains/XcodeDefault.xctoolchain/usr/bin/clang -x objective-c++ -ivfsstatcache /Users/jonasfeischl/Library/Developer/Xcode/DerivedData/SDKStatCaches.noindex/iphonesimulator26.5-23F81a-6cfe768891a92b912361537c460fe42b.sdkstatcache -target x86_64-apple-ios13.0-simulator -fmessage-length\=0 -fdiagnostics-show-note-include-stack -fmacro-backtrace-limit\=0 -fno-color-diagnostics -fmodules-prune-interval\=86400 -fmodules-prune-after\=345600 -fbuild-session-file\=/Users/jonasfeischl/Library/Developer/Xcode/DerivedData/ModuleCache.noindex/Session.modulevalidation -fmodules-validate-once-per-build-session -Wnon-modular-include-in-framework-module -Werror\=non-modular-include-in-framework-module -Wno-trigraphs -Wno-missing-field-initializers -Wno-missing-prototypes -Wno-return-type -Wno-implicit-atomic-properties -Wno-objc-interface-ivars -Wno-arc-repeated-use-of-weak -Wno-non-virtual-dtor -Wno-overloaded-virtual -Wno-exit-time-destructors -Wno-missing-braces -Wparentheses -Wswitch -Wno-unused-function -Wno-unused-label -Wno-unused-parameter -Wno-unused-variable -Wunused-value -Wno-empty-body -Wno-uninitialized -Wno-unknown-pragmas -w -Wno-shadow -Wno-four-char-constants -Wno-conversion -Wno-constant-conversion -Wno-int-conversion -Wno-bool-conversion -Wno-enum-conversion -Wno-float-conversion -Wno-non-literal-null-conversion -Wno-objc-literal-conversion -Wshorten-64-to-32 -Wno-newline-eof -Wno-selector -Wno-strict-selector-match -Wno-undeclared-selector -Wno-deprecated-implementations -Wno-c++11-extensions -Wno-implicit-fallthrough -isysroot /Applications/Xcode.app/Contents/Developer/Platforms/iPhoneSimulator.platform/Developer/SDKs/iPhoneSimulator26.5.sdk -fstrict-aliasing -Wprotocol -Wdeprecated-declarations -Winvalid-offsetof -Wno-sign-conversion -Wno-infinite-recursion -Wno-move -Wno-comma -Wno-block-capture-autoreleasing -Wno-strict-prototypes -Wno-range-loop-analysis -Wno-semicolon-before-method-body -index-store-path /Users/jonasfeischl/Library/Developer/Xcode/DerivedData/Schrankenradar_OSH-ebqzdoyknyoypddbebsxymqcuicf/Index.noindex/DataStore @/Users/jonasfeischl/Library/Developer/Xcode/DerivedData/Build/Intermediates.noindex/onnxruntime.build/Debug-iphonesimulator/OnnxRuntimeBindings.build/Objects-normal/x86_64/af3fcb34312c57c0f52879cdce924b91-common-args.resp -MMD -MT dependencies -MF /Users/jonasfeischl/Library/Developer/Xcode/DerivedData/Build/Intermediates.noindex/onnxruntime.build/Debug-iphonesimulator/OnnxRuntimeBindings.build/Objects-normal/x86_64/error_utils.d --serialize-diagnostics /Users/jonasfeischl/Library/Developer/Xcode/DerivedData/Build/Intermediates.noindex/onnxruntime.build/Debug-iphonesimulator/OnnxRuntimeBindings.build/Objects-normal/x86_64/error_utils.dia -c /Users/jonasfeischl/Library/Developer/Xcode/DerivedData/Schrankenradar_OSH-ebqzdoyknyoypddbebsxymqcuicf/SourcePackages/checkouts/onnxruntime-swift-package-manager/objectivec/error_utils.mm -o /Users/jonasfeischl/Library/Developer/Xcode/DerivedData/Build/Intermediates.noindex/onnxruntime.build/Debug-iphonesimulator/OnnxRuntimeBindings.build/Objects-normal/x86_64/error_utils.o -index-unit-output-path /onnxruntime.build/Debug-iphonesimulator/OnnxRuntimeBindings.build/Objects-normal/x86_64/error_utils.o

CompileC /Users/jonasfeischl/Library/Developer/Xcode/DerivedData/Build/Intermediates.noindex/onnxruntime.build/Debug-iphonesimulator/OnnxRuntimeBindings.build/Objects-normal/x86_64/ort_env.o /Users/jonasfeischl/Library/Developer/Xcode/DerivedData/Schrankenradar_OSH-ebqzdoyknyoypddbebsxymqcuicf/SourcePackages/checkouts/onnxruntime-swift-package-manager/objectivec/ort_env.mm normal x86_64 objective-c++ com.apple.compilers.llvm.clang.1_0.compiler (in target 'OnnxRuntimeBindings' from project 'onnxruntime')
    cd /Users/jonasfeischl/Library/Mobile\ Documents/com\~apple\~CloudDocs/XCode/Schrankenradar\ OSH/Schrankenradar\ OSH.xcodeproj
    
    Using response file: /Users/jonasfeischl/Library/Developer/Xcode/DerivedData/Build/Intermediates.noindex/onnxruntime.build/Debug-iphonesimulator/OnnxRuntimeBindings.build/Objects-normal/x86_64/af3fcb34312c57c0f52879cdce924b91-common-args.resp
    
    /Applications/Xcode.app/Contents/Developer/Toolchains/XcodeDefault.xctoolchain/usr/bin/clang -x objective-c++ -ivfsstatcache /Users/jonasfeischl/Library/Developer/Xcode/DerivedData/SDKStatCaches.noindex/iphonesimulator26.5-23F81a-6cfe768891a92b912361537c460fe42b.sdkstatcache -target x86_64-apple-ios13.0-simulator -fmessage-length\=0 -fdiagnostics-show-note-include-stack -fmacro-backtrace-limit\=0 -fno-color-diagnostics -fmodules-prune-interval\=86400 -fmodules-prune-after\=345600 -fbuild-session-file\=/Users/jonasfeischl/Library/Developer/Xcode/DerivedData/ModuleCache.noindex/Session.modulevalidation -fmodules-validate-once-per-build-session -Wnon-modular-include-in-framework-module -Werror\=non-modular-include-in-framework-module -Wno-trigraphs -Wno-missing-field-initializers -Wno-missing-prototypes -Wno-return-type -Wno-implicit-atomic-properties -Wno-objc-interface-ivars -Wno-arc-repeated-use-of-weak -Wno-non-virtual-dtor -Wno-overloaded-virtual -Wno-exit-time-destructors -Wno-missing-braces -Wparentheses -Wswitch -Wno-unused-function -Wno-unused-label -Wno-unused-parameter -Wno-unused-variable -Wunused-value -Wno-empty-body -Wno-uninitialized -Wno-unknown-pragmas -w -Wno-shadow -Wno-four-char-constants -Wno-conversion -Wno-constant-conversion -Wno-int-conversion -Wno-bool-conversion -Wno-enum-conversion -Wno-float-conversion -Wno-non-literal-null-conversion -Wno-objc-literal-conversion -Wshorten-64-to-32 -Wno-newline-eof -Wno-selector -Wno-strict-selector-match -Wno-undeclared-selector -Wno-deprecated-implementations -Wno-c++11-extensions -Wno-implicit-fallthrough -isysroot /Applications/Xcode.app/Contents/Developer/Platforms/iPhoneSimulator.platform/Developer/SDKs/iPhoneSimulator26.5.sdk -fstrict-aliasing -Wprotocol -Wdeprecated-declarations -Winvalid-offsetof -Wno-sign-conversion -Wno-infinite-recursion -Wno-move -Wno-comma -Wno-block-capture-autoreleasing -Wno-strict-prototypes -Wno-range-loop-analysis -Wno-semicolon-before-method-body -index-store-path /Users/jonasfeischl/Library/Developer/Xcode/DerivedData/Schrankenradar_OSH-ebqzdoyknyoypddbebsxymqcuicf/Index.noindex/DataStore @/Users/jonasfeischl/Library/Developer/Xcode/DerivedData/Build/Intermediates.noindex/onnxruntime.build/Debug-iphonesimulator/OnnxRuntimeBindings.build/Objects-normal/x86_64/af3fcb34312c57c0f52879cdce924b91-common-args.resp -MMD -MT dependencies -MF /Users/jonasfeischl/Library/Developer/Xcode/DerivedData/Build/Intermediates.noindex/onnxruntime.build/Debug-iphonesimulator/OnnxRuntimeBindings.build/Objects-normal/x86_64/ort_env.d --serialize-diagnostics /Users/jonasfeischl/Library/Developer/Xcode/DerivedData/Build/Intermediates.noindex/onnxruntime.build/Debug-iphonesimulator/OnnxRuntimeBindings.build/Objects-normal/x86_64/ort_env.dia -c /Users/jonasfeischl/Library/Developer/Xcode/DerivedData/Schrankenradar_OSH-ebqzdoyknyoypddbebsxymqcuicf/SourcePackages/checkouts/onnxruntime-swift-package-manager/objectivec/ort_env.mm -o /Users/jonasfeischl/Library/Developer/Xcode/DerivedData/Build/Intermediates.noindex/onnxruntime.build/Debug-iphonesimulator/OnnxRuntimeBindings.build/Objects-normal/x86_64/ort_env.o -index-unit-output-path /onnxruntime.build/Debug-iphonesimulator/OnnxRuntimeBindings.build/Objects-normal/x86_64/ort_env.o

CompileC /Users/jonasfeischl/Library/Developer/Xcode/DerivedData/Build/Intermediates.noindex/onnxruntime.build/Debug-iphonesimulator/OnnxRuntimeBindings.build/Objects-normal/x86_64/ort_value.o /Users/jonasfeischl/Library/Developer/Xcode/DerivedData/Schrankenradar_OSH-ebqzdoyknyoypddbebsxymqcuicf/SourcePackages/checkouts/onnxruntime-swift-package-manager/objectivec/ort_value.mm normal x86_64 objective-c++ com.apple.compilers.llvm.clang.1_0.compiler (in target 'OnnxRuntimeBindings' from project 'onnxruntime')
    cd /Users/jonasfeischl/Library/Mobile\ Documents/com\~apple\~CloudDocs/XCode/Schrankenradar\ OSH/Schrankenradar\ OSH.xcodeproj
    
    Using response file: /Users/jonasfeischl/Library/Developer/Xcode/DerivedData/Build/Intermediates.noindex/onnxruntime.build/Debug-iphonesimulator/OnnxRuntimeBindings.build/Objects-normal/x86_64/af3fcb34312c57c0f52879cdce924b91-common-args.resp
    
    /Applications/Xcode.app/Contents/Developer/Toolchains/XcodeDefault.xctoolchain/usr/bin/clang -x objective-c++ -ivfsstatcache /Users/jonasfeischl/Library/Developer/Xcode/DerivedData/SDKStatCaches.noindex/iphonesimulator26.5-23F81a-6cfe768891a92b912361537c460fe42b.sdkstatcache -target x86_64-apple-ios13.0-simulator -fmessage-length\=0 -fdiagnostics-show-note-include-stack -fmacro-backtrace-limit\=0 -fno-color-diagnostics -fmodules-prune-interval\=86400 -fmodules-prune-after\=345600 -fbuild-session-file\=/Users/jonasfeischl/Library/Developer/Xcode/DerivedData/ModuleCache.noindex/Session.modulevalidation -fmodules-validate-once-per-build-session -Wnon-modular-include-in-framework-module -Werror\=non-modular-include-in-framework-module -Wno-trigraphs -Wno-missing-field-initializers -Wno-missing-prototypes -Wno-return-type -Wno-implicit-atomic-properties -Wno-objc-interface-ivars -Wno-arc-repeated-use-of-weak -Wno-non-virtual-dtor -Wno-overloaded-virtual -Wno-exit-time-destructors -Wno-missing-braces -Wparentheses -Wswitch -Wno-unused-function -Wno-unused-label -Wno-unused-parameter -Wno-unused-variable -Wunused-value -Wno-empty-body -Wno-uninitialized -Wno-unknown-pragmas -w -Wno-shadow -Wno-four-char-constants -Wno-conversion -Wno-constant-conversion -Wno-int-conversion -Wno-bool-conversion -Wno-enum-conversion -Wno-float-conversion -Wno-non-literal-null-conversion -Wno-objc-literal-conversion -Wshorten-64-to-32 -Wno-newline-eof -Wno-selector -Wno-strict-selector-match -Wno-undeclared-selector -Wno-deprecated-implementations -Wno-c++11-extensions -Wno-implicit-fallthrough -isysroot /Applications/Xcode.app/Contents/Developer/Platforms/iPhoneSimulator.platform/Developer/SDKs/iPhoneSimulator26.5.sdk -fstrict-aliasing -Wprotocol -Wdeprecated-declarations -Winvalid-offsetof -Wno-sign-conversion -Wno-infinite-recursion -Wno-move -Wno-comma -Wno-block-capture-autoreleasing -Wno-strict-prototypes -Wno-range-loop-analysis -Wno-semicolon-before-method-body -index-store-path /Users/jonasfeischl/Library/Developer/Xcode/DerivedData/Schrankenradar_OSH-ebqzdoyknyoypddbebsxymqcuicf/Index.noindex/DataStore @/Users/jonasfeischl/Library/Developer/Xcode/DerivedData/Build/Intermediates.noindex/onnxruntime.build/Debug-iphonesimulator/OnnxRuntimeBindings.build/Objects-normal/x86_64/af3fcb34312c57c0f52879cdce924b91-common-args.resp -MMD -MT dependencies -MF /Users/jonasfeischl/Library/Developer/Xcode/DerivedData/Build/Intermediates.noindex/onnxruntime.build/Debug-iphonesimulator/OnnxRuntimeBindings.build/Objects-normal/x86_64/ort_value.d --serialize-diagnostics /Users/jonasfeischl/Library/Developer/Xcode/DerivedData/Build/Intermediates.noindex/onnxruntime.build/Debug-iphonesimulator/OnnxRuntimeBindings.build/Objects-normal/x86_64/ort_value.dia -c /Users/jonasfeischl/Library/Developer/Xcode/DerivedData/Schrankenradar_OSH-ebqzdoyknyoypddbebsxymqcuicf/SourcePackages/checkouts/onnxruntime-swift-package-manager/objectivec/ort_value.mm -o /Users/jonasfeischl/Library/Developer/Xcode/DerivedData/Build/Intermediates.noindex/onnxruntime.build/Debug-iphonesimulator/OnnxRuntimeBindings.build/Objects-normal/x86_64/ort_value.o -index-unit-output-path /onnxruntime.build/Debug-iphonesimulator/OnnxRuntimeBindings.build/Objects-normal/x86_64/ort_value.o

CompileC /Users/jonasfeischl/Library/Developer/Xcode/DerivedData/Build/Intermediates.noindex/onnxruntime.build/Debug-iphonesimulator/OnnxRuntimeBindings.build/Objects-normal/x86_64/ort_session.o /Users/jonasfeischl/Library/Developer/Xcode/DerivedData/Schrankenradar_OSH-ebqzdoyknyoypddbebsxymqcuicf/SourcePackages/checkouts/onnxruntime-swift-package-manager/objectivec/ort_session.mm normal x86_64 objective-c++ com.apple.compilers.llvm.clang.1_0.compiler (in target 'OnnxRuntimeBindings' from project 'onnxruntime')
    cd /Users/jonasfeischl/Library/Mobile\ Documents/com\~apple\~CloudDocs/XCode/Schrankenradar\ OSH/Schrankenradar\ OSH.xcodeproj
    
    Using response file: /Users/jonasfeischl/Library/Developer/Xcode/DerivedData/Build/Intermediates.noindex/onnxruntime.build/Debug-iphonesimulator/OnnxRuntimeBindings.build/Objects-normal/x86_64/af3fcb34312c57c0f52879cdce924b91-common-args.resp
    
    /Applications/Xcode.app/Contents/Developer/Toolchains/XcodeDefault.xctoolchain/usr/bin/clang -x objective-c++ -ivfsstatcache /Users/jonasfeischl/Library/Developer/Xcode/DerivedData/SDKStatCaches.noindex/iphonesimulator26.5-23F81a-6cfe768891a92b912361537c460fe42b.sdkstatcache -target x86_64-apple-ios13.0-simulator -fmessage-length\=0 -fdiagnostics-show-note-include-stack -fmacro-backtrace-limit\=0 -fno-color-diagnostics -fmodules-prune-interval\=86400 -fmodules-prune-after\=345600 -fbuild-session-file\=/Users/jonasfeischl/Library/Developer/Xcode/DerivedData/ModuleCache.noindex/Session.modulevalidation -fmodules-validate-once-per-build-session -Wnon-modular-include-in-framework-module -Werror\=non-modular-include-in-framework-module -Wno-trigraphs -Wno-missing-field-initializers -Wno-missing-prototypes -Wno-return-type -Wno-implicit-atomic-properties -Wno-objc-interface-ivars -Wno-arc-repeated-use-of-weak -Wno-non-virtual-dtor -Wno-overloaded-virtual -Wno-exit-time-destructors -Wno-missing-braces -Wparentheses -Wswitch -Wno-unused-function -Wno-unused-label -Wno-unused-parameter -Wno-unused-variable -Wunused-value -Wno-empty-body -Wno-uninitialized -Wno-unknown-pragmas -w -Wno-shadow -Wno-four-char-constants -Wno-conversion -Wno-constant-conversion -Wno-int-conversion -Wno-bool-conversion -Wno-enum-conversion -Wno-float-conversion -Wno-non-literal-null-conversion -Wno-objc-literal-conversion -Wshorten-64-to-32 -Wno-newline-eof -Wno-selector -Wno-strict-selector-match -Wno-undeclared-selector -Wno-deprecated-implementations -Wno-c++11-extensions -Wno-implicit-fallthrough -isysroot /Applications/Xcode.app/Contents/Developer/Platforms/iPhoneSimulator.platform/Developer/SDKs/iPhoneSimulator26.5.sdk -fstrict-aliasing -Wprotocol -Wdeprecated-declarations -Winvalid-offsetof -Wno-sign-conversion -Wno-infinite-recursion -Wno-move -Wno-comma -Wno-block-capture-autoreleasing -Wno-strict-prototypes -Wno-range-loop-analysis -Wno-semicolon-before-method-body -index-store-path /Users/jonasfeischl/Library/Developer/Xcode/DerivedData/Schrankenradar_OSH-ebqzdoyknyoypddbebsxymqcuicf/Index.noindex/DataStore @/Users/jonasfeischl/Library/Developer/Xcode/DerivedData/Build/Intermediates.noindex/onnxruntime.build/Debug-iphonesimulator/OnnxRuntimeBindings.build/Objects-normal/x86_64/af3fcb34312c57c0f52879cdce924b91-common-args.resp -MMD -MT dependencies -MF /Users/jonasfeischl/Library/Developer/Xcode/DerivedData/Build/Intermediates.noindex/onnxruntime.build/Debug-iphonesimulator/OnnxRuntimeBindings.build/Objects-normal/x86_64/ort_session.d --serialize-diagnostics /Users/jonasfeischl/Library/Developer/Xcode/DerivedData/Build/Intermediates.noindex/onnxruntime.build/Debug-iphonesimulator/OnnxRuntimeBindings.build/Objects-normal/x86_64/ort_session.dia -c /Users/jonasfeischl/Library/Developer/Xcode/DerivedData/Schrankenradar_OSH-ebqzdoyknyoypddbebsxymqcuicf/SourcePackages/checkouts/onnxruntime-swift-package-manager/objectivec/ort_session.mm -o /Users/jonasfeischl/Library/Developer/Xcode/DerivedData/Build/Intermediates.noindex/onnxruntime.build/Debug-iphonesimulator/OnnxRuntimeBindings.build/Objects-normal/x86_64/ort_session.o -index-unit-output-path /onnxruntime.build/Debug-iphonesimulator/OnnxRuntimeBindings.build/Objects-normal/x86_64/ort_session.o

CompileC /Users/jonasfeischl/Library/Developer/Xcode/DerivedData/Build/Intermediates.noindex/onnxruntime.build/Debug-iphonesimulator/OnnxRuntimeBindings.build/Objects-normal/x86_64/assert_arc_enabled.o /Users/jonasfeischl/Library/Developer/Xcode/DerivedData/Schrankenradar_OSH-ebqzdoyknyoypddbebsxymqcuicf/SourcePackages/checkouts/onnxruntime-swift-package-manager/objectivec/assert_arc_enabled.mm normal x86_64 objective-c++ com.apple.compilers.llvm.clang.1_0.compiler (in target 'OnnxRuntimeBindings' from project 'onnxruntime')
    cd /Users/jonasfeischl/Library/Mobile\ Documents/com\~apple\~CloudDocs/XCode/Schrankenradar\ OSH/Schrankenradar\ OSH.xcodeproj
    
    Using response file: /Users/jonasfeischl/Library/Developer/Xcode/DerivedData/Build/Intermediates.noindex/onnxruntime.build/Debug-iphonesimulator/OnnxRuntimeBindings.build/Objects-normal/x86_64/af3fcb34312c57c0f52879cdce924b91-common-args.resp
    
    /Applications/Xcode.app/Contents/Developer/Toolchains/XcodeDefault.xctoolchain/usr/bin/clang -x objective-c++ -ivfsstatcache /Users/jonasfeischl/Library/Developer/Xcode/DerivedData/SDKStatCaches.noindex/iphonesimulator26.5-23F81a-6cfe768891a92b912361537c460fe42b.sdkstatcache -target x86_64-apple-ios13.0-simulator -fmessage-length\=0 -fdiagnostics-show-note-include-stack -fmacro-backtrace-limit\=0 -fno-color-diagnostics -fmodules-prune-interval\=86400 -fmodules-prune-after\=345600 -fbuild-session-file\=/Users/jonasfeischl/Library/Developer/Xcode/DerivedData/ModuleCache.noindex/Session.modulevalidation -fmodules-validate-once-per-build-session -Wnon-modular-include-in-framework-module -Werror\=non-modular-include-in-framework-module -Wno-trigraphs -Wno-missing-field-initializers -Wno-missing-prototypes -Wno-return-type -Wno-implicit-atomic-properties -Wno-objc-interface-ivars -Wno-arc-repeated-use-of-weak -Wno-non-virtual-dtor -Wno-overloaded-virtual -Wno-exit-time-destructors -Wno-missing-braces -Wparentheses -Wswitch -Wno-unused-function -Wno-unused-label -Wno-unused-parameter -Wno-unused-variable -Wunused-value -Wno-empty-body -Wno-uninitialized -Wno-unknown-pragmas -w -Wno-shadow -Wno-four-char-constants -Wno-conversion -Wno-constant-conversion -Wno-int-conversion -Wno-bool-conversion -Wno-enum-conversion -Wno-float-conversion -Wno-non-literal-null-conversion -Wno-objc-literal-conversion -Wshorten-64-to-32 -Wno-newline-eof -Wno-selector -Wno-strict-selector-match -Wno-undeclared-selector -Wno-deprecated-implementations -Wno-c++11-extensions -Wno-implicit-fallthrough -isysroot /Applications/Xcode.app/Contents/Developer/Platforms/iPhoneSimulator.platform/Developer/SDKs/iPhoneSimulator26.5.sdk -fstrict-aliasing -Wprotocol -Wdeprecated-declarations -Winvalid-offsetof -Wno-sign-conversion -Wno-infinite-recursion -Wno-move -Wno-comma -Wno-block-capture-autoreleasing -Wno-strict-prototypes -Wno-range-loop-analysis -Wno-semicolon-before-method-body -index-store-path /Users/jonasfeischl/Library/Developer/Xcode/DerivedData/Schrankenradar_OSH-ebqzdoyknyoypddbebsxymqcuicf/Index.noindex/DataStore @/Users/jonasfeischl/Library/Developer/Xcode/DerivedData/Build/Intermediates.noindex/onnxruntime.build/Debug-iphonesimulator/OnnxRuntimeBindings.build/Objects-normal/x86_64/af3fcb34312c57c0f52879cdce924b91-common-args.resp -MMD -MT dependencies -MF /Users/jonasfeischl/Library/Developer/Xcode/DerivedData/Build/Intermediates.noindex/onnxruntime.build/Debug-iphonesimulator/OnnxRuntimeBindings.build/Objects-normal/x86_64/assert_arc_enabled.d --serialize-diagnostics /Users/jonasfeischl/Library/Developer/Xcode/DerivedData/Build/Intermediates.noindex/onnxruntime.build/Debug-iphonesimulator/OnnxRuntimeBindings.build/Objects-normal/x86_64/assert_arc_enabled.dia -c /Users/jonasfeischl/Library/Developer/Xcode/DerivedData/Schrankenradar_OSH-ebqzdoyknyoypddbebsxymqcuicf/SourcePackages/checkouts/onnxruntime-swift-package-manager/objectivec/assert_arc_enabled.mm -o /Users/jonasfeischl/Library/Developer/Xcode/DerivedData/Build/Intermediates.noindex/onnxruntime.build/Debug-iphonesimulator/OnnxRuntimeBindings.build/Objects-normal/x86_64/assert_arc_enabled.o -index-unit-output-path /onnxruntime.build/Debug-iphonesimulator/OnnxRuntimeBindings.build/Objects-normal/x86_64/assert_arc_enabled.o

CompileC /Users/jonasfeischl/Library/Developer/Xcode/DerivedData/Build/Intermediates.noindex/onnxruntime.build/Debug-iphonesimulator/OnnxRuntimeBindings.build/Objects-normal/x86_64/cxx_utils.o /Users/jonasfeischl/Library/Developer/Xcode/DerivedData/Schrankenradar_OSH-ebqzdoyknyoypddbebsxymqcuicf/SourcePackages/checkouts/onnxruntime-swift-package-manager/objectivec/cxx_utils.mm normal x86_64 objective-c++ com.apple.compilers.llvm.clang.1_0.compiler (in target 'OnnxRuntimeBindings' from project 'onnxruntime')
    cd /Users/jonasfeischl/Library/Mobile\ Documents/com\~apple\~CloudDocs/XCode/Schrankenradar\ OSH/Schrankenradar\ OSH.xcodeproj
    
    Using response file: /Users/jonasfeischl/Library/Developer/Xcode/DerivedData/Build/Intermediates.noindex/onnxruntime.build/Debug-iphonesimulator/OnnxRuntimeBindings.build/Objects-normal/x86_64/af3fcb34312c57c0f52879cdce924b91-common-args.resp
    
    /Applications/Xcode.app/Contents/Developer/Toolchains/XcodeDefault.xctoolchain/usr/bin/clang -x objective-c++ -ivfsstatcache /Users/jonasfeischl/Library/Developer/Xcode/DerivedData/SDKStatCaches.noindex/iphonesimulator26.5-23F81a-6cfe768891a92b912361537c460fe42b.sdkstatcache -target x86_64-apple-ios13.0-simulator -fmessage-length\=0 -fdiagnostics-show-note-include-stack -fmacro-backtrace-limit\=0 -fno-color-diagnostics -fmodules-prune-interval\=86400 -fmodules-prune-after\=345600 -fbuild-session-file\=/Users/jonasfeischl/Library/Developer/Xcode/DerivedData/ModuleCache.noindex/Session.modulevalidation -fmodules-validate-once-per-build-session -Wnon-modular-include-in-framework-module -Werror\=non-modular-include-in-framework-module -Wno-trigraphs -Wno-missing-field-initializers -Wno-missing-prototypes -Wno-return-type -Wno-implicit-atomic-properties -Wno-objc-interface-ivars -Wno-arc-repeated-use-of-weak -Wno-non-virtual-dtor -Wno-overloaded-virtual -Wno-exit-time-destructors -Wno-missing-braces -Wparentheses -Wswitch -Wno-unused-function -Wno-unused-label -Wno-unused-parameter -Wno-unused-variable -Wunused-value -Wno-empty-body -Wno-uninitialized -Wno-unknown-pragmas -w -Wno-shadow -Wno-four-char-constants -Wno-conversion -Wno-constant-conversion -Wno-int-conversion -Wno-bool-conversion -Wno-enum-conversion -Wno-float-conversion -Wno-non-literal-null-conversion -Wno-objc-literal-conversion -Wshorten-64-to-32 -Wno-newline-eof -Wno-selector -Wno-strict-selector-match -Wno-undeclared-selector -Wno-deprecated-implementations -Wno-c++11-extensions -Wno-implicit-fallthrough -isysroot /Applications/Xcode.app/Contents/Developer/Platforms/iPhoneSimulator.platform/Developer/SDKs/iPhoneSimulator26.5.sdk -fstrict-aliasing -Wprotocol -Wdeprecated-declarations -Winvalid-offsetof -Wno-sign-conversion -Wno-infinite-recursion -Wno-move -Wno-comma -Wno-block-capture-autoreleasing -Wno-strict-prototypes -Wno-range-loop-analysis -Wno-semicolon-before-method-body -index-store-path /Users/jonasfeischl/Library/Developer/Xcode/DerivedData/Schrankenradar_OSH-ebqzdoyknyoypddbebsxymqcuicf/Index.noindex/DataStore @/Users/jonasfeischl/Library/Developer/Xcode/DerivedData/Build/Intermediates.noindex/onnxruntime.build/Debug-iphonesimulator/OnnxRuntimeBindings.build/Objects-normal/x86_64/af3fcb34312c57c0f52879cdce924b91-common-args.resp -MMD -MT dependencies -MF /Users/jonasfeischl/Library/Developer/Xcode/DerivedData/Build/Intermediates.noindex/onnxruntime.build/Debug-iphonesimulator/OnnxRuntimeBindings.build/Objects-normal/x86_64/cxx_utils.d --serialize-diagnostics /Users/jonasfeischl/Library/Developer/Xcode/DerivedData/Build/Intermediates.noindex/onnxruntime.build/Debug-iphonesimulator/OnnxRuntimeBindings.build/Objects-normal/x86_64/cxx_utils.dia -c /Users/jonasfeischl/Library/Developer/Xcode/DerivedData/Schrankenradar_OSH-ebqzdoyknyoypddbebsxymqcuicf/SourcePackages/checkouts/onnxruntime-swift-package-manager/objectivec/cxx_utils.mm -o /Users/jonasfeischl/Library/Developer/Xcode/DerivedData/Build/Intermediates.noindex/onnxruntime.build/Debug-iphonesimulator/OnnxRuntimeBindings.build/Objects-normal/x86_64/cxx_utils.o -index-unit-output-path /onnxruntime.build/Debug-iphonesimulator/OnnxRuntimeBindings.build/Objects-normal/x86_64/cxx_utils.o

SwiftDriver SchrankenradarWidgetExtension normal arm64 com.apple.xcode.tools.swift.compiler (in target 'SchrankenradarWidgetExtension' from project 'Schrankenradar OSH')
    cd /Users/jonasfeischl/Library/Mobile\ Documents/com\~apple\~CloudDocs/XCode/Schrankenradar\ OSH
    builtin-SwiftDriver -- /Applications/Xcode.app/Contents/Developer/Toolchains/XcodeDefault.xctoolchain/usr/bin/swiftc -module-name SchrankenradarWidgetExtension -Onone @/Users/jonasfeischl/Library/Developer/Xcode/DerivedData/Build/Intermediates.noindex/Schrankenradar\ OSH.build/Debug-iphonesimulator/SchrankenradarWidgetExtension.build/Objects-normal/arm64/SchrankenradarWidgetExtension.SwiftFileList -DDEBUG -enable-bare-slash-regex -enable-upcoming-feature DisableOutwardActorInference -enable-upcoming-feature InferSendableFromCaptures -enable-upcoming-feature GlobalActorIsolatedTypesUsability -enable-upcoming-feature MemberImportVisibility -enable-upcoming-feature InferIsolatedConformances -enable-upcoming-feature NonisolatedNonsendingByDefault -enable-experimental-feature DebugDescriptionMacro -sdk /Applications/Xcode.app/Contents/Developer/Platforms/iPhoneSimulator.platform/Developer/SDKs/iPhoneSimulator26.5.sdk -target arm64-apple-ios26.5-simulator -g -module-cache-path /Users/jonasfeischl/Library/Developer/Xcode/DerivedData/ModuleCache.noindex -Xfrontend -serialize-debugging-options -application-extension -enable-testing -index-store-path /Users/jonasfeischl/Library/Developer/Xcode/DerivedData/Schrankenradar_OSH-ebqzdoyknyoypddbebsxymqcuicf/Index.noindex/DataStore -Xcc -D_LIBCPP_HARDENING_MODE\=_LIBCPP_HARDENING_MODE_DEBUG -swift-version 5 -I /Users/jonasfeischl/Library/Developer/Xcode/DerivedData/Build/Products/Debug-iphonesimulator -F /Users/jonasfeischl/Library/Developer/Xcode/DerivedData/Build/Products/Debug-iphonesimulator -emit-localized-strings -emit-localized-strings-path /Users/jonasfeischl/Library/Developer/Xcode/DerivedData/Build/Intermediates.noindex/Schrankenradar\ OSH.build/Debug-iphonesimulator/SchrankenradarWidgetExtension.build/Objects-normal/arm64 -c -j10 -enable-batch-mode -incremental -Xcc -ivfsstatcache -Xcc /Users/jonasfeischl/Library/Developer/Xcode/DerivedData/SDKStatCaches.noindex/iphonesimulator26.5-23F81a-6cfe768891a92b912361537c460fe42b.sdkstatcache -output-file-map /Users/jonasfeischl/Library/Developer/Xcode/DerivedData/Build/Intermediates.noindex/Schrankenradar\ OSH.build/Debug-iphonesimulator/SchrankenradarWidgetExtension.build/Objects-normal/arm64/SchrankenradarWidgetExtension-OutputFileMap.json -use-frontend-parseable-output -save-temps -no-color-diagnostics -explicit-module-build -module-cache-path /Users/jonasfeischl/Library/Developer/Xcode/DerivedData/Build/Intermediates.noindex/SwiftExplicitPrecompiledModules -clang-scanner-module-cache-path /Users/jonasfeischl/Library/Developer/Xcode/DerivedData/ModuleCache.noindex -sdk-module-cache-path /Users/jonasfeischl/Library/Developer/Xcode/DerivedData/ModuleCache.noindex -serialize-diagnostics -emit-dependencies -emit-module -emit-module-path /Users/jonasfeischl/Library/Developer/Xcode/DerivedData/Build/Intermediates.noindex/Schrankenradar\ OSH.build/Debug-iphonesimulator/SchrankenradarWidgetExtension.build/Objects-normal/arm64/SchrankenradarWidgetExtension.swiftmodule -validate-clang-modules-once -clang-build-session-file /Users/jonasfeischl/Library/Developer/Xcode/DerivedData/ModuleCache.noindex/Session.modulevalidation -Xcc -I/Users/jonasfeischl/Library/Developer/Xcode/DerivedData/Build/Intermediates.noindex/Schrankenradar\ OSH.build/Debug-iphonesimulator/SchrankenradarWidgetExtension.build/swift-overrides.hmap -emit-const-values -Xfrontend -const-gather-protocols-file -Xfrontend /Users/jonasfeischl/Library/Developer/Xcode/DerivedData/Build/Intermediates.noindex/Schrankenradar\ OSH.build/Debug-iphonesimulator/SchrankenradarWidgetExtension.build/Objects-normal/arm64/SchrankenradarWidgetExtension_const_extract_protocols.json -Xcc -iquote -Xcc /Users/jonasfeischl/Library/Developer/Xcode/DerivedData/Build/Intermediates.noindex/Schrankenradar\ OSH.build/Debug-iphonesimulator/SchrankenradarWidgetExtension.build/SchrankenradarWidgetExtension-generated-files.hmap -Xcc -I/Users/jonasfeischl/Library/Developer/Xcode/DerivedData/Build/Intermediates.noindex/Schrankenradar\ OSH.build/Debug-iphonesimulator/SchrankenradarWidgetExtension.build/SchrankenradarWidgetExtension-own-target-headers.hmap -Xcc -I/Users/jonasfeischl/Library/Developer/Xcode/DerivedData/Build/Intermediates.noindex/Schrankenradar\ OSH.build/Debug-iphonesimulator/SchrankenradarWidgetExtension.build/SchrankenradarWidgetExtension-all-non-framework-target-headers.hmap -Xcc -ivfsoverlay -Xcc /Users/jonasfeischl/Library/Developer/Xcode/DerivedData/Build/Intermediates.noindex/Schrankenradar\ OSH.build/Debug-iphonesimulator/Schrankenradar\ OSH-2545c2b47f28d8a0bb173c7876f42a30-VFS-iphonesimulator/all-product-headers.yaml -Xcc -iquote -Xcc /Users/jonasfeischl/Library/Developer/Xcode/DerivedData/Build/Intermediates.noindex/Schrankenradar\ OSH.build/Debug-iphonesimulator/SchrankenradarWidgetExtension.build/SchrankenradarWidgetExtension-project-headers.hmap -Xcc -I/Users/jonasfeischl/Library/Developer/Xcode/DerivedData/Build/Products/Debug-iphonesimulator/include -Xcc -I/Users/jonasfeischl/Library/Developer/Xcode/DerivedData/Build/Intermediates.noindex/Schrankenradar\ OSH.build/Debug-iphonesimulator/SchrankenradarWidgetExtension.build/DerivedSources-normal/arm64 -Xcc -I/Users/jonasfeischl/Library/Developer/Xcode/DerivedData/Build/Intermediates.noindex/Schrankenradar\ OSH.build/Debug-iphonesimulator/SchrankenradarWidgetExtension.build/DerivedSources/arm64 -Xcc -I/Users/jonasfeischl/Library/Developer/Xcode/DerivedData/Build/Intermediates.noindex/Schrankenradar\ OSH.build/Debug-iphonesimulator/SchrankenradarWidgetExtension.build/DerivedSources -Xcc -DDEBUG\=1 -emit-objc-header -emit-objc-header-path /Users/jonasfeischl/Library/Developer/Xcode/DerivedData/Build/Intermediates.noindex/Schrankenradar\ OSH.build/Debug-iphonesimulator/SchrankenradarWidgetExtension.build/Objects-normal/arm64/SchrankenradarWidgetExtension-Swift.h -working-directory /Users/jonasfeischl/Library/Mobile\ Documents/com\~apple\~CloudDocs/XCode/Schrankenradar\ OSH -experimental-emit-module-separately -disable-cmo

SwiftDriver SchrankenradarWidgetExtension normal x86_64 com.apple.xcode.tools.swift.compiler (in target 'SchrankenradarWidgetExtension' from project 'Schrankenradar OSH')
    cd /Users/jonasfeischl/Library/Mobile\ Documents/com\~apple\~CloudDocs/XCode/Schrankenradar\ OSH
    builtin-SwiftDriver -- /Applications/Xcode.app/Contents/Developer/Toolchains/XcodeDefault.xctoolchain/usr/bin/swiftc -module-name SchrankenradarWidgetExtension -Onone @/Users/jonasfeischl/Library/Developer/Xcode/DerivedData/Build/Intermediates.noindex/Schrankenradar\ OSH.build/Debug-iphonesimulator/SchrankenradarWidgetExtension.build/Objects-normal/x86_64/SchrankenradarWidgetExtension.SwiftFileList -DDEBUG -enable-bare-slash-regex -enable-upcoming-feature DisableOutwardActorInference -enable-upcoming-feature InferSendableFromCaptures -enable-upcoming-feature GlobalActorIsolatedTypesUsability -enable-upcoming-feature MemberImportVisibility -enable-upcoming-feature InferIsolatedConformances -enable-upcoming-feature NonisolatedNonsendingByDefault -enable-experimental-feature DebugDescriptionMacro -sdk /Applications/Xcode.app/Contents/Developer/Platforms/iPhoneSimulator.platform/Developer/SDKs/iPhoneSimulator26.5.sdk -target x86_64-apple-ios26.5-simulator -g -module-cache-path /Users/jonasfeischl/Library/Developer/Xcode/DerivedData/ModuleCache.noindex -Xfrontend -serialize-debugging-options -application-extension -enable-testing -index-store-path /Users/jonasfeischl/Library/Developer/Xcode/DerivedData/Schrankenradar_OSH-ebqzdoyknyoypddbebsxymqcuicf/Index.noindex/DataStore -Xcc -D_LIBCPP_HARDENING_MODE\=_LIBCPP_HARDENING_MODE_DEBUG -swift-version 5 -I /Users/jonasfeischl/Library/Developer/Xcode/DerivedData/Build/Products/Debug-iphonesimulator -F /Users/jonasfeischl/Library/Developer/Xcode/DerivedData/Build/Products/Debug-iphonesimulator -emit-localized-strings -emit-localized-strings-path /Users/jonasfeischl/Library/Developer/Xcode/DerivedData/Build/Intermediates.noindex/Schrankenradar\ OSH.build/Debug-iphonesimulator/SchrankenradarWidgetExtension.build/Objects-normal/x86_64 -c -j10 -enable-batch-mode -incremental -Xcc -ivfsstatcache -Xcc /Users/jonasfeischl/Library/Developer/Xcode/DerivedData/SDKStatCaches.noindex/iphonesimulator26.5-23F81a-6cfe768891a92b912361537c460fe42b.sdkstatcache -output-file-map /Users/jonasfeischl/Library/Developer/Xcode/DerivedData/Build/Intermediates.noindex/Schrankenradar\ OSH.build/Debug-iphonesimulator/SchrankenradarWidgetExtension.build/Objects-normal/x86_64/SchrankenradarWidgetExtension-OutputFileMap.json -use-frontend-parseable-output -save-temps -no-color-diagnostics -explicit-module-build -module-cache-path /Users/jonasfeischl/Library/Developer/Xcode/DerivedData/Build/Intermediates.noindex/SwiftExplicitPrecompiledModules -clang-scanner-module-cache-path /Users/jonasfeischl/Library/Developer/Xcode/DerivedData/ModuleCache.noindex -sdk-module-cache-path /Users/jonasfeischl/Library/Developer/Xcode/DerivedData/ModuleCache.noindex -serialize-diagnostics -emit-dependencies -emit-module -emit-module-path /Users/jonasfeischl/Library/Developer/Xcode/DerivedData/Build/Intermediates.noindex/Schrankenradar\ OSH.build/Debug-iphonesimulator/SchrankenradarWidgetExtension.build/Objects-normal/x86_64/SchrankenradarWidgetExtension.swiftmodule -validate-clang-modules-once -clang-build-session-file /Users/jonasfeischl/Library/Developer/Xcode/DerivedData/ModuleCache.noindex/Session.modulevalidation -Xcc -I/Users/jonasfeischl/Library/Developer/Xcode/DerivedData/Build/Intermediates.noindex/Schrankenradar\ OSH.build/Debug-iphonesimulator/SchrankenradarWidgetExtension.build/swift-overrides.hmap -emit-const-values -Xfrontend -const-gather-protocols-file -Xfrontend /Users/jonasfeischl/Library/Developer/Xcode/DerivedData/Build/Intermediates.noindex/Schrankenradar\ OSH.build/Debug-iphonesimulator/SchrankenradarWidgetExtension.build/Objects-normal/x86_64/SchrankenradarWidgetExtension_const_extract_protocols.json -Xcc -iquote -Xcc /Users/jonasfeischl/Library/Developer/Xcode/DerivedData/Build/Intermediates.noindex/Schrankenradar\ OSH.build/Debug-iphonesimulator/SchrankenradarWidgetExtension.build/SchrankenradarWidgetExtension-generated-files.hmap -Xcc -I/Users/jonasfeischl/Library/Developer/Xcode/DerivedData/Build/Intermediates.noindex/Schrankenradar\ OSH.build/Debug-iphonesimulator/SchrankenradarWidgetExtension.build/SchrankenradarWidgetExtension-own-target-headers.hmap -Xcc -I/Users/jonasfeischl/Library/Developer/Xcode/DerivedData/Build/Intermediates.noindex/Schrankenradar\ OSH.build/Debug-iphonesimulator/SchrankenradarWidgetExtension.build/SchrankenradarWidgetExtension-all-non-framework-target-headers.hmap -Xcc -ivfsoverlay -Xcc /Users/jonasfeischl/Library/Developer/Xcode/DerivedData/Build/Intermediates.noindex/Schrankenradar\ OSH.build/Debug-iphonesimulator/Schrankenradar\ OSH-2545c2b47f28d8a0bb173c7876f42a30-VFS-iphonesimulator/all-product-headers.yaml -Xcc -iquote -Xcc /Users/jonasfeischl/Library/Developer/Xcode/DerivedData/Build/Intermediates.noindex/Schrankenradar\ OSH.build/Debug-iphonesimulator/SchrankenradarWidgetExtension.build/SchrankenradarWidgetExtension-project-headers.hmap -Xcc -I/Users/jonasfeischl/Library/Developer/Xcode/DerivedData/Build/Products/Debug-iphonesimulator/include -Xcc -I/Users/jonasfeischl/Library/Developer/Xcode/DerivedData/Build/Intermediates.noindex/Schrankenradar\ OSH.build/Debug-iphonesimulator/SchrankenradarWidgetExtension.build/DerivedSources-normal/x86_64 -Xcc -I/Users/jonasfeischl/Library/Developer/Xcode/DerivedData/Build/Intermediates.noindex/Schrankenradar\ OSH.build/Debug-iphonesimulator/SchrankenradarWidgetExtension.build/DerivedSources/x86_64 -Xcc -I/Users/jonasfeischl/Library/Developer/Xcode/DerivedData/Build/Intermediates.noindex/Schrankenradar\ OSH.build/Debug-iphonesimulator/SchrankenradarWidgetExtension.build/DerivedSources -Xcc -DDEBUG\=1 -emit-objc-header -emit-objc-header-path /Users/jonasfeischl/Library/Developer/Xcode/DerivedData/Build/Intermediates.noindex/Schrankenradar\ OSH.build/Debug-iphonesimulator/SchrankenradarWidgetExtension.build/Objects-normal/x86_64/SchrankenradarWidgetExtension-Swift.h -working-directory /Users/jonasfeischl/Library/Mobile\ Documents/com\~apple\~CloudDocs/XCode/Schrankenradar\ OSH -experimental-emit-module-separately -disable-cmo

SwiftEmitModule normal arm64 Emitting\ module\ for\ SchrankenradarWidgetExtension (in target 'SchrankenradarWidgetExtension' from project 'Schrankenradar OSH')
EmitSwiftModule normal arm64 (in target 'SchrankenradarWidgetExtension' from project 'Schrankenradar OSH')
    cd /Users/jonasfeischl/Library/Mobile\ Documents/com\~apple\~CloudDocs/XCode/Schrankenradar\ OSH
    

CompileC /Users/jonasfeischl/Library/Developer/Xcode/DerivedData/Build/Intermediates.noindex/onnxruntime.build/Debug-iphonesimulator/OnnxRuntimeBindings.build/Objects-normal/arm64/ort_xnnpack_execution_provider.o /Users/jonasfeischl/Library/Developer/Xcode/DerivedData/Schrankenradar_OSH-ebqzdoyknyoypddbebsxymqcuicf/SourcePackages/checkouts/onnxruntime-swift-package-manager/objectivec/ort_xnnpack_execution_provider.mm normal arm64 objective-c++ com.apple.compilers.llvm.clang.1_0.compiler (in target 'OnnxRuntimeBindings' from project 'onnxruntime')
    cd /Users/jonasfeischl/Library/Mobile\ Documents/com\~apple\~CloudDocs/XCode/Schrankenradar\ OSH/Schrankenradar\ OSH.xcodeproj
    
    Using response file: /Users/jonasfeischl/Library/Developer/Xcode/DerivedData/Build/Intermediates.noindex/onnxruntime.build/Debug-iphonesimulator/OnnxRuntimeBindings.build/Objects-normal/arm64/af3fcb34312c57c0f52879cdce924b91-common-args.resp
    
    /Applications/Xcode.app/Contents/Developer/Toolchains/XcodeDefault.xctoolchain/usr/bin/clang -x objective-c++ -ivfsstatcache /Users/jonasfeischl/Library/Developer/Xcode/DerivedData/SDKStatCaches.noindex/iphonesimulator26.5-23F81a-6cfe768891a92b912361537c460fe42b.sdkstatcache -target arm64-apple-ios13.0-simulator -fmessage-length\=0 -fdiagnostics-show-note-include-stack -fmacro-backtrace-limit\=0 -fno-color-diagnostics -fmodules-prune-interval\=86400 -fmodules-prune-after\=345600 -fbuild-session-file\=/Users/jonasfeischl/Library/Developer/Xcode/DerivedData/ModuleCache.noindex/Session.modulevalidation -fmodules-validate-once-per-build-session -Wnon-modular-include-in-framework-module -Werror\=non-modular-include-in-framework-module -Wno-trigraphs -Wno-missing-field-initializers -Wno-missing-prototypes -Wno-return-type -Wno-implicit-atomic-properties -Wno-objc-interface-ivars -Wno-arc-repeated-use-of-weak -Wno-non-virtual-dtor -Wno-overloaded-virtual -Wno-exit-time-destructors -Wno-missing-braces -Wparentheses -Wswitch -Wno-unused-function -Wno-unused-label -Wno-unused-parameter -Wno-unused-variable -Wunused-value -Wno-empty-body -Wno-uninitialized -Wno-unknown-pragmas -w -Wno-shadow -Wno-four-char-constants -Wno-conversion -Wno-constant-conversion -Wno-int-conversion -Wno-bool-conversion -Wno-enum-conversion -Wno-float-conversion -Wno-non-literal-null-conversion -Wno-objc-literal-conversion -Wshorten-64-to-32 -Wno-newline-eof -Wno-selector -Wno-strict-selector-match -Wno-undeclared-selector -Wno-deprecated-implementations -Wno-c++11-extensions -Wno-implicit-fallthrough -isysroot /Applications/Xcode.app/Contents/Developer/Platforms/iPhoneSimulator.platform/Developer/SDKs/iPhoneSimulator26.5.sdk -fstrict-aliasing -Wprotocol -Wdeprecated-declarations -Winvalid-offsetof -Wno-sign-conversion -Wno-infinite-recursion -Wno-move -Wno-comma -Wno-block-capture-autoreleasing -Wno-strict-prototypes -Wno-range-loop-analysis -Wno-semicolon-before-method-body -index-store-path /Users/jonasfeischl/Library/Developer/Xcode/DerivedData/Schrankenradar_OSH-ebqzdoyknyoypddbebsxymqcuicf/Index.noindex/DataStore @/Users/jonasfeischl/Library/Developer/Xcode/DerivedData/Build/Intermediates.noindex/onnxruntime.build/Debug-iphonesimulator/OnnxRuntimeBindings.build/Objects-normal/arm64/af3fcb34312c57c0f52879cdce924b91-common-args.resp -MMD -MT dependencies -MF /Users/jonasfeischl/Library/Developer/Xcode/DerivedData/Build/Intermediates.noindex/onnxruntime.build/Debug-iphonesimulator/OnnxRuntimeBindings.build/Objects-normal/arm64/ort_xnnpack_execution_provider.d --serialize-diagnostics /Users/jonasfeischl/Library/Developer/Xcode/DerivedData/Build/Intermediates.noindex/onnxruntime.build/Debug-iphonesimulator/OnnxRuntimeBindings.build/Objects-normal/arm64/ort_xnnpack_execution_provider.dia -c /Users/jonasfeischl/Library/Developer/Xcode/DerivedData/Schrankenradar_OSH-ebqzdoyknyoypddbebsxymqcuicf/SourcePackages/checkouts/onnxruntime-swift-package-manager/objectivec/ort_xnnpack_execution_provider.mm -o /Users/jonasfeischl/Library/Developer/Xcode/DerivedData/Build/Intermediates.noindex/onnxruntime.build/Debug-iphonesimulator/OnnxRuntimeBindings.build/Objects-normal/arm64/ort_xnnpack_execution_provider.o -index-unit-output-path /onnxruntime.build/Debug-iphonesimulator/OnnxRuntimeBindings.build/Objects-normal/arm64/ort_xnnpack_execution_provider.o

SwiftEmitModule normal x86_64 Emitting\ module\ for\ SchrankenradarWidgetExtension (in target 'SchrankenradarWidgetExtension' from project 'Schrankenradar OSH')

EmitSwiftModule normal x86_64 (in target 'SchrankenradarWidgetExtension' from project 'Schrankenradar OSH')
    cd /Users/jonasfeischl/Library/Mobile\ Documents/com\~apple\~CloudDocs/XCode/Schrankenradar\ OSH
    

CompileC /Users/jonasfeischl/Library/Developer/Xcode/DerivedData/Build/Intermediates.noindex/onnxruntime.build/Debug-iphonesimulator/OnnxRuntimeBindings.build/Objects-normal/arm64/ort_value.o /Users/jonasfeischl/Library/Developer/Xcode/DerivedData/Schrankenradar_OSH-ebqzdoyknyoypddbebsxymqcuicf/SourcePackages/checkouts/onnxruntime-swift-package-manager/objectivec/ort_value.mm normal arm64 objective-c++ com.apple.compilers.llvm.clang.1_0.compiler (in target 'OnnxRuntimeBindings' from project 'onnxruntime')
    cd /Users/jonasfeischl/Library/Mobile\ Documents/com\~apple\~CloudDocs/XCode/Schrankenradar\ OSH/Schrankenradar\ OSH.xcodeproj
    
    Using response file: /Users/jonasfeischl/Library/Developer/Xcode/DerivedData/Build/Intermediates.noindex/onnxruntime.build/Debug-iphonesimulator/OnnxRuntimeBindings.build/Objects-normal/arm64/af3fcb34312c57c0f52879cdce924b91-common-args.resp
    
    /Applications/Xcode.app/Contents/Developer/Toolchains/XcodeDefault.xctoolchain/usr/bin/clang -x objective-c++ -ivfsstatcache /Users/jonasfeischl/Library/Developer/Xcode/DerivedData/SDKStatCaches.noindex/iphonesimulator26.5-23F81a-6cfe768891a92b912361537c460fe42b.sdkstatcache -target arm64-apple-ios13.0-simulator -fmessage-length\=0 -fdiagnostics-show-note-include-stack -fmacro-backtrace-limit\=0 -fno-color-diagnostics -fmodules-prune-interval\=86400 -fmodules-prune-after\=345600 -fbuild-session-file\=/Users/jonasfeischl/Library/Developer/Xcode/DerivedData/ModuleCache.noindex/Session.modulevalidation -fmodules-validate-once-per-build-session -Wnon-modular-include-in-framework-module -Werror\=non-modular-include-in-framework-module -Wno-trigraphs -Wno-missing-field-initializers -Wno-missing-prototypes -Wno-return-type -Wno-implicit-atomic-properties -Wno-objc-interface-ivars -Wno-arc-repeated-use-of-weak -Wno-non-virtual-dtor -Wno-overloaded-virtual -Wno-exit-time-destructors -Wno-missing-braces -Wparentheses -Wswitch -Wno-unused-function -Wno-unused-label -Wno-unused-parameter -Wno-unused-variable -Wunused-value -Wno-empty-body -Wno-uninitialized -Wno-unknown-pragmas -w -Wno-shadow -Wno-four-char-constants -Wno-conversion -Wno-constant-conversion -Wno-int-conversion -Wno-bool-conversion -Wno-enum-conversion -Wno-float-conversion -Wno-non-literal-null-conversion -Wno-objc-literal-conversion -Wshorten-64-to-32 -Wno-newline-eof -Wno-selector -Wno-strict-selector-match -Wno-undeclared-selector -Wno-deprecated-implementations -Wno-c++11-extensions -Wno-implicit-fallthrough -isysroot /Applications/Xcode.app/Contents/Developer/Platforms/iPhoneSimulator.platform/Developer/SDKs/iPhoneSimulator26.5.sdk -fstrict-aliasing -Wprotocol -Wdeprecated-declarations -Winvalid-offsetof -Wno-sign-conversion -Wno-infinite-recursion -Wno-move -Wno-comma -Wno-block-capture-autoreleasing -Wno-strict-prototypes -Wno-range-loop-analysis -Wno-semicolon-before-method-body -index-store-path /Users/jonasfeischl/Library/Developer/Xcode/DerivedData/Schrankenradar_OSH-ebqzdoyknyoypddbebsxymqcuicf/Index.noindex/DataStore @/Users/jonasfeischl/Library/Developer/Xcode/DerivedData/Build/Intermediates.noindex/onnxruntime.build/Debug-iphonesimulator/OnnxRuntimeBindings.build/Objects-normal/arm64/af3fcb34312c57c0f52879cdce924b91-common-args.resp -MMD -MT dependencies -MF /Users/jonasfeischl/Library/Developer/Xcode/DerivedData/Build/Intermediates.noindex/onnxruntime.build/Debug-iphonesimulator/OnnxRuntimeBindings.build/Objects-normal/arm64/ort_value.d --serialize-diagnostics /Users/jonasfeischl/Library/Developer/Xcode/DerivedData/Build/Intermediates.noindex/onnxruntime.build/Debug-iphonesimulator/OnnxRuntimeBindings.build/Objects-normal/arm64/ort_value.dia -c /Users/jonasfeischl/Library/Developer/Xcode/DerivedData/Schrankenradar_OSH-ebqzdoyknyoypddbebsxymqcuicf/SourcePackages/checkouts/onnxruntime-swift-package-manager/objectivec/ort_value.mm -o /Users/jonasfeischl/Library/Developer/Xcode/DerivedData/Build/Intermediates.noindex/onnxruntime.build/Debug-iphonesimulator/OnnxRuntimeBindings.build/Objects-normal/arm64/ort_value.o -index-unit-output-path /onnxruntime.build/Debug-iphonesimulator/OnnxRuntimeBindings.build/Objects-normal/arm64/ort_value.o

CompileC /Users/jonasfeischl/Library/Developer/Xcode/DerivedData/Build/Intermediates.noindex/onnxruntime.build/Debug-iphonesimulator/OnnxRuntimeBindings.build/Objects-normal/arm64/ort_session.o /Users/jonasfeischl/Library/Developer/Xcode/DerivedData/Schrankenradar_OSH-ebqzdoyknyoypddbebsxymqcuicf/SourcePackages/checkouts/onnxruntime-swift-package-manager/objectivec/ort_session.mm normal arm64 objective-c++ com.apple.compilers.llvm.clang.1_0.compiler (in target 'OnnxRuntimeBindings' from project 'onnxruntime')
    cd /Users/jonasfeischl/Library/Mobile\ Documents/com\~apple\~CloudDocs/XCode/Schrankenradar\ OSH/Schrankenradar\ OSH.xcodeproj
    
    Using response file: /Users/jonasfeischl/Library/Developer/Xcode/DerivedData/Build/Intermediates.noindex/onnxruntime.build/Debug-iphonesimulator/OnnxRuntimeBindings.build/Objects-normal/arm64/af3fcb34312c57c0f52879cdce924b91-common-args.resp
    
    /Applications/Xcode.app/Contents/Developer/Toolchains/XcodeDefault.xctoolchain/usr/bin/clang -x objective-c++ -ivfsstatcache /Users/jonasfeischl/Library/Developer/Xcode/DerivedData/SDKStatCaches.noindex/iphonesimulator26.5-23F81a-6cfe768891a92b912361537c460fe42b.sdkstatcache -target arm64-apple-ios13.0-simulator -fmessage-length\=0 -fdiagnostics-show-note-include-stack -fmacro-backtrace-limit\=0 -fno-color-diagnostics -fmodules-prune-interval\=86400 -fmodules-prune-after\=345600 -fbuild-session-file\=/Users/jonasfeischl/Library/Developer/Xcode/DerivedData/ModuleCache.noindex/Session.modulevalidation -fmodules-validate-once-per-build-session -Wnon-modular-include-in-framework-module -Werror\=non-modular-include-in-framework-module -Wno-trigraphs -Wno-missing-field-initializers -Wno-missing-prototypes -Wno-return-type -Wno-implicit-atomic-properties -Wno-objc-interface-ivars -Wno-arc-repeated-use-of-weak -Wno-non-virtual-dtor -Wno-overloaded-virtual -Wno-exit-time-destructors -Wno-missing-braces -Wparentheses -Wswitch -Wno-unused-function -Wno-unused-label -Wno-unused-parameter -Wno-unused-variable -Wunused-value -Wno-empty-body -Wno-uninitialized -Wno-unknown-pragmas -w -Wno-shadow -Wno-four-char-constants -Wno-conversion -Wno-constant-conversion -Wno-int-conversion -Wno-bool-conversion -Wno-enum-conversion -Wno-float-conversion -Wno-non-literal-null-conversion -Wno-objc-literal-conversion -Wshorten-64-to-32 -Wno-newline-eof -Wno-selector -Wno-strict-selector-match -Wno-undeclared-selector -Wno-deprecated-implementations -Wno-c++11-extensions -Wno-implicit-fallthrough -isysroot /Applications/Xcode.app/Contents/Developer/Platforms/iPhoneSimulator.platform/Developer/SDKs/iPhoneSimulator26.5.sdk -fstrict-aliasing -Wprotocol -Wdeprecated-declarations -Winvalid-offsetof -Wno-sign-conversion -Wno-infinite-recursion -Wno-move -Wno-comma -Wno-block-capture-autoreleasing -Wno-strict-prototypes -Wno-range-loop-analysis -Wno-semicolon-before-method-body -index-store-path /Users/jonasfeischl/Library/Developer/Xcode/DerivedData/Schrankenradar_OSH-ebqzdoyknyoypddbebsxymqcuicf/Index.noindex/DataStore @/Users/jonasfeischl/Library/Developer/Xcode/DerivedData/Build/Intermediates.noindex/onnxruntime.build/Debug-iphonesimulator/OnnxRuntimeBindings.build/Objects-normal/arm64/af3fcb34312c57c0f52879cdce924b91-common-args.resp -MMD -MT dependencies -MF /Users/jonasfeischl/Library/Developer/Xcode/DerivedData/Build/Intermediates.noindex/onnxruntime.build/Debug-iphonesimulator/OnnxRuntimeBindings.build/Objects-normal/arm64/ort_session.d --serialize-diagnostics /Users/jonasfeischl/Library/Developer/Xcode/DerivedData/Build/Intermediates.noindex/onnxruntime.build/Debug-iphonesimulator/OnnxRuntimeBindings.build/Objects-normal/arm64/ort_session.dia -c /Users/jonasfeischl/Library/Developer/Xcode/DerivedData/Schrankenradar_OSH-ebqzdoyknyoypddbebsxymqcuicf/SourcePackages/checkouts/onnxruntime-swift-package-manager/objectivec/ort_session.mm -o /Users/jonasfeischl/Library/Developer/Xcode/DerivedData/Build/Intermediates.noindex/onnxruntime.build/Debug-iphonesimulator/OnnxRuntimeBindings.build/Objects-normal/arm64/ort_session.o -index-unit-output-path /onnxruntime.build/Debug-iphonesimulator/OnnxRuntimeBindings.build/Objects-normal/arm64/ort_session.o

CompileC /Users/jonasfeischl/Library/Developer/Xcode/DerivedData/Build/Intermediates.noindex/onnxruntime.build/Debug-iphonesimulator/OnnxRuntimeBindings.build/Objects-normal/arm64/ort_env.o /Users/jonasfeischl/Library/Developer/Xcode/DerivedData/Schrankenradar_OSH-ebqzdoyknyoypddbebsxymqcuicf/SourcePackages/checkouts/onnxruntime-swift-package-manager/objectivec/ort_env.mm normal arm64 objective-c++ com.apple.compilers.llvm.clang.1_0.compiler (in target 'OnnxRuntimeBindings' from project 'onnxruntime')
    cd /Users/jonasfeischl/Library/Mobile\ Documents/com\~apple\~CloudDocs/XCode/Schrankenradar\ OSH/Schrankenradar\ OSH.xcodeproj
    
    Using response file: /Users/jonasfeischl/Library/Developer/Xcode/DerivedData/Build/Intermediates.noindex/onnxruntime.build/Debug-iphonesimulator/OnnxRuntimeBindings.build/Objects-normal/arm64/af3fcb34312c57c0f52879cdce924b91-common-args.resp
    
    /Applications/Xcode.app/Contents/Developer/Toolchains/XcodeDefault.xctoolchain/usr/bin/clang -x objective-c++ -ivfsstatcache /Users/jonasfeischl/Library/Developer/Xcode/DerivedData/SDKStatCaches.noindex/iphonesimulator26.5-23F81a-6cfe768891a92b912361537c460fe42b.sdkstatcache -target arm64-apple-ios13.0-simulator -fmessage-length\=0 -fdiagnostics-show-note-include-stack -fmacro-backtrace-limit\=0 -fno-color-diagnostics -fmodules-prune-interval\=86400 -fmodules-prune-after\=345600 -fbuild-session-file\=/Users/jonasfeischl/Library/Developer/Xcode/DerivedData/ModuleCache.noindex/Session.modulevalidation -fmodules-validate-once-per-build-session -Wnon-modular-include-in-framework-module -Werror\=non-modular-include-in-framework-module -Wno-trigraphs -Wno-missing-field-initializers -Wno-missing-prototypes -Wno-return-type -Wno-implicit-atomic-properties -Wno-objc-interface-ivars -Wno-arc-repeated-use-of-weak -Wno-non-virtual-dtor -Wno-overloaded-virtual -Wno-exit-time-destructors -Wno-missing-braces -Wparentheses -Wswitch -Wno-unused-function -Wno-unused-label -Wno-unused-parameter -Wno-unused-variable -Wunused-value -Wno-empty-body -Wno-uninitialized -Wno-unknown-pragmas -w -Wno-shadow -Wno-four-char-constants -Wno-conversion -Wno-constant-conversion -Wno-int-conversion -Wno-bool-conversion -Wno-enum-conversion -Wno-float-conversion -Wno-non-literal-null-conversion -Wno-objc-literal-conversion -Wshorten-64-to-32 -Wno-newline-eof -Wno-selector -Wno-strict-selector-match -Wno-undeclared-selector -Wno-deprecated-implementations -Wno-c++11-extensions -Wno-implicit-fallthrough -isysroot /Applications/Xcode.app/Contents/Developer/Platforms/iPhoneSimulator.platform/Developer/SDKs/iPhoneSimulator26.5.sdk -fstrict-aliasing -Wprotocol -Wdeprecated-declarations -Winvalid-offsetof -Wno-sign-conversion -Wno-infinite-recursion -Wno-move -Wno-comma -Wno-block-capture-autoreleasing -Wno-strict-prototypes -Wno-range-loop-analysis -Wno-semicolon-before-method-body -index-store-path /Users/jonasfeischl/Library/Developer/Xcode/DerivedData/Schrankenradar_OSH-ebqzdoyknyoypddbebsxymqcuicf/Index.noindex/DataStore @/Users/jonasfeischl/Library/Developer/Xcode/DerivedData/Build/Intermediates.noindex/onnxruntime.build/Debug-iphonesimulator/OnnxRuntimeBindings.build/Objects-normal/arm64/af3fcb34312c57c0f52879cdce924b91-common-args.resp -MMD -MT dependencies -MF /Users/jonasfeischl/Library/Developer/Xcode/DerivedData/Build/Intermediates.noindex/onnxruntime.build/Debug-iphonesimulator/OnnxRuntimeBindings.build/Objects-normal/arm64/ort_env.d --serialize-diagnostics /Users/jonasfeischl/Library/Developer/Xcode/DerivedData/Build/Intermediates.noindex/onnxruntime.build/Debug-iphonesimulator/OnnxRuntimeBindings.build/Objects-normal/arm64/ort_env.dia -c /Users/jonasfeischl/Library/Developer/Xcode/DerivedData/Schrankenradar_OSH-ebqzdoyknyoypddbebsxymqcuicf/SourcePackages/checkouts/onnxruntime-swift-package-manager/objectivec/ort_env.mm -o /Users/jonasfeischl/Library/Developer/Xcode/DerivedData/Build/Intermediates.noindex/onnxruntime.build/Debug-iphonesimulator/OnnxRuntimeBindings.build/Objects-normal/arm64/ort_env.o -index-unit-output-path /onnxruntime.build/Debug-iphonesimulator/OnnxRuntimeBindings.build/Objects-normal/arm64/ort_env.o

CompileC /Users/jonasfeischl/Library/Developer/Xcode/DerivedData/Build/Intermediates.noindex/onnxruntime.build/Debug-iphonesimulator/OnnxRuntimeBindings.build/Objects-normal/arm64/ort_enums.o /Users/jonasfeischl/Library/Developer/Xcode/DerivedData/Schrankenradar_OSH-ebqzdoyknyoypddbebsxymqcuicf/SourcePackages/checkouts/onnxruntime-swift-package-manager/objectivec/ort_enums.mm normal arm64 objective-c++ com.apple.compilers.llvm.clang.1_0.compiler (in target 'OnnxRuntimeBindings' from project 'onnxruntime')
    cd /Users/jonasfeischl/Library/Mobile\ Documents/com\~apple\~CloudDocs/XCode/Schrankenradar\ OSH/Schrankenradar\ OSH.xcodeproj
    
    Using response file: /Users/jonasfeischl/Library/Developer/Xcode/DerivedData/Build/Intermediates.noindex/onnxruntime.build/Debug-iphonesimulator/OnnxRuntimeBindings.build/Objects-normal/arm64/af3fcb34312c57c0f52879cdce924b91-common-args.resp
    
    /Applications/Xcode.app/Contents/Developer/Toolchains/XcodeDefault.xctoolchain/usr/bin/clang -x objective-c++ -ivfsstatcache /Users/jonasfeischl/Library/Developer/Xcode/DerivedData/SDKStatCaches.noindex/iphonesimulator26.5-23F81a-6cfe768891a92b912361537c460fe42b.sdkstatcache -target arm64-apple-ios13.0-simulator -fmessage-length\=0 -fdiagnostics-show-note-include-stack -fmacro-backtrace-limit\=0 -fno-color-diagnostics -fmodules-prune-interval\=86400 -fmodules-prune-after\=345600 -fbuild-session-file\=/Users/jonasfeischl/Library/Developer/Xcode/DerivedData/ModuleCache.noindex/Session.modulevalidation -fmodules-validate-once-per-build-session -Wnon-modular-include-in-framework-module -Werror\=non-modular-include-in-framework-module -Wno-trigraphs -Wno-missing-field-initializers -Wno-missing-prototypes -Wno-return-type -Wno-implicit-atomic-properties -Wno-objc-interface-ivars -Wno-arc-repeated-use-of-weak -Wno-non-virtual-dtor -Wno-overloaded-virtual -Wno-exit-time-destructors -Wno-missing-braces -Wparentheses -Wswitch -Wno-unused-function -Wno-unused-label -Wno-unused-parameter -Wno-unused-variable -Wunused-value -Wno-empty-body -Wno-uninitialized -Wno-unknown-pragmas -w -Wno-shadow -Wno-four-char-constants -Wno-conversion -Wno-constant-conversion -Wno-int-conversion -Wno-bool-conversion -Wno-enum-conversion -Wno-float-conversion -Wno-non-literal-null-conversion -Wno-objc-literal-conversion -Wshorten-64-to-32 -Wno-newline-eof -Wno-selector -Wno-strict-selector-match -Wno-undeclared-selector -Wno-deprecated-implementations -Wno-c++11-extensions -Wno-implicit-fallthrough -isysroot /Applications/Xcode.app/Contents/Developer/Platforms/iPhoneSimulator.platform/Developer/SDKs/iPhoneSimulator26.5.sdk -fstrict-aliasing -Wprotocol -Wdeprecated-declarations -Winvalid-offsetof -Wno-sign-conversion -Wno-infinite-recursion -Wno-move -Wno-comma -Wno-block-capture-autoreleasing -Wno-strict-prototypes -Wno-range-loop-analysis -Wno-semicolon-before-method-body -index-store-path /Users/jonasfeischl/Library/Developer/Xcode/DerivedData/Schrankenradar_OSH-ebqzdoyknyoypddbebsxymqcuicf/Index.noindex/DataStore @/Users/jonasfeischl/Library/Developer/Xcode/DerivedData/Build/Intermediates.noindex/onnxruntime.build/Debug-iphonesimulator/OnnxRuntimeBindings.build/Objects-normal/arm64/af3fcb34312c57c0f52879cdce924b91-common-args.resp -MMD -MT dependencies -MF /Users/jonasfeischl/Library/Developer/Xcode/DerivedData/Build/Intermediates.noindex/onnxruntime.build/Debug-iphonesimulator/OnnxRuntimeBindings.build/Objects-normal/arm64/ort_enums.d --serialize-diagnostics /Users/jonasfeischl/Library/Developer/Xcode/DerivedData/Build/Intermediates.noindex/onnxruntime.build/Debug-iphonesimulator/OnnxRuntimeBindings.build/Objects-normal/arm64/ort_enums.dia -c /Users/jonasfeischl/Library/Developer/Xcode/DerivedData/Schrankenradar_OSH-ebqzdoyknyoypddbebsxymqcuicf/SourcePackages/checkouts/onnxruntime-swift-package-manager/objectivec/ort_enums.mm -o /Users/jonasfeischl/Library/Developer/Xcode/DerivedData/Build/Intermediates.noindex/onnxruntime.build/Debug-iphonesimulator/OnnxRuntimeBindings.build/Objects-normal/arm64/ort_enums.o -index-unit-output-path /onnxruntime.build/Debug-iphonesimulator/OnnxRuntimeBindings.build/Objects-normal/arm64/ort_enums.o

CompileC /Users/jonasfeischl/Library/Developer/Xcode/DerivedData/Build/Intermediates.noindex/onnxruntime.build/Debug-iphonesimulator/OnnxRuntimeBindings.build/Objects-normal/arm64/ort_coreml_execution_provider.o /Users/jonasfeischl/Library/Developer/Xcode/DerivedData/Schrankenradar_OSH-ebqzdoyknyoypddbebsxymqcuicf/SourcePackages/checkouts/onnxruntime-swift-package-manager/objectivec/ort_coreml_execution_provider.mm normal arm64 objective-c++ com.apple.compilers.llvm.clang.1_0.compiler (in target 'OnnxRuntimeBindings' from project 'onnxruntime')
    cd /Users/jonasfeischl/Library/Mobile\ Documents/com\~apple\~CloudDocs/XCode/Schrankenradar\ OSH/Schrankenradar\ OSH.xcodeproj
    
    Using response file: /Users/jonasfeischl/Library/Developer/Xcode/DerivedData/Build/Intermediates.noindex/onnxruntime.build/Debug-iphonesimulator/OnnxRuntimeBindings.build/Objects-normal/arm64/af3fcb34312c57c0f52879cdce924b91-common-args.resp
    
    /Applications/Xcode.app/Contents/Developer/Toolchains/XcodeDefault.xctoolchain/usr/bin/clang -x objective-c++ -ivfsstatcache /Users/jonasfeischl/Library/Developer/Xcode/DerivedData/SDKStatCaches.noindex/iphonesimulator26.5-23F81a-6cfe768891a92b912361537c460fe42b.sdkstatcache -target arm64-apple-ios13.0-simulator -fmessage-length\=0 -fdiagnostics-show-note-include-stack -fmacro-backtrace-limit\=0 -fno-color-diagnostics -fmodules-prune-interval\=86400 -fmodules-prune-after\=345600 -fbuild-session-file\=/Users/jonasfeischl/Library/Developer/Xcode/DerivedData/ModuleCache.noindex/Session.modulevalidation -fmodules-validate-once-per-build-session -Wnon-modular-include-in-framework-module -Werror\=non-modular-include-in-framework-module -Wno-trigraphs -Wno-missing-field-initializers -Wno-missing-prototypes -Wno-return-type -Wno-implicit-atomic-properties -Wno-objc-interface-ivars -Wno-arc-repeated-use-of-weak -Wno-non-virtual-dtor -Wno-overloaded-virtual -Wno-exit-time-destructors -Wno-missing-braces -Wparentheses -Wswitch -Wno-unused-function -Wno-unused-label -Wno-unused-parameter -Wno-unused-variable -Wunused-value -Wno-empty-body -Wno-uninitialized -Wno-unknown-pragmas -w -Wno-shadow -Wno-four-char-constants -Wno-conversion -Wno-constant-conversion -Wno-int-conversion -Wno-bool-conversion -Wno-enum-conversion -Wno-float-conversion -Wno-non-literal-null-conversion -Wno-objc-literal-conversion -Wshorten-64-to-32 -Wno-newline-eof -Wno-selector -Wno-strict-selector-match -Wno-undeclared-selector -Wno-deprecated-implementations -Wno-c++11-extensions -Wno-implicit-fallthrough -isysroot /Applications/Xcode.app/Contents/Developer/Platforms/iPhoneSimulator.platform/Developer/SDKs/iPhoneSimulator26.5.sdk -fstrict-aliasing -Wprotocol -Wdeprecated-declarations -Winvalid-offsetof -Wno-sign-conversion -Wno-infinite-recursion -Wno-move -Wno-comma -Wno-block-capture-autoreleasing -Wno-strict-prototypes -Wno-range-loop-analysis -Wno-semicolon-before-method-body -index-store-path /Users/jonasfeischl/Library/Developer/Xcode/DerivedData/Schrankenradar_OSH-ebqzdoyknyoypddbebsxymqcuicf/Index.noindex/DataStore @/Users/jonasfeischl/Library/Developer/Xcode/DerivedData/Build/Intermediates.noindex/onnxruntime.build/Debug-iphonesimulator/OnnxRuntimeBindings.build/Objects-normal/arm64/af3fcb34312c57c0f52879cdce924b91-common-args.resp -MMD -MT dependencies -MF /Users/jonasfeischl/Library/Developer/Xcode/DerivedData/Build/Intermediates.noindex/onnxruntime.build/Debug-iphonesimulator/OnnxRuntimeBindings.build/Objects-normal/arm64/ort_coreml_execution_provider.d --serialize-diagnostics /Users/jonasfeischl/Library/Developer/Xcode/DerivedData/Build/Intermediates.noindex/onnxruntime.build/Debug-iphonesimulator/OnnxRuntimeBindings.build/Objects-normal/arm64/ort_coreml_execution_provider.dia -c /Users/jonasfeischl/Library/Developer/Xcode/DerivedData/Schrankenradar_OSH-ebqzdoyknyoypddbebsxymqcuicf/SourcePackages/checkouts/onnxruntime-swift-package-manager/objectivec/ort_coreml_execution_provider.mm -o /Users/jonasfeischl/Library/Developer/Xcode/DerivedData/Build/Intermediates.noindex/onnxruntime.build/Debug-iphonesimulator/OnnxRuntimeBindings.build/Objects-normal/arm64/ort_coreml_execution_provider.o -index-unit-output-path /onnxruntime.build/Debug-iphonesimulator/OnnxRuntimeBindings.build/Objects-normal/arm64/ort_coreml_execution_provider.o

CompileC /Users/jonasfeischl/Library/Developer/Xcode/DerivedData/Build/Intermediates.noindex/onnxruntime.build/Debug-iphonesimulator/OnnxRuntimeBindings.build/Objects-normal/arm64/error_utils.o /Users/jonasfeischl/Library/Developer/Xcode/DerivedData/Schrankenradar_OSH-ebqzdoyknyoypddbebsxymqcuicf/SourcePackages/checkouts/onnxruntime-swift-package-manager/objectivec/error_utils.mm normal arm64 objective-c++ com.apple.compilers.llvm.clang.1_0.compiler (in target 'OnnxRuntimeBindings' from project 'onnxruntime')
    cd /Users/jonasfeischl/Library/Mobile\ Documents/com\~apple\~CloudDocs/XCode/Schrankenradar\ OSH/Schrankenradar\ OSH.xcodeproj
    
    Using response file: /Users/jonasfeischl/Library/Developer/Xcode/DerivedData/Build/Intermediates.noindex/onnxruntime.build/Debug-iphonesimulator/OnnxRuntimeBindings.build/Objects-normal/arm64/af3fcb34312c57c0f52879cdce924b91-common-args.resp
    
    /Applications/Xcode.app/Contents/Developer/Toolchains/XcodeDefault.xctoolchain/usr/bin/clang -x objective-c++ -ivfsstatcache /Users/jonasfeischl/Library/Developer/Xcode/DerivedData/SDKStatCaches.noindex/iphonesimulator26.5-23F81a-6cfe768891a92b912361537c460fe42b.sdkstatcache -target arm64-apple-ios13.0-simulator -fmessage-length\=0 -fdiagnostics-show-note-include-stack -fmacro-backtrace-limit\=0 -fno-color-diagnostics -fmodules-prune-interval\=86400 -fmodules-prune-after\=345600 -fbuild-session-file\=/Users/jonasfeischl/Library/Developer/Xcode/DerivedData/ModuleCache.noindex/Session.modulevalidation -fmodules-validate-once-per-build-session -Wnon-modular-include-in-framework-module -Werror\=non-modular-include-in-framework-module -Wno-trigraphs -Wno-missing-field-initializers -Wno-missing-prototypes -Wno-return-type -Wno-implicit-atomic-properties -Wno-objc-interface-ivars -Wno-arc-repeated-use-of-weak -Wno-non-virtual-dtor -Wno-overloaded-virtual -Wno-exit-time-destructors -Wno-missing-braces -Wparentheses -Wswitch -Wno-unused-function -Wno-unused-label -Wno-unused-parameter -Wno-unused-variable -Wunused-value -Wno-empty-body -Wno-uninitialized -Wno-unknown-pragmas -w -Wno-shadow -Wno-four-char-constants -Wno-conversion -Wno-constant-conversion -Wno-int-conversion -Wno-bool-conversion -Wno-enum-conversion -Wno-float-conversion -Wno-non-literal-null-conversion -Wno-objc-literal-conversion -Wshorten-64-to-32 -Wno-newline-eof -Wno-selector -Wno-strict-selector-match -Wno-undeclared-selector -Wno-deprecated-implementations -Wno-c++11-extensions -Wno-implicit-fallthrough -isysroot /Applications/Xcode.app/Contents/Developer/Platforms/iPhoneSimulator.platform/Developer/SDKs/iPhoneSimulator26.5.sdk -fstrict-aliasing -Wprotocol -Wdeprecated-declarations -Winvalid-offsetof -Wno-sign-conversion -Wno-infinite-recursion -Wno-move -Wno-comma -Wno-block-capture-autoreleasing -Wno-strict-prototypes -Wno-range-loop-analysis -Wno-semicolon-before-method-body -index-store-path /Users/jonasfeischl/Library/Developer/Xcode/DerivedData/Schrankenradar_OSH-ebqzdoyknyoypddbebsxymqcuicf/Index.noindex/DataStore @/Users/jonasfeischl/Library/Developer/Xcode/DerivedData/Build/Intermediates.noindex/onnxruntime.build/Debug-iphonesimulator/OnnxRuntimeBindings.build/Objects-normal/arm64/af3fcb34312c57c0f52879cdce924b91-common-args.resp -MMD -MT dependencies -MF /Users/jonasfeischl/Library/Developer/Xcode/DerivedData/Build/Intermediates.noindex/onnxruntime.build/Debug-iphonesimulator/OnnxRuntimeBindings.build/Objects-normal/arm64/error_utils.d --serialize-diagnostics /Users/jonasfeischl/Library/Developer/Xcode/DerivedData/Build/Intermediates.noindex/onnxruntime.build/Debug-iphonesimulator/OnnxRuntimeBindings.build/Objects-normal/arm64/error_utils.dia -c /Users/jonasfeischl/Library/Developer/Xcode/DerivedData/Schrankenradar_OSH-ebqzdoyknyoypddbebsxymqcuicf/SourcePackages/checkouts/onnxruntime-swift-package-manager/objectivec/error_utils.mm -o /Users/jonasfeischl/Library/Developer/Xcode/DerivedData/Build/Intermediates.noindex/onnxruntime.build/Debug-iphonesimulator/OnnxRuntimeBindings.build/Objects-normal/arm64/error_utils.o -index-unit-output-path /onnxruntime.build/Debug-iphonesimulator/OnnxRuntimeBindings.build/Objects-normal/arm64/error_utils.o

CompileC /Users/jonasfeischl/Library/Developer/Xcode/DerivedData/Build/Intermediates.noindex/onnxruntime.build/Debug-iphonesimulator/OnnxRuntimeBindings.build/Objects-normal/arm64/cxx_utils.o /Users/jonasfeischl/Library/Developer/Xcode/DerivedData/Schrankenradar_OSH-ebqzdoyknyoypddbebsxymqcuicf/SourcePackages/checkouts/onnxruntime-swift-package-manager/objectivec/cxx_utils.mm normal arm64 objective-c++ com.apple.compilers.llvm.clang.1_0.compiler (in target 'OnnxRuntimeBindings' from project 'onnxruntime')
    cd /Users/jonasfeischl/Library/Mobile\ Documents/com\~apple\~CloudDocs/XCode/Schrankenradar\ OSH/Schrankenradar\ OSH.xcodeproj
    
    Using response file: /Users/jonasfeischl/Library/Developer/Xcode/DerivedData/Build/Intermediates.noindex/onnxruntime.build/Debug-iphonesimulator/OnnxRuntimeBindings.build/Objects-normal/arm64/af3fcb34312c57c0f52879cdce924b91-common-args.resp
    
    /Applications/Xcode.app/Contents/Developer/Toolchains/XcodeDefault.xctoolchain/usr/bin/clang -x objective-c++ -ivfsstatcache /Users/jonasfeischl/Library/Developer/Xcode/DerivedData/SDKStatCaches.noindex/iphonesimulator26.5-23F81a-6cfe768891a92b912361537c460fe42b.sdkstatcache -target arm64-apple-ios13.0-simulator -fmessage-length\=0 -fdiagnostics-show-note-include-stack -fmacro-backtrace-limit\=0 -fno-color-diagnostics -fmodules-prune-interval\=86400 -fmodules-prune-after\=345600 -fbuild-session-file\=/Users/jonasfeischl/Library/Developer/Xcode/DerivedData/ModuleCache.noindex/Session.modulevalidation -fmodules-validate-once-per-build-session -Wnon-modular-include-in-framework-module -Werror\=non-modular-include-in-framework-module -Wno-trigraphs -Wno-missing-field-initializers -Wno-missing-prototypes -Wno-return-type -Wno-implicit-atomic-properties -Wno-objc-interface-ivars -Wno-arc-repeated-use-of-weak -Wno-non-virtual-dtor -Wno-overloaded-virtual -Wno-exit-time-destructors -Wno-missing-braces -Wparentheses -Wswitch -Wno-unused-function -Wno-unused-label -Wno-unused-parameter -Wno-unused-variable -Wunused-value -Wno-empty-body -Wno-uninitialized -Wno-unknown-pragmas -w -Wno-shadow -Wno-four-char-constants -Wno-conversion -Wno-constant-conversion -Wno-int-conversion -Wno-bool-conversion -Wno-enum-conversion -Wno-float-conversion -Wno-non-literal-null-conversion -Wno-objc-literal-conversion -Wshorten-64-to-32 -Wno-newline-eof -Wno-selector -Wno-strict-selector-match -Wno-undeclared-selector -Wno-deprecated-implementations -Wno-c++11-extensions -Wno-implicit-fallthrough -isysroot /Applications/Xcode.app/Contents/Developer/Platforms/iPhoneSimulator.platform/Developer/SDKs/iPhoneSimulator26.5.sdk -fstrict-aliasing -Wprotocol -Wdeprecated-declarations -Winvalid-offsetof -Wno-sign-conversion -Wno-infinite-recursion -Wno-move -Wno-comma -Wno-block-capture-autoreleasing -Wno-strict-prototypes -Wno-range-loop-analysis -Wno-semicolon-before-method-body -index-store-path /Users/jonasfeischl/Library/Developer/Xcode/DerivedData/Schrankenradar_OSH-ebqzdoyknyoypddbebsxymqcuicf/Index.noindex/DataStore @/Users/jonasfeischl/Library/Developer/Xcode/DerivedData/Build/Intermediates.noindex/onnxruntime.build/Debug-iphonesimulator/OnnxRuntimeBindings.build/Objects-normal/arm64/af3fcb34312c57c0f52879cdce924b91-common-args.resp -MMD -MT dependencies -MF /Users/jonasfeischl/Library/Developer/Xcode/DerivedData/Build/Intermediates.noindex/onnxruntime.build/Debug-iphonesimulator/OnnxRuntimeBindings.build/Objects-normal/arm64/cxx_utils.d --serialize-diagnostics /Users/jonasfeischl/Library/Developer/Xcode/DerivedData/Build/Intermediates.noindex/onnxruntime.build/Debug-iphonesimulator/OnnxRuntimeBindings.build/Objects-normal/arm64/cxx_utils.dia -c /Users/jonasfeischl/Library/Developer/Xcode/DerivedData/Schrankenradar_OSH-ebqzdoyknyoypddbebsxymqcuicf/SourcePackages/checkouts/onnxruntime-swift-package-manager/objectivec/cxx_utils.mm -o /Users/jonasfeischl/Library/Developer/Xcode/DerivedData/Build/Intermediates.noindex/onnxruntime.build/Debug-iphonesimulator/OnnxRuntimeBindings.build/Objects-normal/arm64/cxx_utils.o -index-unit-output-path /onnxruntime.build/Debug-iphonesimulator/OnnxRuntimeBindings.build/Objects-normal/arm64/cxx_utils.o

Ld /Users/jonasfeischl/Library/Developer/Xcode/DerivedData/Build/Intermediates.noindex/onnxruntime.build/Debug-iphonesimulator/OnnxRuntimeBindings.build/Objects-normal/x86_64/Binary/OnnxRuntimeBindings.o normal x86_64 (in target 'OnnxRuntimeBindings' from project 'onnxruntime')
    cd /Users/jonasfeischl/Library/Developer/Xcode/DerivedData/Schrankenradar_OSH-ebqzdoyknyoypddbebsxymqcuicf/SourcePackages/checkouts/onnxruntime-swift-package-manager
    /Applications/Xcode.app/Contents/Developer/Toolchains/XcodeDefault.xctoolchain/usr/bin/clang++ -Xlinker -reproducible -target x86_64-apple-ios13.0-simulator -r -isysroot /Applications/Xcode.app/Contents/Developer/Platforms/iPhoneSimulator.platform/Developer/SDKs/iPhoneSimulator26.5.sdk -O0 -w -F/Users/jonasfeischl/Library/Developer/Xcode/DerivedData/Build/Intermediates.noindex/EagerLinkingTBDs/Debug-iphonesimulator -F/Users/jonasfeischl/Library/Developer/Xcode/DerivedData/Build/Products/Debug-iphonesimulator -iframework /Applications/Xcode.app/Contents/Developer/Platforms/iPhoneSimulator.platform/Developer/Library/Frameworks -iframework /Applications/Xcode.app/Contents/Developer/Platforms/iPhoneSimulator.platform/Developer/SDKs/iPhoneSimulator26.5.sdk/Developer/Library/Frameworks -filelist /Users/jonasfeischl/Library/Developer/Xcode/DerivedData/Build/Intermediates.noindex/onnxruntime.build/Debug-iphonesimulator/OnnxRuntimeBindings.build/Objects-normal/x86_64/OnnxRuntimeBindings.LinkFileList -nostdlib -Xlinker -object_path_lto -Xlinker /Users/jonasfeischl/Library/Developer/Xcode/DerivedData/Build/Intermediates.noindex/onnxruntime.build/Debug-iphonesimulator/OnnxRuntimeBindings.build/Objects-normal/x86_64/OnnxRuntimeBindings_lto.o -Xlinker -no_deduplicate -Xlinker -objc_abi_version -Xlinker 2 -Xlinker -dependency_info -Xlinker /Users/jonasfeischl/Library/Developer/Xcode/DerivedData/Build/Intermediates.noindex/onnxruntime.build/Debug-iphonesimulator/OnnxRuntimeBindings.build/Objects-normal/x86_64/OnnxRuntimeBindings_dependency_info.dat -fobjc-arc -fobjc-link-runtime -o /Users/jonasfeischl/Library/Developer/Xcode/DerivedData/Build/Intermediates.noindex/onnxruntime.build/Debug-iphonesimulator/OnnxRuntimeBindings.build/Objects-normal/x86_64/Binary/OnnxRuntimeBindings.o

SwiftDriverJobDiscovery normal arm64 Emitting module for SchrankenradarWidgetExtension (in target 'SchrankenradarWidgetExtension' from project 'Schrankenradar OSH')

SwiftDriver\ Compilation\ Requirements SchrankenradarWidgetExtension normal arm64 com.apple.xcode.tools.swift.compiler (in target 'SchrankenradarWidgetExtension' from project 'Schrankenradar OSH')
    cd /Users/jonasfeischl/Library/Mobile\ Documents/com\~apple\~CloudDocs/XCode/Schrankenradar\ OSH
    builtin-Swift-Compilation-Requirements -- /Applications/Xcode.app/Contents/Developer/Toolchains/XcodeDefault.xctoolchain/usr/bin/swiftc -module-name SchrankenradarWidgetExtension -Onone @/Users/jonasfeischl/Library/Developer/Xcode/DerivedData/Build/Intermediates.noindex/Schrankenradar\ OSH.build/Debug-iphonesimulator/SchrankenradarWidgetExtension.build/Objects-normal/arm64/SchrankenradarWidgetExtension.SwiftFileList -DDEBUG -enable-bare-slash-regex -enable-upcoming-feature DisableOutwardActorInference -enable-upcoming-feature InferSendableFromCaptures -enable-upcoming-feature GlobalActorIsolatedTypesUsability -enable-upcoming-feature MemberImportVisibility -enable-upcoming-feature InferIsolatedConformances -enable-upcoming-feature NonisolatedNonsendingByDefault -enable-experimental-feature DebugDescriptionMacro -sdk /Applications/Xcode.app/Contents/Developer/Platforms/iPhoneSimulator.platform/Developer/SDKs/iPhoneSimulator26.5.sdk -target arm64-apple-ios26.5-simulator -g -module-cache-path /Users/jonasfeischl/Library/Developer/Xcode/DerivedData/ModuleCache.noindex -Xfrontend -serialize-debugging-options -application-extension -enable-testing -index-store-path /Users/jonasfeischl/Library/Developer/Xcode/DerivedData/Schrankenradar_OSH-ebqzdoyknyoypddbebsxymqcuicf/Index.noindex/DataStore -Xcc -D_LIBCPP_HARDENING_MODE\=_LIBCPP_HARDENING_MODE_DEBUG -swift-version 5 -I /Users/jonasfeischl/Library/Developer/Xcode/DerivedData/Build/Products/Debug-iphonesimulator -F /Users/jonasfeischl/Library/Developer/Xcode/DerivedData/Build/Products/Debug-iphonesimulator -emit-localized-strings -emit-localized-strings-path /Users/jonasfeischl/Library/Developer/Xcode/DerivedData/Build/Intermediates.noindex/Schrankenradar\ OSH.build/Debug-iphonesimulator/SchrankenradarWidgetExtension.build/Objects-normal/arm64 -c -j10 -enable-batch-mode -incremental -Xcc -ivfsstatcache -Xcc /Users/jonasfeischl/Library/Developer/Xcode/DerivedData/SDKStatCaches.noindex/iphonesimulator26.5-23F81a-6cfe768891a92b912361537c460fe42b.sdkstatcache -output-file-map /Users/jonasfeischl/Library/Developer/Xcode/DerivedData/Build/Intermediates.noindex/Schrankenradar\ OSH.build/Debug-iphonesimulator/SchrankenradarWidgetExtension.build/Objects-normal/arm64/SchrankenradarWidgetExtension-OutputFileMap.json -use-frontend-parseable-output -save-temps -no-color-diagnostics -explicit-module-build -module-cache-path /Users/jonasfeischl/Library/Developer/Xcode/DerivedData/Build/Intermediates.noindex/SwiftExplicitPrecompiledModules -clang-scanner-module-cache-path /Users/jonasfeischl/Library/Developer/Xcode/DerivedData/ModuleCache.noindex -sdk-module-cache-path /Users/jonasfeischl/Library/Developer/Xcode/DerivedData/ModuleCache.noindex -serialize-diagnostics -emit-dependencies -emit-module -emit-module-path /Users/jonasfeischl/Library/Developer/Xcode/DerivedData/Build/Intermediates.noindex/Schrankenradar\ OSH.build/Debug-iphonesimulator/SchrankenradarWidgetExtension.build/Objects-normal/arm64/SchrankenradarWidgetExtension.swiftmodule -validate-clang-modules-once -clang-build-session-file /Users/jonasfeischl/Library/Developer/Xcode/DerivedData/ModuleCache.noindex/Session.modulevalidation -Xcc -I/Users/jonasfeischl/Library/Developer/Xcode/DerivedData/Build/Intermediates.noindex/Schrankenradar\ OSH.build/Debug-iphonesimulator/SchrankenradarWidgetExtension.build/swift-overrides.hmap -emit-const-values -Xfrontend -const-gather-protocols-file -Xfrontend /Users/jonasfeischl/Library/Developer/Xcode/DerivedData/Build/Intermediates.noindex/Schrankenradar\ OSH.build/Debug-iphonesimulator/SchrankenradarWidgetExtension.build/Objects-normal/arm64/SchrankenradarWidgetExtension_const_extract_protocols.json -Xcc -iquote -Xcc /Users/jonasfeischl/Library/Developer/Xcode/DerivedData/Build/Intermediates.noindex/Schrankenradar\ OSH.build/Debug-iphonesimulator/SchrankenradarWidgetExtension.build/SchrankenradarWidgetExtension-generated-files.hmap -Xcc -I/Users/jonasfeischl/Library/Developer/Xcode/DerivedData/Build/Intermediates.noindex/Schrankenradar\ OSH.build/Debug-iphonesimulator/SchrankenradarWidgetExtension.build/SchrankenradarWidgetExtension-own-target-headers.hmap -Xcc -I/Users/jonasfeischl/Library/Developer/Xcode/DerivedData/Build/Intermediates.noindex/Schrankenradar\ OSH.build/Debug-iphonesimulator/SchrankenradarWidgetExtension.build/SchrankenradarWidgetExtension-all-non-framework-target-headers.hmap -Xcc -ivfsoverlay -Xcc /Users/jonasfeischl/Library/Developer/Xcode/DerivedData/Build/Intermediates.noindex/Schrankenradar\ OSH.build/Debug-iphonesimulator/Schrankenradar\ OSH-2545c2b47f28d8a0bb173c7876f42a30-VFS-iphonesimulator/all-product-headers.yaml -Xcc -iquote -Xcc /Users/jonasfeischl/Library/Developer/Xcode/DerivedData/Build/Intermediates.noindex/Schrankenradar\ OSH.build/Debug-iphonesimulator/SchrankenradarWidgetExtension.build/SchrankenradarWidgetExtension-project-headers.hmap -Xcc -I/Users/jonasfeischl/Library/Developer/Xcode/DerivedData/Build/Products/Debug-iphonesimulator/include -Xcc -I/Users/jonasfeischl/Library/Developer/Xcode/DerivedData/Build/Intermediates.noindex/Schrankenradar\ OSH.build/Debug-iphonesimulator/SchrankenradarWidgetExtension.build/DerivedSources-normal/arm64 -Xcc -I/Users/jonasfeischl/Library/Developer/Xcode/DerivedData/Build/Intermediates.noindex/Schrankenradar\ OSH.build/Debug-iphonesimulator/SchrankenradarWidgetExtension.build/DerivedSources/arm64 -Xcc -I/Users/jonasfeischl/Library/Developer/Xcode/DerivedData/Build/Intermediates.noindex/Schrankenradar\ OSH.build/Debug-iphonesimulator/SchrankenradarWidgetExtension.build/DerivedSources -Xcc -DDEBUG\=1 -emit-objc-header -emit-objc-header-path /Users/jonasfeischl/Library/Developer/Xcode/DerivedData/Build/Intermediates.noindex/Schrankenradar\ OSH.build/Debug-iphonesimulator/SchrankenradarWidgetExtension.build/Objects-normal/arm64/SchrankenradarWidgetExtension-Swift.h -working-directory /Users/jonasfeischl/Library/Mobile\ Documents/com\~apple\~CloudDocs/XCode/Schrankenradar\ OSH -experimental-emit-module-separately -disable-cmo

SwiftDriverJobDiscovery normal x86_64 Emitting module for SchrankenradarWidgetExtension (in target 'SchrankenradarWidgetExtension' from project 'Schrankenradar OSH')

SwiftDriver\ Compilation\ Requirements SchrankenradarWidgetExtension normal x86_64 com.apple.xcode.tools.swift.compiler (in target 'SchrankenradarWidgetExtension' from project 'Schrankenradar OSH')
    cd /Users/jonasfeischl/Library/Mobile\ Documents/com\~apple\~CloudDocs/XCode/Schrankenradar\ OSH
    builtin-Swift-Compilation-Requirements -- /Applications/Xcode.app/Contents/Developer/Toolchains/XcodeDefault.xctoolchain/usr/bin/swiftc -module-name SchrankenradarWidgetExtension -Onone @/Users/jonasfeischl/Library/Developer/Xcode/DerivedData/Build/Intermediates.noindex/Schrankenradar\ OSH.build/Debug-iphonesimulator/SchrankenradarWidgetExtension.build/Objects-normal/x86_64/SchrankenradarWidgetExtension.SwiftFileList -DDEBUG -enable-bare-slash-regex -enable-upcoming-feature DisableOutwardActorInference -enable-upcoming-feature InferSendableFromCaptures -enable-upcoming-feature GlobalActorIsolatedTypesUsability -enable-upcoming-feature MemberImportVisibility -enable-upcoming-feature InferIsolatedConformances -enable-upcoming-feature NonisolatedNonsendingByDefault -enable-experimental-feature DebugDescriptionMacro -sdk /Applications/Xcode.app/Contents/Developer/Platforms/iPhoneSimulator.platform/Developer/SDKs/iPhoneSimulator26.5.sdk -target x86_64-apple-ios26.5-simulator -g -module-cache-path /Users/jonasfeischl/Library/Developer/Xcode/DerivedData/ModuleCache.noindex -Xfrontend -serialize-debugging-options -application-extension -enable-testing -index-store-path /Users/jonasfeischl/Library/Developer/Xcode/DerivedData/Schrankenradar_OSH-ebqzdoyknyoypddbebsxymqcuicf/Index.noindex/DataStore -Xcc -D_LIBCPP_HARDENING_MODE\=_LIBCPP_HARDENING_MODE_DEBUG -swift-version 5 -I /Users/jonasfeischl/Library/Developer/Xcode/DerivedData/Build/Products/Debug-iphonesimulator -F /Users/jonasfeischl/Library/Developer/Xcode/DerivedData/Build/Products/Debug-iphonesimulator -emit-localized-strings -emit-localized-strings-path /Users/jonasfeischl/Library/Developer/Xcode/DerivedData/Build/Intermediates.noindex/Schrankenradar\ OSH.build/Debug-iphonesimulator/SchrankenradarWidgetExtension.build/Objects-normal/x86_64 -c -j10 -enable-batch-mode -incremental -Xcc -ivfsstatcache -Xcc /Users/jonasfeischl/Library/Developer/Xcode/DerivedData/SDKStatCaches.noindex/iphonesimulator26.5-23F81a-6cfe768891a92b912361537c460fe42b.sdkstatcache -output-file-map /Users/jonasfeischl/Library/Developer/Xcode/DerivedData/Build/Intermediates.noindex/Schrankenradar\ OSH.build/Debug-iphonesimulator/SchrankenradarWidgetExtension.build/Objects-normal/x86_64/SchrankenradarWidgetExtension-OutputFileMap.json -use-frontend-parseable-output -save-temps -no-color-diagnostics -explicit-module-build -module-cache-path /Users/jonasfeischl/Library/Developer/Xcode/DerivedData/Build/Intermediates.noindex/SwiftExplicitPrecompiledModules -clang-scanner-module-cache-path /Users/jonasfeischl/Library/Developer/Xcode/DerivedData/ModuleCache.noindex -sdk-module-cache-path /Users/jonasfeischl/Library/Developer/Xcode/DerivedData/ModuleCache.noindex -serialize-diagnostics -emit-dependencies -emit-module -emit-module-path /Users/jonasfeischl/Library/Developer/Xcode/DerivedData/Build/Intermediates.noindex/Schrankenradar\ OSH.build/Debug-iphonesimulator/SchrankenradarWidgetExtension.build/Objects-normal/x86_64/SchrankenradarWidgetExtension.swiftmodule -validate-clang-modules-once -clang-build-session-file /Users/jonasfeischl/Library/Developer/Xcode/DerivedData/ModuleCache.noindex/Session.modulevalidation -Xcc -I/Users/jonasfeischl/Library/Developer/Xcode/DerivedData/Build/Intermediates.noindex/Schrankenradar\ OSH.build/Debug-iphonesimulator/SchrankenradarWidgetExtension.build/swift-overrides.hmap -emit-const-values -Xfrontend -const-gather-protocols-file -Xfrontend /Users/jonasfeischl/Library/Developer/Xcode/DerivedData/Build/Intermediates.noindex/Schrankenradar\ OSH.build/Debug-iphonesimulator/SchrankenradarWidgetExtension.build/Objects-normal/x86_64/SchrankenradarWidgetExtension_const_extract_protocols.json -Xcc -iquote -Xcc /Users/jonasfeischl/Library/Developer/Xcode/DerivedData/Build/Intermediates.noindex/Schrankenradar\ OSH.build/Debug-iphonesimulator/SchrankenradarWidgetExtension.build/SchrankenradarWidgetExtension-generated-files.hmap -Xcc -I/Users/jonasfeischl/Library/Developer/Xcode/DerivedData/Build/Intermediates.noindex/Schrankenradar\ OSH.build/Debug-iphonesimulator/SchrankenradarWidgetExtension.build/SchrankenradarWidgetExtension-own-target-headers.hmap -Xcc -I/Users/jonasfeischl/Library/Developer/Xcode/DerivedData/Build/Intermediates.noindex/Schrankenradar\ OSH.build/Debug-iphonesimulator/SchrankenradarWidgetExtension.build/SchrankenradarWidgetExtension-all-non-framework-target-headers.hmap -Xcc -ivfsoverlay -Xcc /Users/jonasfeischl/Library/Developer/Xcode/DerivedData/Build/Intermediates.noindex/Schrankenradar\ OSH.build/Debug-iphonesimulator/Schrankenradar\ OSH-2545c2b47f28d8a0bb173c7876f42a30-VFS-iphonesimulator/all-product-headers.yaml -Xcc -iquote -Xcc /Users/jonasfeischl/Library/Developer/Xcode/DerivedData/Build/Intermediates.noindex/Schrankenradar\ OSH.build/Debug-iphonesimulator/SchrankenradarWidgetExtension.build/SchrankenradarWidgetExtension-project-headers.hmap -Xcc -I/Users/jonasfeischl/Library/Developer/Xcode/DerivedData/Build/Products/Debug-iphonesimulator/include -Xcc -I/Users/jonasfeischl/Library/Developer/Xcode/DerivedData/Build/Intermediates.noindex/Schrankenradar\ OSH.build/Debug-iphonesimulator/SchrankenradarWidgetExtension.build/DerivedSources-normal/x86_64 -Xcc -I/Users/jonasfeischl/Library/Developer/Xcode/DerivedData/Build/Intermediates.noindex/Schrankenradar\ OSH.build/Debug-iphonesimulator/SchrankenradarWidgetExtension.build/DerivedSources/x86_64 -Xcc -I/Users/jonasfeischl/Library/Developer/Xcode/DerivedData/Build/Intermediates.noindex/Schrankenradar\ OSH.build/Debug-iphonesimulator/SchrankenradarWidgetExtension.build/DerivedSources -Xcc -DDEBUG\=1 -emit-objc-header -emit-objc-header-path /Users/jonasfeischl/Library/Developer/Xcode/DerivedData/Build/Intermediates.noindex/Schrankenradar\ OSH.build/Debug-iphonesimulator/SchrankenradarWidgetExtension.build/Objects-normal/x86_64/SchrankenradarWidgetExtension-Swift.h -working-directory /Users/jonasfeischl/Library/Mobile\ Documents/com\~apple\~CloudDocs/XCode/Schrankenradar\ OSH -experimental-emit-module-separately -disable-cmo

CompileC /Users/jonasfeischl/Library/Developer/Xcode/DerivedData/Build/Intermediates.noindex/onnxruntime.build/Debug-iphonesimulator/OnnxRuntimeBindings.build/Objects-normal/arm64/assert_arc_enabled.o /Users/jonasfeischl/Library/Developer/Xcode/DerivedData/Schrankenradar_OSH-ebqzdoyknyoypddbebsxymqcuicf/SourcePackages/checkouts/onnxruntime-swift-package-manager/objectivec/assert_arc_enabled.mm normal arm64 objective-c++ com.apple.compilers.llvm.clang.1_0.compiler (in target 'OnnxRuntimeBindings' from project 'onnxruntime')
    cd /Users/jonasfeischl/Library/Mobile\ Documents/com\~apple\~CloudDocs/XCode/Schrankenradar\ OSH/Schrankenradar\ OSH.xcodeproj
    
    Using response file: /Users/jonasfeischl/Library/Developer/Xcode/DerivedData/Build/Intermediates.noindex/onnxruntime.build/Debug-iphonesimulator/OnnxRuntimeBindings.build/Objects-normal/arm64/af3fcb34312c57c0f52879cdce924b91-common-args.resp
    
    /Applications/Xcode.app/Contents/Developer/Toolchains/XcodeDefault.xctoolchain/usr/bin/clang -x objective-c++ -ivfsstatcache /Users/jonasfeischl/Library/Developer/Xcode/DerivedData/SDKStatCaches.noindex/iphonesimulator26.5-23F81a-6cfe768891a92b912361537c460fe42b.sdkstatcache -target arm64-apple-ios13.0-simulator -fmessage-length\=0 -fdiagnostics-show-note-include-stack -fmacro-backtrace-limit\=0 -fno-color-diagnostics -fmodules-prune-interval\=86400 -fmodules-prune-after\=345600 -fbuild-session-file\=/Users/jonasfeischl/Library/Developer/Xcode/DerivedData/ModuleCache.noindex/Session.modulevalidation -fmodules-validate-once-per-build-session -Wnon-modular-include-in-framework-module -Werror\=non-modular-include-in-framework-module -Wno-trigraphs -Wno-missing-field-initializers -Wno-missing-prototypes -Wno-return-type -Wno-implicit-atomic-properties -Wno-objc-interface-ivars -Wno-arc-repeated-use-of-weak -Wno-non-virtual-dtor -Wno-overloaded-virtual -Wno-exit-time-destructors -Wno-missing-braces -Wparentheses -Wswitch -Wno-unused-function -Wno-unused-label -Wno-unused-parameter -Wno-unused-variable -Wunused-value -Wno-empty-body -Wno-uninitialized -Wno-unknown-pragmas -w -Wno-shadow -Wno-four-char-constants -Wno-conversion -Wno-constant-conversion -Wno-int-conversion -Wno-bool-conversion -Wno-enum-conversion -Wno-float-conversion -Wno-non-literal-null-conversion -Wno-objc-literal-conversion -Wshorten-64-to-32 -Wno-newline-eof -Wno-selector -Wno-strict-selector-match -Wno-undeclared-selector -Wno-deprecated-implementations -Wno-c++11-extensions -Wno-implicit-fallthrough -isysroot /Applications/Xcode.app/Contents/Developer/Platforms/iPhoneSimulator.platform/Developer/SDKs/iPhoneSimulator26.5.sdk -fstrict-aliasing -Wprotocol -Wdeprecated-declarations -Winvalid-offsetof -Wno-sign-conversion -Wno-infinite-recursion -Wno-move -Wno-comma -Wno-block-capture-autoreleasing -Wno-strict-prototypes -Wno-range-loop-analysis -Wno-semicolon-before-method-body -index-store-path /Users/jonasfeischl/Library/Developer/Xcode/DerivedData/Schrankenradar_OSH-ebqzdoyknyoypddbebsxymqcuicf/Index.noindex/DataStore @/Users/jonasfeischl/Library/Developer/Xcode/DerivedData/Build/Intermediates.noindex/onnxruntime.build/Debug-iphonesimulator/OnnxRuntimeBindings.build/Objects-normal/arm64/af3fcb34312c57c0f52879cdce924b91-common-args.resp -MMD -MT dependencies -MF /Users/jonasfeischl/Library/Developer/Xcode/DerivedData/Build/Intermediates.noindex/onnxruntime.build/Debug-iphonesimulator/OnnxRuntimeBindings.build/Objects-normal/arm64/assert_arc_enabled.d --serialize-diagnostics /Users/jonasfeischl/Library/Developer/Xcode/DerivedData/Build/Intermediates.noindex/onnxruntime.build/Debug-iphonesimulator/OnnxRuntimeBindings.build/Objects-normal/arm64/assert_arc_enabled.dia -c /Users/jonasfeischl/Library/Developer/Xcode/DerivedData/Schrankenradar_OSH-ebqzdoyknyoypddbebsxymqcuicf/SourcePackages/checkouts/onnxruntime-swift-package-manager/objectivec/assert_arc_enabled.mm -o /Users/jonasfeischl/Library/Developer/Xcode/DerivedData/Build/Intermediates.noindex/onnxruntime.build/Debug-iphonesimulator/OnnxRuntimeBindings.build/Objects-normal/arm64/assert_arc_enabled.o -index-unit-output-path /onnxruntime.build/Debug-iphonesimulator/OnnxRuntimeBindings.build/Objects-normal/arm64/assert_arc_enabled.o

SwiftMergeGeneratedHeaders /Users/jonasfeischl/Library/Developer/Xcode/DerivedData/Build/Intermediates.noindex/Schrankenradar\ OSH.build/Debug-iphonesimulator/SchrankenradarWidgetExtension.build/DerivedSources/SchrankenradarWidgetExtension-Swift.h /Users/jonasfeischl/Library/Developer/Xcode/DerivedData/Build/Intermediates.noindex/Schrankenradar\ OSH.build/Debug-iphonesimulator/SchrankenradarWidgetExtension.build/Objects-normal/arm64/SchrankenradarWidgetExtension-Swift.h /Users/jonasfeischl/Library/Developer/Xcode/DerivedData/Build/Intermediates.noindex/Schrankenradar\ OSH.build/Debug-iphonesimulator/SchrankenradarWidgetExtension.build/Objects-normal/x86_64/SchrankenradarWidgetExtension-Swift.h (in target 'SchrankenradarWidgetExtension' from project 'Schrankenradar OSH')
    cd /Users/jonasfeischl/Library/Mobile\ Documents/com\~apple\~CloudDocs/XCode/Schrankenradar\ OSH
    builtin-swiftHeaderTool -arch arm64 /Users/jonasfeischl/Library/Developer/Xcode/DerivedData/Build/Intermediates.noindex/Schrankenradar\ OSH.build/Debug-iphonesimulator/SchrankenradarWidgetExtension.build/Objects-normal/arm64/SchrankenradarWidgetExtension-Swift.h -arch x86_64 /Users/jonasfeischl/Library/Developer/Xcode/DerivedData/Build/Intermediates.noindex/Schrankenradar\ OSH.build/Debug-iphonesimulator/SchrankenradarWidgetExtension.build/Objects-normal/x86_64/SchrankenradarWidgetExtension-Swift.h -o /Users/jonasfeischl/Library/Developer/Xcode/DerivedData/Build/Intermediates.noindex/Schrankenradar\ OSH.build/Debug-iphonesimulator/SchrankenradarWidgetExtension.build/DerivedSources/SchrankenradarWidgetExtension-Swift.h

Copy /Users/jonasfeischl/Library/Developer/Xcode/DerivedData/Build/Products/Debug-iphonesimulator/SchrankenradarWidgetExtension.swiftmodule/x86_64-apple-ios-simulator.swiftmodule /Users/jonasfeischl/Library/Developer/Xcode/DerivedData/Build/Intermediates.noindex/Schrankenradar\ OSH.build/Debug-iphonesimulator/SchrankenradarWidgetExtension.build/Objects-normal/x86_64/SchrankenradarWidgetExtension.swiftmodule (in target 'SchrankenradarWidgetExtension' from project 'Schrankenradar OSH')
    cd /Users/jonasfeischl/Library/Mobile\ Documents/com\~apple\~CloudDocs/XCode/Schrankenradar\ OSH
    builtin-copy -exclude .DS_Store -exclude CVS -exclude .svn -exclude .git -exclude .hg -resolve-src-symlinks -rename /Users/jonasfeischl/Library/Developer/Xcode/DerivedData/Build/Intermediates.noindex/Schrankenradar\ OSH.build/Debug-iphonesimulator/SchrankenradarWidgetExtension.build/Objects-normal/x86_64/SchrankenradarWidgetExtension.swiftmodule /Users/jonasfeischl/Library/Developer/Xcode/DerivedData/Build/Products/Debug-iphonesimulator/SchrankenradarWidgetExtension.swiftmodule/x86_64-apple-ios-simulator.swiftmodule

Copy /Users/jonasfeischl/Library/Developer/Xcode/DerivedData/Build/Products/Debug-iphonesimulator/SchrankenradarWidgetExtension.swiftmodule/x86_64-apple-ios-simulator.swiftdoc /Users/jonasfeischl/Library/Developer/Xcode/DerivedData/Build/Intermediates.noindex/Schrankenradar\ OSH.build/Debug-iphonesimulator/SchrankenradarWidgetExtension.build/Objects-normal/x86_64/SchrankenradarWidgetExtension.swiftdoc (in target 'SchrankenradarWidgetExtension' from project 'Schrankenradar OSH')
    cd /Users/jonasfeischl/Library/Mobile\ Documents/com\~apple\~CloudDocs/XCode/Schrankenradar\ OSH
    builtin-copy -exclude .DS_Store -exclude CVS -exclude .svn -exclude .git -exclude .hg -resolve-src-symlinks -rename /Users/jonasfeischl/Library/Developer/Xcode/DerivedData/Build/Intermediates.noindex/Schrankenradar\ OSH.build/Debug-iphonesimulator/SchrankenradarWidgetExtension.build/Objects-normal/x86_64/SchrankenradarWidgetExtension.swiftdoc /Users/jonasfeischl/Library/Developer/Xcode/DerivedData/Build/Products/Debug-iphonesimulator/SchrankenradarWidgetExtension.swiftmodule/x86_64-apple-ios-simulator.swiftdoc

Copy /Users/jonasfeischl/Library/Developer/Xcode/DerivedData/Build/Products/Debug-iphonesimulator/SchrankenradarWidgetExtension.swiftmodule/x86_64-apple-ios-simulator.abi.json /Users/jonasfeischl/Library/Developer/Xcode/DerivedData/Build/Intermediates.noindex/Schrankenradar\ OSH.build/Debug-iphonesimulator/SchrankenradarWidgetExtension.build/Objects-normal/x86_64/SchrankenradarWidgetExtension.abi.json (in target 'SchrankenradarWidgetExtension' from project 'Schrankenradar OSH')
    cd /Users/jonasfeischl/Library/Mobile\ Documents/com\~apple\~CloudDocs/XCode/Schrankenradar\ OSH
    builtin-copy -exclude .DS_Store -exclude CVS -exclude .svn -exclude .git -exclude .hg -resolve-src-symlinks -rename /Users/jonasfeischl/Library/Developer/Xcode/DerivedData/Build/Intermediates.noindex/Schrankenradar\ OSH.build/Debug-iphonesimulator/SchrankenradarWidgetExtension.build/Objects-normal/x86_64/SchrankenradarWidgetExtension.abi.json /Users/jonasfeischl/Library/Developer/Xcode/DerivedData/Build/Products/Debug-iphonesimulator/SchrankenradarWidgetExtension.swiftmodule/x86_64-apple-ios-simulator.abi.json

Copy /Users/jonasfeischl/Library/Developer/Xcode/DerivedData/Build/Products/Debug-iphonesimulator/SchrankenradarWidgetExtension.swiftmodule/arm64-apple-ios-simulator.swiftmodule /Users/jonasfeischl/Library/Developer/Xcode/DerivedData/Build/Intermediates.noindex/Schrankenradar\ OSH.build/Debug-iphonesimulator/SchrankenradarWidgetExtension.build/Objects-normal/arm64/SchrankenradarWidgetExtension.swiftmodule (in target 'SchrankenradarWidgetExtension' from project 'Schrankenradar OSH')
    cd /Users/jonasfeischl/Library/Mobile\ Documents/com\~apple\~CloudDocs/XCode/Schrankenradar\ OSH
    builtin-copy -exclude .DS_Store -exclude CVS -exclude .svn -exclude .git -exclude .hg -resolve-src-symlinks -rename /Users/jonasfeischl/Library/Developer/Xcode/DerivedData/Build/Intermediates.noindex/Schrankenradar\ OSH.build/Debug-iphonesimulator/SchrankenradarWidgetExtension.build/Objects-normal/arm64/SchrankenradarWidgetExtension.swiftmodule /Users/jonasfeischl/Library/Developer/Xcode/DerivedData/Build/Products/Debug-iphonesimulator/SchrankenradarWidgetExtension.swiftmodule/arm64-apple-ios-simulator.swiftmodule

Copy /Users/jonasfeischl/Library/Developer/Xcode/DerivedData/Build/Products/Debug-iphonesimulator/SchrankenradarWidgetExtension.swiftmodule/arm64-apple-ios-simulator.swiftdoc /Users/jonasfeischl/Library/Developer/Xcode/DerivedData/Build/Intermediates.noindex/Schrankenradar\ OSH.build/Debug-iphonesimulator/SchrankenradarWidgetExtension.build/Objects-normal/arm64/SchrankenradarWidgetExtension.swiftdoc (in target 'SchrankenradarWidgetExtension' from project 'Schrankenradar OSH')
    cd /Users/jonasfeischl/Library/Mobile\ Documents/com\~apple\~CloudDocs/XCode/Schrankenradar\ OSH
    builtin-copy -exclude .DS_Store -exclude CVS -exclude .svn -exclude .git -exclude .hg -resolve-src-symlinks -rename /Users/jonasfeischl/Library/Developer/Xcode/DerivedData/Build/Intermediates.noindex/Schrankenradar\ OSH.build/Debug-iphonesimulator/SchrankenradarWidgetExtension.build/Objects-normal/arm64/SchrankenradarWidgetExtension.swiftdoc /Users/jonasfeischl/Library/Developer/Xcode/DerivedData/Build/Products/Debug-iphonesimulator/SchrankenradarWidgetExtension.swiftmodule/arm64-apple-ios-simulator.swiftdoc

Copy /Users/jonasfeischl/Library/Developer/Xcode/DerivedData/Build/Products/Debug-iphonesimulator/SchrankenradarWidgetExtension.swiftmodule/arm64-apple-ios-simulator.abi.json /Users/jonasfeischl/Library/Developer/Xcode/DerivedData/Build/Intermediates.noindex/Schrankenradar\ OSH.build/Debug-iphonesimulator/SchrankenradarWidgetExtension.build/Objects-normal/arm64/SchrankenradarWidgetExtension.abi.json (in target 'SchrankenradarWidgetExtension' from project 'Schrankenradar OSH')
    cd /Users/jonasfeischl/Library/Mobile\ Documents/com\~apple\~CloudDocs/XCode/Schrankenradar\ OSH
    builtin-copy -exclude .DS_Store -exclude CVS -exclude .svn -exclude .git -exclude .hg -resolve-src-symlinks -rename /Users/jonasfeischl/Library/Developer/Xcode/DerivedData/Build/Intermediates.noindex/Schrankenradar\ OSH.build/Debug-iphonesimulator/SchrankenradarWidgetExtension.build/Objects-normal/arm64/SchrankenradarWidgetExtension.abi.json /Users/jonasfeischl/Library/Developer/Xcode/DerivedData/Build/Products/Debug-iphonesimulator/SchrankenradarWidgetExtension.swiftmodule/arm64-apple-ios-simulator.abi.json

Copy /Users/jonasfeischl/Library/Developer/Xcode/DerivedData/Build/Products/Debug-iphonesimulator/SchrankenradarWidgetExtension.swiftmodule/Project/x86_64-apple-ios-simulator.swiftsourceinfo /Users/jonasfeischl/Library/Developer/Xcode/DerivedData/Build/Intermediates.noindex/Schrankenradar\ OSH.build/Debug-iphonesimulator/SchrankenradarWidgetExtension.build/Objects-normal/x86_64/SchrankenradarWidgetExtension.swiftsourceinfo (in target 'SchrankenradarWidgetExtension' from project 'Schrankenradar OSH')
    cd /Users/jonasfeischl/Library/Mobile\ Documents/com\~apple\~CloudDocs/XCode/Schrankenradar\ OSH
    builtin-copy -exclude .DS_Store -exclude CVS -exclude .svn -exclude .git -exclude .hg -resolve-src-symlinks -rename /Users/jonasfeischl/Library/Developer/Xcode/DerivedData/Build/Intermediates.noindex/Schrankenradar\ OSH.build/Debug-iphonesimulator/SchrankenradarWidgetExtension.build/Objects-normal/x86_64/SchrankenradarWidgetExtension.swiftsourceinfo /Users/jonasfeischl/Library/Developer/Xcode/DerivedData/Build/Products/Debug-iphonesimulator/SchrankenradarWidgetExtension.swiftmodule/Project/x86_64-apple-ios-simulator.swiftsourceinfo

Copy /Users/jonasfeischl/Library/Developer/Xcode/DerivedData/Build/Products/Debug-iphonesimulator/SchrankenradarWidgetExtension.swiftmodule/Project/arm64-apple-ios-simulator.swiftsourceinfo /Users/jonasfeischl/Library/Developer/Xcode/DerivedData/Build/Intermediates.noindex/Schrankenradar\ OSH.build/Debug-iphonesimulator/SchrankenradarWidgetExtension.build/Objects-normal/arm64/SchrankenradarWidgetExtension.swiftsourceinfo (in target 'SchrankenradarWidgetExtension' from project 'Schrankenradar OSH')
    cd /Users/jonasfeischl/Library/Mobile\ Documents/com\~apple\~CloudDocs/XCode/Schrankenradar\ OSH
    builtin-copy -exclude .DS_Store -exclude CVS -exclude .svn -exclude .git -exclude .hg -resolve-src-symlinks -rename /Users/jonasfeischl/Library/Developer/Xcode/DerivedData/Build/Intermediates.noindex/Schrankenradar\ OSH.build/Debug-iphonesimulator/SchrankenradarWidgetExtension.build/Objects-normal/arm64/SchrankenradarWidgetExtension.swiftsourceinfo /Users/jonasfeischl/Library/Developer/Xcode/DerivedData/Build/Products/Debug-iphonesimulator/SchrankenradarWidgetExtension.swiftmodule/Project/arm64-apple-ios-simulator.swiftsourceinfo

SwiftCompile normal x86_64 Compiling\ SchrankenradarWidgetBundle.swift /Users/jonasfeischl/Library/Mobile\ Documents/com~apple~CloudDocs/XCode/Schrankenradar\ OSH/SchrankenradarWidget/SchrankenradarWidgetBundle.swift (in target 'SchrankenradarWidgetExtension' from project 'Schrankenradar OSH')

SwiftCompile normal x86_64 /Users/jonasfeischl/Library/Mobile\ Documents/com~apple~CloudDocs/XCode/Schrankenradar\ OSH/SchrankenradarWidget/SchrankenradarWidgetBundle.swift (in target 'SchrankenradarWidgetExtension' from project 'Schrankenradar OSH')
    cd /Users/jonasfeischl/Library/Mobile\ Documents/com\~apple\~CloudDocs/XCode/Schrankenradar\ OSH
    

SwiftCompile normal x86_64 Compiling\ CrossingActivityAttributes.swift /Users/jonasfeischl/Library/Mobile\ Documents/com~apple~CloudDocs/XCode/Schrankenradar\ OSH/Schrankenradar\ OSH/CrossingActivityAttributes.swift (in target 'SchrankenradarWidgetExtension' from project 'Schrankenradar OSH')

SwiftCompile normal x86_64 /Users/jonasfeischl/Library/Mobile\ Documents/com~apple~CloudDocs/XCode/Schrankenradar\ OSH/Schrankenradar\ OSH/CrossingActivityAttributes.swift (in target 'SchrankenradarWidgetExtension' from project 'Schrankenradar OSH')
    cd /Users/jonasfeischl/Library/Mobile\ Documents/com\~apple\~CloudDocs/XCode/Schrankenradar\ OSH
    

SwiftCompile normal arm64 Compiling\ SchrankenradarWidget.swift /Users/jonasfeischl/Library/Mobile\ Documents/com~apple~CloudDocs/XCode/Schrankenradar\ OSH/SchrankenradarWidget/SchrankenradarWidget.swift (in target 'SchrankenradarWidgetExtension' from project 'Schrankenradar OSH')
SwiftCompile normal arm64 /Users/jonasfeischl/Library/Mobile\ Documents/com~apple~CloudDocs/XCode/Schrankenradar\ OSH/SchrankenradarWidget/SchrankenradarWidget.swift (in target 'SchrankenradarWidgetExtension' from project 'Schrankenradar OSH')
    cd /Users/jonasfeischl/Library/Mobile\ Documents/com\~apple\~CloudDocs/XCode/Schrankenradar\ OSH
    

SwiftDriverJobDiscovery normal x86_64 Compiling SchrankenradarWidgetBundle.swift (in target 'SchrankenradarWidgetExtension' from project 'Schrankenradar OSH')

SwiftCompile normal x86_64 Compiling\ GeneratedAssetSymbols.swift /Users/jonasfeischl/Library/Developer/Xcode/DerivedData/Build/Intermediates.noindex/Schrankenradar\ OSH.build/Debug-iphonesimulator/SchrankenradarWidgetExtension.build/DerivedSources/GeneratedAssetSymbols.swift (in target 'SchrankenradarWidgetExtension' from project 'Schrankenradar OSH')

SwiftCompile normal x86_64 /Users/jonasfeischl/Library/Developer/Xcode/DerivedData/Build/Intermediates.noindex/Schrankenradar\ OSH.build/Debug-iphonesimulator/SchrankenradarWidgetExtension.build/DerivedSources/GeneratedAssetSymbols.swift (in target 'SchrankenradarWidgetExtension' from project 'Schrankenradar OSH')
    cd /Users/jonasfeischl/Library/Mobile\ Documents/com\~apple\~CloudDocs/XCode/Schrankenradar\ OSH
    

SwiftDriverJobDiscovery normal x86_64 Compiling CrossingActivityAttributes.swift (in target 'SchrankenradarWidgetExtension' from project 'Schrankenradar OSH')

LinkAssetCatalog /Users/jonasfeischl/Library/Mobile\ Documents/com~apple~CloudDocs/XCode/Schrankenradar\ OSH/SchrankenradarWidget/Assets.xcassets (in target 'SchrankenradarWidgetExtension' from project 'Schrankenradar OSH')
    cd /Users/jonasfeischl/Library/Mobile\ Documents/com\~apple\~CloudDocs/XCode/Schrankenradar\ OSH
    builtin-linkAssetCatalog --thinned /Users/jonasfeischl/Library/Developer/Xcode/DerivedData/Build/Intermediates.noindex/Schrankenradar\ OSH.build/Debug-iphonesimulator/SchrankenradarWidgetExtension.build/assetcatalog_output/thinned --thinned-dependencies /Users/jonasfeischl/Library/Developer/Xcode/DerivedData/Build/Intermediates.noindex/Schrankenradar\ OSH.build/Debug-iphonesimulator/SchrankenradarWidgetExtension.build/assetcatalog_dependencies_thinned --thinned-info-plist-content /Users/jonasfeischl/Library/Developer/Xcode/DerivedData/Build/Intermediates.noindex/Schrankenradar\ OSH.build/Debug-iphonesimulator/SchrankenradarWidgetExtension.build/assetcatalog_generated_info.plist_thinned --unthinned /Users/jonasfeischl/Library/Developer/Xcode/DerivedData/Build/Intermediates.noindex/Schrankenradar\ OSH.build/Debug-iphonesimulator/SchrankenradarWidgetExtension.build/assetcatalog_output/unthinned --unthinned-dependencies /Users/jonasfeischl/Library/Developer/Xcode/DerivedData/Build/Intermediates.noindex/Schrankenradar\ OSH.build/Debug-iphonesimulator/SchrankenradarWidgetExtension.build/assetcatalog_dependencies_unthinned --unthinned-info-plist-content /Users/jonasfeischl/Library/Developer/Xcode/DerivedData/Build/Intermediates.noindex/Schrankenradar\ OSH.build/Debug-iphonesimulator/SchrankenradarWidgetExtension.build/assetcatalog_generated_info.plist_unthinned --output /Users/jonasfeischl/Library/Developer/Xcode/DerivedData/Build/Products/Debug-iphonesimulator/SchrankenradarWidgetExtension.appex --plist-output /Users/jonasfeischl/Library/Developer/Xcode/DerivedData/Build/Intermediates.noindex/Schrankenradar\ OSH.build/Debug-iphonesimulator/SchrankenradarWidgetExtension.build/assetcatalog_generated_info.plist

ProcessInfoPlistFile /Users/jonasfeischl/Library/Developer/Xcode/DerivedData/Build/Products/Debug-iphonesimulator/SchrankenradarWidgetExtension.appex/Info.plist /Users/jonasfeischl/Library/Mobile\ Documents/com~apple~CloudDocs/XCode/Schrankenradar\ OSH/SchrankenradarWidget/Info.plist (in target 'SchrankenradarWidgetExtension' from project 'Schrankenradar OSH')
    cd /Users/jonasfeischl/Library/Mobile\ Documents/com\~apple\~CloudDocs/XCode/Schrankenradar\ OSH
    builtin-infoPlistUtility /Users/jonasfeischl/Library/Mobile\ Documents/com\~apple\~CloudDocs/XCode/Schrankenradar\ OSH/SchrankenradarWidget/Info.plist -producttype com.apple.product-type.app-extension -expandbuildsettings -format binary -platform iphonesimulator -additionalcontentfile /Users/jonasfeischl/Library/Developer/Xcode/DerivedData/Build/Intermediates.noindex/Schrankenradar\ OSH.build/Debug-iphonesimulator/SchrankenradarWidgetExtension.build/assetcatalog_generated_info.plist -o /Users/jonasfeischl/Library/Developer/Xcode/DerivedData/Build/Products/Debug-iphonesimulator/SchrankenradarWidgetExtension.appex/Info.plist

SwiftCompile normal arm64 Compiling\ GeneratedAssetSymbols.swift /Users/jonasfeischl/Library/Developer/Xcode/DerivedData/Build/Intermediates.noindex/Schrankenradar\ OSH.build/Debug-iphonesimulator/SchrankenradarWidgetExtension.build/DerivedSources/GeneratedAssetSymbols.swift (in target 'SchrankenradarWidgetExtension' from project 'Schrankenradar OSH')

SwiftCompile normal arm64 /Users/jonasfeischl/Library/Developer/Xcode/DerivedData/Build/Intermediates.noindex/Schrankenradar\ OSH.build/Debug-iphonesimulator/SchrankenradarWidgetExtension.build/DerivedSources/GeneratedAssetSymbols.swift (in target 'SchrankenradarWidgetExtension' from project 'Schrankenradar OSH')
    cd /Users/jonasfeischl/Library/Mobile\ Documents/com\~apple\~CloudDocs/XCode/Schrankenradar\ OSH
    

SwiftCompile normal arm64 Compiling\ CrossingActivityAttributes.swift /Users/jonasfeischl/Library/Mobile\ Documents/com~apple~CloudDocs/XCode/Schrankenradar\ OSH/Schrankenradar\ OSH/CrossingActivityAttributes.swift (in target 'SchrankenradarWidgetExtension' from project 'Schrankenradar OSH')

SwiftCompile normal arm64 /Users/jonasfeischl/Library/Mobile\ Documents/com~apple~CloudDocs/XCode/Schrankenradar\ OSH/Schrankenradar\ OSH/CrossingActivityAttributes.swift (in target 'SchrankenradarWidgetExtension' from project 'Schrankenradar OSH')
    cd /Users/jonasfeischl/Library/Mobile\ Documents/com\~apple\~CloudDocs/XCode/Schrankenradar\ OSH
    

SwiftCompile normal x86_64 Compiling\ SchrankenradarWidget.swift /Users/jonasfeischl/Library/Mobile\ Documents/com~apple~CloudDocs/XCode/Schrankenradar\ OSH/SchrankenradarWidget/SchrankenradarWidget.swift (in target 'SchrankenradarWidgetExtension' from project 'Schrankenradar OSH')
SwiftCompile normal x86_64 /Users/jonasfeischl/Library/Mobile\ Documents/com~apple~CloudDocs/XCode/Schrankenradar\ OSH/SchrankenradarWidget/SchrankenradarWidget.swift (in target 'SchrankenradarWidgetExtension' from project 'Schrankenradar OSH')
    cd /Users/jonasfeischl/Library/Mobile\ Documents/com\~apple\~CloudDocs/XCode/Schrankenradar\ OSH
    

SwiftCompile normal x86_64 Compiling\ SchrankenradarWidgetControl.swift /Users/jonasfeischl/Library/Mobile\ Documents/com~apple~CloudDocs/XCode/Schrankenradar\ OSH/SchrankenradarWidget/SchrankenradarWidgetControl.swift (in target 'SchrankenradarWidgetExtension' from project 'Schrankenradar OSH')

SwiftCompile normal x86_64 /Users/jonasfeischl/Library/Mobile\ Documents/com~apple~CloudDocs/XCode/Schrankenradar\ OSH/SchrankenradarWidget/SchrankenradarWidgetControl.swift (in target 'SchrankenradarWidgetExtension' from project 'Schrankenradar OSH')
    cd /Users/jonasfeischl/Library/Mobile\ Documents/com\~apple\~CloudDocs/XCode/Schrankenradar\ OSH
    

SwiftDriverJobDiscovery normal x86_64 Compiling GeneratedAssetSymbols.swift (in target 'SchrankenradarWidgetExtension' from project 'Schrankenradar OSH')

SwiftCompile normal arm64 Compiling\ SchrankenradarWidgetBundle.swift /Users/jonasfeischl/Library/Mobile\ Documents/com~apple~CloudDocs/XCode/Schrankenradar\ OSH/SchrankenradarWidget/SchrankenradarWidgetBundle.swift (in target 'SchrankenradarWidgetExtension' from project 'Schrankenradar OSH')

SwiftCompile normal arm64 /Users/jonasfeischl/Library/Mobile\ Documents/com~apple~CloudDocs/XCode/Schrankenradar\ OSH/SchrankenradarWidget/SchrankenradarWidgetBundle.swift (in target 'SchrankenradarWidgetExtension' from project 'Schrankenradar OSH')
    cd /Users/jonasfeischl/Library/Mobile\ Documents/com\~apple\~CloudDocs/XCode/Schrankenradar\ OSH
    

SwiftCompile normal arm64 Compiling\ SchrankenradarWidgetControl.swift /Users/jonasfeischl/Library/Mobile\ Documents/com~apple~CloudDocs/XCode/Schrankenradar\ OSH/SchrankenradarWidget/SchrankenradarWidgetControl.swift (in target 'SchrankenradarWidgetExtension' from project 'Schrankenradar OSH')

SwiftCompile normal arm64 /Users/jonasfeischl/Library/Mobile\ Documents/com~apple~CloudDocs/XCode/Schrankenradar\ OSH/SchrankenradarWidget/SchrankenradarWidgetControl.swift (in target 'SchrankenradarWidgetExtension' from project 'Schrankenradar OSH')
    cd /Users/jonasfeischl/Library/Mobile\ Documents/com\~apple\~CloudDocs/XCode/Schrankenradar\ OSH
    

SwiftDriverJobDiscovery normal arm64 Compiling GeneratedAssetSymbols.swift (in target 'SchrankenradarWidgetExtension' from project 'Schrankenradar OSH')

ProcessProductPackaging /Users/jonasfeischl/Library/Mobile\ Documents/com~apple~CloudDocs/XCode/Schrankenradar\ OSH/Schrankenradar\ OSH/Schrankenradar\ OSH.entitlements /Users/jonasfeischl/Library/Developer/Xcode/DerivedData/Build/Intermediates.noindex/Schrankenradar\ OSH.build/Debug-iphonesimulator/Schrankenradar\ OSH.build/Schrankenradar\ OSH.app.xcent (in target 'Schrankenradar OSH' from project 'Schrankenradar OSH')
    cd /Users/jonasfeischl/Library/Mobile\ Documents/com\~apple\~CloudDocs/XCode/Schrankenradar\ OSH
    
    Entitlements:
    
    {
}
    
    builtin-productPackagingUtility /Users/jonasfeischl/Library/Mobile\ Documents/com\~apple\~CloudDocs/XCode/Schrankenradar\ OSH/Schrankenradar\ OSH/Schrankenradar\ OSH.entitlements -entitlements -format xml -o /Users/jonasfeischl/Library/Developer/Xcode/DerivedData/Build/Intermediates.noindex/Schrankenradar\ OSH.build/Debug-iphonesimulator/Schrankenradar\ OSH.build/Schrankenradar\ OSH.app.xcent

ProcessProductPackaging /Users/jonasfeischl/Library/Mobile\ Documents/com~apple~CloudDocs/XCode/Schrankenradar\ OSH/Schrankenradar\ OSH/Schrankenradar\ OSH.entitlements /Users/jonasfeischl/Library/Developer/Xcode/DerivedData/Build/Intermediates.noindex/Schrankenradar\ OSH.build/Debug-iphonesimulator/Schrankenradar\ OSH.build/Schrankenradar\ OSH.app-Simulated.xcent (in target 'Schrankenradar OSH' from project 'Schrankenradar OSH')
    cd /Users/jonasfeischl/Library/Mobile\ Documents/com\~apple\~CloudDocs/XCode/Schrankenradar\ OSH
    
    Entitlements:
    
    {
    "application-identifier" = "93NKY3D6X7.com.Jonas.Schrankenradar-OSH";
    "com.apple.security.application-groups" =     (
        "group.schrankenradar.osh"
    );
}
    
    builtin-productPackagingUtility /Users/jonasfeischl/Library/Mobile\ Documents/com\~apple\~CloudDocs/XCode/Schrankenradar\ OSH/Schrankenradar\ OSH/Schrankenradar\ OSH.entitlements -entitlements -format xml -o /Users/jonasfeischl/Library/Developer/Xcode/DerivedData/Build/Intermediates.noindex/Schrankenradar\ OSH.build/Debug-iphonesimulator/Schrankenradar\ OSH.build/Schrankenradar\ OSH.app-Simulated.xcent

ProcessProductPackagingDER /Users/jonasfeischl/Library/Developer/Xcode/DerivedData/Build/Intermediates.noindex/Schrankenradar\ OSH.build/Debug-iphonesimulator/Schrankenradar\ OSH.build/Schrankenradar\ OSH.app.xcent /Users/jonasfeischl/Library/Developer/Xcode/DerivedData/Build/Intermediates.noindex/Schrankenradar\ OSH.build/Debug-iphonesimulator/Schrankenradar\ OSH.build/Schrankenradar\ OSH.app.xcent.der (in target 'Schrankenradar OSH' from project 'Schrankenradar OSH')
    cd /Users/jonasfeischl/Library/Mobile\ Documents/com\~apple\~CloudDocs/XCode/Schrankenradar\ OSH
    /usr/bin/derq query -f xml -i /Users/jonasfeischl/Library/Developer/Xcode/DerivedData/Build/Intermediates.noindex/Schrankenradar\ OSH.build/Debug-iphonesimulator/Schrankenradar\ OSH.build/Schrankenradar\ OSH.app.xcent -o /Users/jonasfeischl/Library/Developer/Xcode/DerivedData/Build/Intermediates.noindex/Schrankenradar\ OSH.build/Debug-iphonesimulator/Schrankenradar\ OSH.build/Schrankenradar\ OSH.app.xcent.der --raw

ProcessProductPackagingDER /Users/jonasfeischl/Library/Developer/Xcode/DerivedData/Build/Intermediates.noindex/Schrankenradar\ OSH.build/Debug-iphonesimulator/Schrankenradar\ OSH.build/Schrankenradar\ OSH.app-Simulated.xcent /Users/jonasfeischl/Library/Developer/Xcode/DerivedData/Build/Intermediates.noindex/Schrankenradar\ OSH.build/Debug-iphonesimulator/Schrankenradar\ OSH.build/Schrankenradar\ OSH.app-Simulated.xcent.der (in target 'Schrankenradar OSH' from project 'Schrankenradar OSH')
    cd /Users/jonasfeischl/Library/Mobile\ Documents/com\~apple\~CloudDocs/XCode/Schrankenradar\ OSH
    /usr/bin/derq query -f xml -i /Users/jonasfeischl/Library/Developer/Xcode/DerivedData/Build/Intermediates.noindex/Schrankenradar\ OSH.build/Debug-iphonesimulator/Schrankenradar\ OSH.build/Schrankenradar\ OSH.app-Simulated.xcent -o /Users/jonasfeischl/Library/Developer/Xcode/DerivedData/Build/Intermediates.noindex/Schrankenradar\ OSH.build/Debug-iphonesimulator/Schrankenradar\ OSH.build/Schrankenradar\ OSH.app-Simulated.xcent.der --raw

MkDir /Users/jonasfeischl/Library/Developer/Xcode/DerivedData/Build/Intermediates.noindex/Schrankenradar\ OSH.build/Debug-iphonesimulator/Schrankenradar\ OSH.build/assetcatalog_output/unthinned (in target 'Schrankenradar OSH' from project 'Schrankenradar OSH')
    cd /Users/jonasfeischl/Library/Mobile\ Documents/com\~apple\~CloudDocs/XCode/Schrankenradar\ OSH
    /bin/mkdir -p /Users/jonasfeischl/Library/Developer/Xcode/DerivedData/Build/Intermediates.noindex/Schrankenradar\ OSH.build/Debug-iphonesimulator/Schrankenradar\ OSH.build/assetcatalog_output/unthinned

MkDir /Users/jonasfeischl/Library/Developer/Xcode/DerivedData/Build/Intermediates.noindex/Schrankenradar\ OSH.build/Debug-iphonesimulator/Schrankenradar\ OSH.build/assetcatalog_output/thinned (in target 'Schrankenradar OSH' from project 'Schrankenradar OSH')
    cd /Users/jonasfeischl/Library/Mobile\ Documents/com\~apple\~CloudDocs/XCode/Schrankenradar\ OSH
    /bin/mkdir -p /Users/jonasfeischl/Library/Developer/Xcode/DerivedData/Build/Intermediates.noindex/Schrankenradar\ OSH.build/Debug-iphonesimulator/Schrankenradar\ OSH.build/assetcatalog_output/thinned

GenerateAssetSymbols /Users/jonasfeischl/Library/Mobile\ Documents/com~apple~CloudDocs/XCode/Schrankenradar\ OSH/Schrankenradar\ OSH/Assets.xcassets (in target 'Schrankenradar OSH' from project 'Schrankenradar OSH')
    cd /Users/jonasfeischl/Library/Mobile\ Documents/com\~apple\~CloudDocs/XCode/Schrankenradar\ OSH
    /Applications/Xcode.app/Contents/Developer/usr/bin/actool /Users/jonasfeischl/Library/Mobile\ Documents/com\~apple\~CloudDocs/XCode/Schrankenradar\ OSH/Schrankenradar\ OSH/Assets.xcassets --compile /Users/jonasfeischl/Library/Developer/Xcode/DerivedData/Build/Products/Debug-iphonesimulator/Schrankenradar\ OSH.app --output-format human-readable-text --notices --warnings --export-dependency-info /Users/jonasfeischl/Library/Developer/Xcode/DerivedData/Build/Intermediates.noindex/Schrankenradar\ OSH.build/Debug-iphonesimulator/Schrankenradar\ OSH.build/assetcatalog_dependencies --output-partial-info-plist /Users/jonasfeischl/Library/Developer/Xcode/DerivedData/Build/Intermediates.noindex/Schrankenradar\ OSH.build/Debug-iphonesimulator/Schrankenradar\ OSH.build/assetcatalog_generated_info.plist --app-icon AppIcon --accent-color AccentColor --compress-pngs --enable-on-demand-resources YES --development-region en --target-device iphone --target-device ipad --minimum-deployment-target 26.5 --platform iphonesimulator --bundle-identifier com.Jonas.Schrankenradar-OSH --generate-swift-asset-symbols /Users/jonasfeischl/Library/Developer/Xcode/DerivedData/Build/Intermediates.noindex/Schrankenradar\ OSH.build/Debug-iphonesimulator/Schrankenradar\ OSH.build/DerivedSources/GeneratedAssetSymbols.swift --generate-objc-asset-symbols /Users/jonasfeischl/Library/Developer/Xcode/DerivedData/Build/Intermediates.noindex/Schrankenradar\ OSH.build/Debug-iphonesimulator/Schrankenradar\ OSH.build/DerivedSources/GeneratedAssetSymbols.h --generate-asset-symbol-index /Users/jonasfeischl/Library/Developer/Xcode/DerivedData/Build/Intermediates.noindex/Schrankenradar\ OSH.build/Debug-iphonesimulator/Schrankenradar\ OSH.build/DerivedSources/GeneratedAssetSymbols-Index.plist
/* com.apple.actool.compilation-results */
/Users/jonasfeischl/Library/Developer/Xcode/DerivedData/Build/Intermediates.noindex/Schrankenradar OSH.build/Debug-iphonesimulator/Schrankenradar OSH.build/DerivedSources/GeneratedAssetSymbols-Index.plist
/Users/jonasfeischl/Library/Developer/Xcode/DerivedData/Build/Intermediates.noindex/Schrankenradar OSH.build/Debug-iphonesimulator/Schrankenradar OSH.build/DerivedSources/GeneratedAssetSymbols.h
/Users/jonasfeischl/Library/Developer/Xcode/DerivedData/Build/Intermediates.noindex/Schrankenradar OSH.build/Debug-iphonesimulator/Schrankenradar OSH.build/DerivedSources/GeneratedAssetSymbols.swift


CompileAssetCatalogVariant thinned /Users/jonasfeischl/Library/Developer/Xcode/DerivedData/Build/Products/Debug-iphonesimulator/Schrankenradar\ OSH.app /Users/jonasfeischl/Library/Mobile\ Documents/com~apple~CloudDocs/XCode/Schrankenradar\ OSH/Schrankenradar\ OSH/Assets.xcassets (in target 'Schrankenradar OSH' from project 'Schrankenradar OSH')
    cd /Users/jonasfeischl/Library/Mobile\ Documents/com\~apple\~CloudDocs/XCode/Schrankenradar\ OSH
    /Applications/Xcode.app/Contents/Developer/usr/bin/actool /Users/jonasfeischl/Library/Mobile\ Documents/com\~apple\~CloudDocs/XCode/Schrankenradar\ OSH/Schrankenradar\ OSH/Assets.xcassets --compile /Users/jonasfeischl/Library/Developer/Xcode/DerivedData/Build/Intermediates.noindex/Schrankenradar\ OSH.build/Debug-iphonesimulator/Schrankenradar\ OSH.build/assetcatalog_output/thinned --output-format human-readable-text --notices --warnings --export-dependency-info /Users/jonasfeischl/Library/Developer/Xcode/DerivedData/Build/Intermediates.noindex/Schrankenradar\ OSH.build/Debug-iphonesimulator/Schrankenradar\ OSH.build/assetcatalog_dependencies_thinned --output-partial-info-plist /Users/jonasfeischl/Library/Developer/Xcode/DerivedData/Build/Intermediates.noindex/Schrankenradar\ OSH.build/Debug-iphonesimulator/Schrankenradar\ OSH.build/assetcatalog_generated_info.plist_thinned --app-icon AppIcon --accent-color AccentColor --compress-pngs --enable-on-demand-resources YES --development-region en --target-device iphone --target-device ipad --minimum-deployment-target 26.5 --platform iphonesimulator
/* com.apple.actool.compilation-results */
/Users/jonasfeischl/Library/Developer/Xcode/DerivedData/Build/Intermediates.noindex/Schrankenradar OSH.build/Debug-iphonesimulator/Schrankenradar OSH.build/assetcatalog_generated_info.plist_thinned
/Users/jonasfeischl/Library/Developer/Xcode/DerivedData/Build/Intermediates.noindex/Schrankenradar OSH.build/Debug-iphonesimulator/Schrankenradar OSH.build/assetcatalog_output/thinned/AppIcon60x60@2x.png
/Users/jonasfeischl/Library/Developer/Xcode/DerivedData/Build/Intermediates.noindex/Schrankenradar OSH.build/Debug-iphonesimulator/Schrankenradar OSH.build/assetcatalog_output/thinned/AppIcon76x76@2x~ipad.png
/Users/jonasfeischl/Library/Developer/Xcode/DerivedData/Build/Intermediates.noindex/Schrankenradar OSH.build/Debug-iphonesimulator/Schrankenradar OSH.build/assetcatalog_output/thinned/Assets.car


SwiftDriverJobDiscovery normal x86_64 Compiling SchrankenradarWidgetControl.swift (in target 'SchrankenradarWidgetExtension' from project 'Schrankenradar OSH')

SwiftDriver Schrankenradar\ OSH normal x86_64 com.apple.xcode.tools.swift.compiler (in target 'Schrankenradar OSH' from project 'Schrankenradar OSH')
    cd /Users/jonasfeischl/Library/Mobile\ Documents/com\~apple\~CloudDocs/XCode/Schrankenradar\ OSH
    builtin-SwiftDriver -- /Applications/Xcode.app/Contents/Developer/Toolchains/XcodeDefault.xctoolchain/usr/bin/swiftc -module-name Schrankenradar_OSH -Onone @/Users/jonasfeischl/Library/Developer/Xcode/DerivedData/Build/Intermediates.noindex/Schrankenradar\ OSH.build/Debug-iphonesimulator/Schrankenradar\ OSH.build/Objects-normal/x86_64/Schrankenradar\ OSH.SwiftFileList -DDEBUG -Xcc -fmodule-map-file\=/Users/jonasfeischl/Library/Developer/Xcode/DerivedData/Build/Intermediates.noindex/GeneratedModuleMaps-iphonesimulator/OnnxRuntimeBindings.modulemap -default-isolation\=MainActor -enable-bare-slash-regex -enable-upcoming-feature DisableOutwardActorInference -enable-upcoming-feature InferSendableFromCaptures -enable-upcoming-feature GlobalActorIsolatedTypesUsability -enable-upcoming-feature MemberImportVisibility -enable-upcoming-feature InferIsolatedConformances -enable-upcoming-feature NonisolatedNonsendingByDefault -enable-experimental-feature DebugDescriptionMacro -sdk /Applications/Xcode.app/Contents/Developer/Platforms/iPhoneSimulator.platform/Developer/SDKs/iPhoneSimulator26.5.sdk -target x86_64-apple-ios26.5-simulator -g -module-cache-path /Users/jonasfeischl/Library/Developer/Xcode/DerivedData/ModuleCache.noindex -Xfrontend -serialize-debugging-options -enable-testing -index-store-path /Users/jonasfeischl/Library/Developer/Xcode/DerivedData/Schrankenradar_OSH-ebqzdoyknyoypddbebsxymqcuicf/Index.noindex/DataStore -Xcc -D_LIBCPP_HARDENING_MODE\=_LIBCPP_HARDENING_MODE_DEBUG -swift-version 5 -I /Users/jonasfeischl/Library/Developer/Xcode/DerivedData/Build/Products/Debug-iphonesimulator -F /Users/jonasfeischl/Library/Developer/Xcode/DerivedData/Build/Products/Debug-iphonesimulator/PackageFrameworks -F /Users/jonasfeischl/Library/Developer/Xcode/DerivedData/Build/Products/Debug-iphonesimulator -emit-localized-strings -emit-localized-strings-path /Users/jonasfeischl/Library/Developer/Xcode/DerivedData/Build/Intermediates.noindex/Schrankenradar\ OSH.build/Debug-iphonesimulator/Schrankenradar\ OSH.build/Objects-normal/x86_64 -c -j10 -enable-batch-mode -incremental -Xcc -ivfsstatcache -Xcc /Users/jonasfeischl/Library/Developer/Xcode/DerivedData/SDKStatCaches.noindex/iphonesimulator26.5-23F81a-6cfe768891a92b912361537c460fe42b.sdkstatcache -output-file-map /Users/jonasfeischl/Library/Developer/Xcode/DerivedData/Build/Intermediates.noindex/Schrankenradar\ OSH.build/Debug-iphonesimulator/Schrankenradar\ OSH.build/Objects-normal/x86_64/Schrankenradar\ OSH-OutputFileMap.json -use-frontend-parseable-output -save-temps -no-color-diagnostics -explicit-module-build -module-cache-path /Users/jonasfeischl/Library/Developer/Xcode/DerivedData/Build/Intermediates.noindex/SwiftExplicitPrecompiledModules -clang-scanner-module-cache-path /Users/jonasfeischl/Library/Developer/Xcode/DerivedData/ModuleCache.noindex -sdk-module-cache-path /Users/jonasfeischl/Library/Developer/Xcode/DerivedData/ModuleCache.noindex -serialize-diagnostics -emit-dependencies -emit-module -emit-module-path /Users/jonasfeischl/Library/Developer/Xcode/DerivedData/Build/Intermediates.noindex/Schrankenradar\ OSH.build/Debug-iphonesimulator/Schrankenradar\ OSH.build/Objects-normal/x86_64/Schrankenradar_OSH.swiftmodule -validate-clang-modules-once -clang-build-session-file /Users/jonasfeischl/Library/Developer/Xcode/DerivedData/ModuleCache.noindex/Session.modulevalidation -Xcc -I/Users/jonasfeischl/Library/Developer/Xcode/DerivedData/Build/Intermediates.noindex/Schrankenradar\ OSH.build/Debug-iphonesimulator/Schrankenradar\ OSH.build/swift-overrides.hmap -emit-const-values -Xfrontend -const-gather-protocols-file -Xfrontend /Users/jonasfeischl/Library/Developer/Xcode/DerivedData/Build/Intermediates.noindex/Schrankenradar\ OSH.build/Debug-iphonesimulator/Schrankenradar\ OSH.build/Objects-normal/x86_64/Schrankenradar\ OSH_const_extract_protocols.json -Xcc -iquote -Xcc /Users/jonasfeischl/Library/Developer/Xcode/DerivedData/Build/Intermediates.noindex/Schrankenradar\ OSH.build/Debug-iphonesimulator/Schrankenradar\ OSH.build/Schrankenradar\ OSH-generated-files.hmap -Xcc -I/Users/jonasfeischl/Library/Developer/Xcode/DerivedData/Build/Intermediates.noindex/Schrankenradar\ OSH.build/Debug-iphonesimulator/Schrankenradar\ OSH.build/Schrankenradar\ OSH-own-target-headers.hmap -Xcc -I/Users/jonasfeischl/Library/Developer/Xcode/DerivedData/Build/Intermediates.noindex/Schrankenradar\ OSH.build/Debug-iphonesimulator/Schrankenradar\ OSH.build/Schrankenradar\ OSH-all-non-framework-target-headers.hmap -Xcc -ivfsoverlay -Xcc /Users/jonasfeischl/Library/Developer/Xcode/DerivedData/Build/Intermediates.noindex/Schrankenradar\ OSH.build/Debug-iphonesimulator/Schrankenradar\ OSH-2545c2b47f28d8a0bb173c7876f42a30-VFS-iphonesimulator/all-product-headers.yaml -Xcc -iquote -Xcc /Users/jonasfeischl/Library/Developer/Xcode/DerivedData/Build/Intermediates.noindex/Schrankenradar\ OSH.build/Debug-iphonesimulator/Schrankenradar\ OSH.build/Schrankenradar\ OSH-project-headers.hmap -Xcc -I/Users/jonasfeischl/Library/Developer/Xcode/DerivedData/Schrankenradar_OSH-ebqzdoyknyoypddbebsxymqcuicf/SourcePackages/checkouts/onnxruntime-swift-package-manager/objectivec/include -Xcc -I/Users/jonasfeischl/Library/Developer/Xcode/DerivedData/Build/Products/Debug-iphonesimulator/include -Xcc -I/Users/jonasfeischl/Library/Developer/Xcode/DerivedData/Build/Intermediates.noindex/Schrankenradar\ OSH.build/Debug-iphonesimulator/Schrankenradar\ OSH.build/DerivedSources-normal/x86_64 -Xcc -I/Users/jonasfeischl/Library/Developer/Xcode/DerivedData/Build/Intermediates.noindex/Schrankenradar\ OSH.build/Debug-iphonesimulator/Schrankenradar\ OSH.build/DerivedSources/x86_64 -Xcc -I/Users/jonasfeischl/Library/Developer/Xcode/DerivedData/Build/Intermediates.noindex/Schrankenradar\ OSH.build/Debug-iphonesimulator/Schrankenradar\ OSH.build/DerivedSources -Xcc -DDEBUG\=1 -emit-objc-header -emit-objc-header-path /Users/jonasfeischl/Library/Developer/Xcode/DerivedData/Build/Intermediates.noindex/Schrankenradar\ OSH.build/Debug-iphonesimulator/Schrankenradar\ OSH.build/Objects-normal/x86_64/Schrankenradar_OSH-Swift.h -working-directory /Users/jonasfeischl/Library/Mobile\ Documents/com\~apple\~CloudDocs/XCode/Schrankenradar\ OSH -experimental-emit-module-separately -disable-cmo

SwiftDriver Schrankenradar\ OSH normal arm64 com.apple.xcode.tools.swift.compiler (in target 'Schrankenradar OSH' from project 'Schrankenradar OSH')
    cd /Users/jonasfeischl/Library/Mobile\ Documents/com\~apple\~CloudDocs/XCode/Schrankenradar\ OSH
    builtin-SwiftDriver -- /Applications/Xcode.app/Contents/Developer/Toolchains/XcodeDefault.xctoolchain/usr/bin/swiftc -module-name Schrankenradar_OSH -Onone @/Users/jonasfeischl/Library/Developer/Xcode/DerivedData/Build/Intermediates.noindex/Schrankenradar\ OSH.build/Debug-iphonesimulator/Schrankenradar\ OSH.build/Objects-normal/arm64/Schrankenradar\ OSH.SwiftFileList -DDEBUG -Xcc -fmodule-map-file\=/Users/jonasfeischl/Library/Developer/Xcode/DerivedData/Build/Intermediates.noindex/GeneratedModuleMaps-iphonesimulator/OnnxRuntimeBindings.modulemap -default-isolation\=MainActor -enable-bare-slash-regex -enable-upcoming-feature DisableOutwardActorInference -enable-upcoming-feature InferSendableFromCaptures -enable-upcoming-feature GlobalActorIsolatedTypesUsability -enable-upcoming-feature MemberImportVisibility -enable-upcoming-feature InferIsolatedConformances -enable-upcoming-feature NonisolatedNonsendingByDefault -enable-experimental-feature DebugDescriptionMacro -sdk /Applications/Xcode.app/Contents/Developer/Platforms/iPhoneSimulator.platform/Developer/SDKs/iPhoneSimulator26.5.sdk -target arm64-apple-ios26.5-simulator -g -module-cache-path /Users/jonasfeischl/Library/Developer/Xcode/DerivedData/ModuleCache.noindex -Xfrontend -serialize-debugging-options -enable-testing -index-store-path /Users/jonasfeischl/Library/Developer/Xcode/DerivedData/Schrankenradar_OSH-ebqzdoyknyoypddbebsxymqcuicf/Index.noindex/DataStore -Xcc -D_LIBCPP_HARDENING_MODE\=_LIBCPP_HARDENING_MODE_DEBUG -swift-version 5 -I /Users/jonasfeischl/Library/Developer/Xcode/DerivedData/Build/Products/Debug-iphonesimulator -F /Users/jonasfeischl/Library/Developer/Xcode/DerivedData/Build/Products/Debug-iphonesimulator/PackageFrameworks -F /Users/jonasfeischl/Library/Developer/Xcode/DerivedData/Build/Products/Debug-iphonesimulator -emit-localized-strings -emit-localized-strings-path /Users/jonasfeischl/Library/Developer/Xcode/DerivedData/Build/Intermediates.noindex/Schrankenradar\ OSH.build/Debug-iphonesimulator/Schrankenradar\ OSH.build/Objects-normal/arm64 -c -j10 -enable-batch-mode -incremental -Xcc -ivfsstatcache -Xcc /Users/jonasfeischl/Library/Developer/Xcode/DerivedData/SDKStatCaches.noindex/iphonesimulator26.5-23F81a-6cfe768891a92b912361537c460fe42b.sdkstatcache -output-file-map /Users/jonasfeischl/Library/Developer/Xcode/DerivedData/Build/Intermediates.noindex/Schrankenradar\ OSH.build/Debug-iphonesimulator/Schrankenradar\ OSH.build/Objects-normal/arm64/Schrankenradar\ OSH-OutputFileMap.json -use-frontend-parseable-output -save-temps -no-color-diagnostics -explicit-module-build -module-cache-path /Users/jonasfeischl/Library/Developer/Xcode/DerivedData/Build/Intermediates.noindex/SwiftExplicitPrecompiledModules -clang-scanner-module-cache-path /Users/jonasfeischl/Library/Developer/Xcode/DerivedData/ModuleCache.noindex -sdk-module-cache-path /Users/jonasfeischl/Library/Developer/Xcode/DerivedData/ModuleCache.noindex -serialize-diagnostics -emit-dependencies -emit-module -emit-module-path /Users/jonasfeischl/Library/Developer/Xcode/DerivedData/Build/Intermediates.noindex/Schrankenradar\ OSH.build/Debug-iphonesimulator/Schrankenradar\ OSH.build/Objects-normal/arm64/Schrankenradar_OSH.swiftmodule -validate-clang-modules-once -clang-build-session-file /Users/jonasfeischl/Library/Developer/Xcode/DerivedData/ModuleCache.noindex/Session.modulevalidation -Xcc -I/Users/jonasfeischl/Library/Developer/Xcode/DerivedData/Build/Intermediates.noindex/Schrankenradar\ OSH.build/Debug-iphonesimulator/Schrankenradar\ OSH.build/swift-overrides.hmap -emit-const-values -Xfrontend -const-gather-protocols-file -Xfrontend /Users/jonasfeischl/Library/Developer/Xcode/DerivedData/Build/Intermediates.noindex/Schrankenradar\ OSH.build/Debug-iphonesimulator/Schrankenradar\ OSH.build/Objects-normal/arm64/Schrankenradar\ OSH_const_extract_protocols.json -Xcc -iquote -Xcc /Users/jonasfeischl/Library/Developer/Xcode/DerivedData/Build/Intermediates.noindex/Schrankenradar\ OSH.build/Debug-iphonesimulator/Schrankenradar\ OSH.build/Schrankenradar\ OSH-generated-files.hmap -Xcc -I/Users/jonasfeischl/Library/Developer/Xcode/DerivedData/Build/Intermediates.noindex/Schrankenradar\ OSH.build/Debug-iphonesimulator/Schrankenradar\ OSH.build/Schrankenradar\ OSH-own-target-headers.hmap -Xcc -I/Users/jonasfeischl/Library/Developer/Xcode/DerivedData/Build/Intermediates.noindex/Schrankenradar\ OSH.build/Debug-iphonesimulator/Schrankenradar\ OSH.build/Schrankenradar\ OSH-all-non-framework-target-headers.hmap -Xcc -ivfsoverlay -Xcc /Users/jonasfeischl/Library/Developer/Xcode/DerivedData/Build/Intermediates.noindex/Schrankenradar\ OSH.build/Debug-iphonesimulator/Schrankenradar\ OSH-2545c2b47f28d8a0bb173c7876f42a30-VFS-iphonesimulator/all-product-headers.yaml -Xcc -iquote -Xcc /Users/jonasfeischl/Library/Developer/Xcode/DerivedData/Build/Intermediates.noindex/Schrankenradar\ OSH.build/Debug-iphonesimulator/Schrankenradar\ OSH.build/Schrankenradar\ OSH-project-headers.hmap -Xcc -I/Users/jonasfeischl/Library/Developer/Xcode/DerivedData/Schrankenradar_OSH-ebqzdoyknyoypddbebsxymqcuicf/SourcePackages/checkouts/onnxruntime-swift-package-manager/objectivec/include -Xcc -I/Users/jonasfeischl/Library/Developer/Xcode/DerivedData/Build/Products/Debug-iphonesimulator/include -Xcc -I/Users/jonasfeischl/Library/Developer/Xcode/DerivedData/Build/Intermediates.noindex/Schrankenradar\ OSH.build/Debug-iphonesimulator/Schrankenradar\ OSH.build/DerivedSources-normal/arm64 -Xcc -I/Users/jonasfeischl/Library/Developer/Xcode/DerivedData/Build/Intermediates.noindex/Schrankenradar\ OSH.build/Debug-iphonesimulator/Schrankenradar\ OSH.build/DerivedSources/arm64 -Xcc -I/Users/jonasfeischl/Library/Developer/Xcode/DerivedData/Build/Intermediates.noindex/Schrankenradar\ OSH.build/Debug-iphonesimulator/Schrankenradar\ OSH.build/DerivedSources -Xcc -DDEBUG\=1 -emit-objc-header -emit-objc-header-path /Users/jonasfeischl/Library/Developer/Xcode/DerivedData/Build/Intermediates.noindex/Schrankenradar\ OSH.build/Debug-iphonesimulator/Schrankenradar\ OSH.build/Objects-normal/arm64/Schrankenradar_OSH-Swift.h -working-directory /Users/jonasfeischl/Library/Mobile\ Documents/com\~apple\~CloudDocs/XCode/Schrankenradar\ OSH -experimental-emit-module-separately -disable-cmo

SwiftDriverJobDiscovery normal arm64 Compiling SchrankenradarWidgetBundle.swift (in target 'SchrankenradarWidgetExtension' from project 'Schrankenradar OSH')

SwiftDriverJobDiscovery normal arm64 Compiling SchrankenradarWidgetControl.swift (in target 'SchrankenradarWidgetExtension' from project 'Schrankenradar OSH')

Ld /Users/jonasfeischl/Library/Developer/Xcode/DerivedData/Build/Intermediates.noindex/onnxruntime.build/Debug-iphonesimulator/OnnxRuntimeBindings.build/Objects-normal/arm64/Binary/OnnxRuntimeBindings.o normal arm64 (in target 'OnnxRuntimeBindings' from project 'onnxruntime')
    cd /Users/jonasfeischl/Library/Developer/Xcode/DerivedData/Schrankenradar_OSH-ebqzdoyknyoypddbebsxymqcuicf/SourcePackages/checkouts/onnxruntime-swift-package-manager
    /Applications/Xcode.app/Contents/Developer/Toolchains/XcodeDefault.xctoolchain/usr/bin/clang++ -Xlinker -reproducible -target arm64-apple-ios13.0-simulator -r -isysroot /Applications/Xcode.app/Contents/Developer/Platforms/iPhoneSimulator.platform/Developer/SDKs/iPhoneSimulator26.5.sdk -O0 -w -F/Users/jonasfeischl/Library/Developer/Xcode/DerivedData/Build/Intermediates.noindex/EagerLinkingTBDs/Debug-iphonesimulator -F/Users/jonasfeischl/Library/Developer/Xcode/DerivedData/Build/Products/Debug-iphonesimulator -iframework /Applications/Xcode.app/Contents/Developer/Platforms/iPhoneSimulator.platform/Developer/Library/Frameworks -iframework /Applications/Xcode.app/Contents/Developer/Platforms/iPhoneSimulator.platform/Developer/SDKs/iPhoneSimulator26.5.sdk/Developer/Library/Frameworks -filelist /Users/jonasfeischl/Library/Developer/Xcode/DerivedData/Build/Intermediates.noindex/onnxruntime.build/Debug-iphonesimulator/OnnxRuntimeBindings.build/Objects-normal/arm64/OnnxRuntimeBindings.LinkFileList -nostdlib -Xlinker -object_path_lto -Xlinker /Users/jonasfeischl/Library/Developer/Xcode/DerivedData/Build/Intermediates.noindex/onnxruntime.build/Debug-iphonesimulator/OnnxRuntimeBindings.build/Objects-normal/arm64/OnnxRuntimeBindings_lto.o -Xlinker -no_deduplicate -Xlinker -objc_abi_version -Xlinker 2 -Xlinker -dependency_info -Xlinker /Users/jonasfeischl/Library/Developer/Xcode/DerivedData/Build/Intermediates.noindex/onnxruntime.build/Debug-iphonesimulator/OnnxRuntimeBindings.build/Objects-normal/arm64/OnnxRuntimeBindings_dependency_info.dat -fobjc-arc -fobjc-link-runtime -o /Users/jonasfeischl/Library/Developer/Xcode/DerivedData/Build/Intermediates.noindex/onnxruntime.build/Debug-iphonesimulator/OnnxRuntimeBindings.build/Objects-normal/arm64/Binary/OnnxRuntimeBindings.o

SwiftDriverJobDiscovery normal arm64 Compiling CrossingActivityAttributes.swift (in target 'SchrankenradarWidgetExtension' from project 'Schrankenradar OSH')

CreateUniversalBinary /Users/jonasfeischl/Library/Developer/Xcode/DerivedData/Build/Products/Debug-iphonesimulator/OnnxRuntimeBindings.o normal arm64\ x86_64 (in target 'OnnxRuntimeBindings' from project 'onnxruntime')
    cd /Users/jonasfeischl/Library/Developer/Xcode/DerivedData/Schrankenradar_OSH-ebqzdoyknyoypddbebsxymqcuicf/SourcePackages/checkouts/onnxruntime-swift-package-manager
    /Applications/Xcode.app/Contents/Developer/Toolchains/XcodeDefault.xctoolchain/usr/bin/lipo -create /Users/jonasfeischl/Library/Developer/Xcode/DerivedData/Build/Intermediates.noindex/onnxruntime.build/Debug-iphonesimulator/OnnxRuntimeBindings.build/Objects-normal/arm64/Binary/OnnxRuntimeBindings.o /Users/jonasfeischl/Library/Developer/Xcode/DerivedData/Build/Intermediates.noindex/onnxruntime.build/Debug-iphonesimulator/OnnxRuntimeBindings.build/Objects-normal/x86_64/Binary/OnnxRuntimeBindings.o -output /Users/jonasfeischl/Library/Developer/Xcode/DerivedData/Build/Products/Debug-iphonesimulator/OnnxRuntimeBindings.o

RegisterExecutionPolicyException /Users/jonasfeischl/Library/Developer/Xcode/DerivedData/Build/Products/Debug-iphonesimulator/OnnxRuntimeBindings.o (in target 'OnnxRuntimeBindings' from project 'onnxruntime')
    cd /Users/jonasfeischl/Library/Developer/Xcode/DerivedData/Schrankenradar_OSH-ebqzdoyknyoypddbebsxymqcuicf/SourcePackages/checkouts/onnxruntime-swift-package-manager
    builtin-RegisterExecutionPolicyException /Users/jonasfeischl/Library/Developer/Xcode/DerivedData/Build/Products/Debug-iphonesimulator/OnnxRuntimeBindings.o

SwiftExplicitDependencyGeneratePcm x86_64 /Users/jonasfeischl/Library/Developer/Xcode/DerivedData/Build/Intermediates.noindex/SwiftExplicitPrecompiledModules/OnnxRuntimeBindings-AQBI36817JWEQN9JM2IWB2Q8P.pcm

SwiftExplicitDependencyGeneratePcm arm64 /Users/jonasfeischl/Library/Developer/Xcode/DerivedData/Build/Intermediates.noindex/SwiftExplicitPrecompiledModules/OnnxRuntimeBindings-71PWQCYIAY6VD6ILWVUGR0F97.pcm

SwiftCompile normal x86_64 Compiling\ SidebarView.swift,\ SiriIntents.swift,\ TrafficLightView.swift,\ TrainAPIService.swift /Users/jonasfeischl/Library/Mobile\ Documents/com~apple~CloudDocs/XCode/Schrankenradar\ OSH/Schrankenradar\ OSH/SidebarView.swift /Users/jonasfeischl/Library/Mobile\ Documents/com~apple~CloudDocs/XCode/Schrankenradar\ OSH/Schrankenradar\ OSH/SiriIntents.swift /Users/jonasfeischl/Library/Mobile\ Documents/com~apple~CloudDocs/XCode/Schrankenradar\ OSH/Schrankenradar\ OSH/TrafficLightView.swift /Users/jonasfeischl/Library/Mobile\ Documents/com~apple~CloudDocs/XCode/Schrankenradar\ OSH/Schrankenradar\ OSH/TrainAPIService.swift (in target 'Schrankenradar OSH' from project 'Schrankenradar OSH')

SwiftCompile normal x86_64 /Users/jonasfeischl/Library/Mobile\ Documents/com~apple~CloudDocs/XCode/Schrankenradar\ OSH/Schrankenradar\ OSH/SidebarView.swift (in target 'Schrankenradar OSH' from project 'Schrankenradar OSH')
    cd /Users/jonasfeischl/Library/Mobile\ Documents/com\~apple\~CloudDocs/XCode/Schrankenradar\ OSH
    

SwiftCompile normal x86_64 /Users/jonasfeischl/Library/Mobile\ Documents/com~apple~CloudDocs/XCode/Schrankenradar\ OSH/Schrankenradar\ OSH/SiriIntents.swift (in target 'Schrankenradar OSH' from project 'Schrankenradar OSH')
    cd /Users/jonasfeischl/Library/Mobile\ Documents/com\~apple\~CloudDocs/XCode/Schrankenradar\ OSH
    

SwiftCompile normal x86_64 /Users/jonasfeischl/Library/Mobile\ Documents/com~apple~CloudDocs/XCode/Schrankenradar\ OSH/Schrankenradar\ OSH/TrafficLightView.swift (in target 'Schrankenradar OSH' from project 'Schrankenradar OSH')
    cd /Users/jonasfeischl/Library/Mobile\ Documents/com\~apple\~CloudDocs/XCode/Schrankenradar\ OSH
    

SwiftCompile normal x86_64 /Users/jonasfeischl/Library/Mobile\ Documents/com~apple~CloudDocs/XCode/Schrankenradar\ OSH/Schrankenradar\ OSH/TrainAPIService.swift (in target 'Schrankenradar OSH' from project 'Schrankenradar OSH')
    cd /Users/jonasfeischl/Library/Mobile\ Documents/com\~apple\~CloudDocs/XCode/Schrankenradar\ OSH
    

SwiftEmitModule normal x86_64 Emitting\ module\ for\ Schrankenradar_OSH (in target 'Schrankenradar OSH' from project 'Schrankenradar OSH')

EmitSwiftModule normal x86_64 (in target 'Schrankenradar OSH' from project 'Schrankenradar OSH')
    cd /Users/jonasfeischl/Library/Mobile\ Documents/com\~apple\~CloudDocs/XCode/Schrankenradar\ OSH
    

SwiftCompile normal x86_64 Compiling\ TravelTimesCard.swift,\ VoiceAnnouncer.swift,\ WaechterView.swift,\ GeneratedAssetSymbols.swift /Users/jonasfeischl/Library/Mobile\ Documents/com~apple~CloudDocs/XCode/Schrankenradar\ OSH/Schrankenradar\ OSH/TravelTimesCard.swift /Users/jonasfeischl/Library/Mobile\ Documents/com~apple~CloudDocs/XCode/Schrankenradar\ OSH/Schrankenradar\ OSH/VoiceAnnouncer.swift /Users/jonasfeischl/Library/Mobile\ Documents/com~apple~CloudDocs/XCode/Schrankenradar\ OSH/Schrankenradar\ OSH/WaechterView.swift /Users/jonasfeischl/Library/Developer/Xcode/DerivedData/Build/Intermediates.noindex/Schrankenradar\ OSH.build/Debug-iphonesimulator/Schrankenradar\ OSH.build/DerivedSources/GeneratedAssetSymbols.swift (in target 'Schrankenradar OSH' from project 'Schrankenradar OSH')

SwiftCompile normal x86_64 /Users/jonasfeischl/Library/Mobile\ Documents/com~apple~CloudDocs/XCode/Schrankenradar\ OSH/Schrankenradar\ OSH/TravelTimesCard.swift (in target 'Schrankenradar OSH' from project 'Schrankenradar OSH')
    cd /Users/jonasfeischl/Library/Mobile\ Documents/com\~apple\~CloudDocs/XCode/Schrankenradar\ OSH
    

SwiftCompile normal x86_64 /Users/jonasfeischl/Library/Mobile\ Documents/com~apple~CloudDocs/XCode/Schrankenradar\ OSH/Schrankenradar\ OSH/VoiceAnnouncer.swift (in target 'Schrankenradar OSH' from project 'Schrankenradar OSH')
    cd /Users/jonasfeischl/Library/Mobile\ Documents/com\~apple\~CloudDocs/XCode/Schrankenradar\ OSH
    

SwiftCompile normal x86_64 /Users/jonasfeischl/Library/Mobile\ Documents/com~apple~CloudDocs/XCode/Schrankenradar\ OSH/Schrankenradar\ OSH/WaechterView.swift (in target 'Schrankenradar OSH' from project 'Schrankenradar OSH')
    cd /Users/jonasfeischl/Library/Mobile\ Documents/com\~apple\~CloudDocs/XCode/Schrankenradar\ OSH
    

SwiftCompile normal x86_64 /Users/jonasfeischl/Library/Developer/Xcode/DerivedData/Build/Intermediates.noindex/Schrankenradar\ OSH.build/Debug-iphonesimulator/Schrankenradar\ OSH.build/DerivedSources/GeneratedAssetSymbols.swift (in target 'Schrankenradar OSH' from project 'Schrankenradar OSH')
    cd /Users/jonasfeischl/Library/Mobile\ Documents/com\~apple\~CloudDocs/XCode/Schrankenradar\ OSH
    

SwiftCompile normal x86_64 Compiling\ RankDetailView.swift,\ RankTracker.swift,\ RankUpCelebrationView.swift,\ RouteView.swift /Users/jonasfeischl/Library/Mobile\ Documents/com~apple~CloudDocs/XCode/Schrankenradar\ OSH/Schrankenradar\ OSH/RankDetailView.swift /Users/jonasfeischl/Library/Mobile\ Documents/com~apple~CloudDocs/XCode/Schrankenradar\ OSH/Schrankenradar\ OSH/RankTracker.swift /Users/jonasfeischl/Library/Mobile\ Documents/com~apple~CloudDocs/XCode/Schrankenradar\ OSH/Schrankenradar\ OSH/RankUpCelebrationView.swift /Users/jonasfeischl/Library/Mobile\ Documents/com~apple~CloudDocs/XCode/Schrankenradar\ OSH/Schrankenradar\ OSH/RouteView.swift (in target 'Schrankenradar OSH' from project 'Schrankenradar OSH')

SwiftCompile normal x86_64 /Users/jonasfeischl/Library/Mobile\ Documents/com~apple~CloudDocs/XCode/Schrankenradar\ OSH/Schrankenradar\ OSH/RankDetailView.swift (in target 'Schrankenradar OSH' from project 'Schrankenradar OSH')
    cd /Users/jonasfeischl/Library/Mobile\ Documents/com\~apple\~CloudDocs/XCode/Schrankenradar\ OSH
    

SwiftCompile normal x86_64 /Users/jonasfeischl/Library/Mobile\ Documents/com~apple~CloudDocs/XCode/Schrankenradar\ OSH/Schrankenradar\ OSH/RankTracker.swift (in target 'Schrankenradar OSH' from project 'Schrankenradar OSH')
    cd /Users/jonasfeischl/Library/Mobile\ Documents/com\~apple\~CloudDocs/XCode/Schrankenradar\ OSH
    

SwiftCompile normal x86_64 /Users/jonasfeischl/Library/Mobile\ Documents/com~apple~CloudDocs/XCode/Schrankenradar\ OSH/Schrankenradar\ OSH/RankUpCelebrationView.swift (in target 'Schrankenradar OSH' from project 'Schrankenradar OSH')
    cd /Users/jonasfeischl/Library/Mobile\ Documents/com\~apple\~CloudDocs/XCode/Schrankenradar\ OSH
    

SwiftCompile normal x86_64 /Users/jonasfeischl/Library/Mobile\ Documents/com~apple~CloudDocs/XCode/Schrankenradar\ OSH/Schrankenradar\ OSH/RouteView.swift (in target 'Schrankenradar OSH' from project 'Schrankenradar OSH')
    cd /Users/jonasfeischl/Library/Mobile\ Documents/com\~apple\~CloudDocs/XCode/Schrankenradar\ OSH
    

SwiftCompile normal x86_64 Compiling\ RouteViewModel.swift,\ SchrankenModeView.swift,\ Schrankenradar_OSHApp.swift,\ SettingsView.swift /Users/jonasfeischl/Library/Mobile\ Documents/com~apple~CloudDocs/XCode/Schrankenradar\ OSH/Schrankenradar\ OSH/RouteViewModel.swift /Users/jonasfeischl/Library/Mobile\ Documents/com~apple~CloudDocs/XCode/Schrankenradar\ OSH/Schrankenradar\ OSH/SchrankenModeView.swift /Users/jonasfeischl/Library/Mobile\ Documents/com~apple~CloudDocs/XCode/Schrankenradar\ OSH/Schrankenradar\ OSH/Schrankenradar_OSHApp.swift /Users/jonasfeischl/Library/Mobile\ Documents/com~apple~CloudDocs/XCode/Schrankenradar\ OSH/Schrankenradar\ OSH/SettingsView.swift (in target 'Schrankenradar OSH' from project 'Schrankenradar OSH')
SwiftCompile normal x86_64 /Users/jonasfeischl/Library/Mobile\ Documents/com~apple~CloudDocs/XCode/Schrankenradar\ OSH/Schrankenradar\ OSH/RouteViewModel.swift (in target 'Schrankenradar OSH' from project 'Schrankenradar OSH')
    cd /Users/jonasfeischl/Library/Mobile\ Documents/com\~apple\~CloudDocs/XCode/Schrankenradar\ OSH
    

SwiftCompile normal x86_64 /Users/jonasfeischl/Library/Mobile\ Documents/com~apple~CloudDocs/XCode/Schrankenradar\ OSH/Schrankenradar\ OSH/SchrankenModeView.swift (in target 'Schrankenradar OSH' from project 'Schrankenradar OSH')
    cd /Users/jonasfeischl/Library/Mobile\ Documents/com\~apple\~CloudDocs/XCode/Schrankenradar\ OSH
    

SwiftCompile normal x86_64 /Users/jonasfeischl/Library/Mobile\ Documents/com~apple~CloudDocs/XCode/Schrankenradar\ OSH/Schrankenradar\ OSH/Schrankenradar_OSHApp.swift (in target 'Schrankenradar OSH' from project 'Schrankenradar OSH')
    cd /Users/jonasfeischl/Library/Mobile\ Documents/com\~apple\~CloudDocs/XCode/Schrankenradar\ OSH
    

SwiftCompile normal x86_64 /Users/jonasfeischl/Library/Mobile\ Documents/com~apple~CloudDocs/XCode/Schrankenradar\ OSH/Schrankenradar\ OSH/SettingsView.swift (in target 'Schrankenradar OSH' from project 'Schrankenradar OSH')
    cd /Users/jonasfeischl/Library/Mobile\ Documents/com\~apple\~CloudDocs/XCode/Schrankenradar\ OSH
    

SwiftCompile normal x86_64 Compiling\ CrossingLocation.swift,\ CrossingRecorder.swift,\ CrossingViewModel.swift,\ DailyPatternView.swift,\ DebugLog.swift /Users/jonasfeischl/Library/Mobile\ Documents/com~apple~CloudDocs/XCode/Schrankenradar\ OSH/Schrankenradar\ OSH/CrossingLocation.swift /Users/jonasfeischl/Library/Mobile\ Documents/com~apple~CloudDocs/XCode/Schrankenradar\ OSH/Schrankenradar\ OSH/CrossingRecorder.swift /Users/jonasfeischl/Library/Mobile\ Documents/com~apple~CloudDocs/XCode/Schrankenradar\ OSH/Schrankenradar\ OSH/CrossingViewModel.swift /Users/jonasfeischl/Library/Mobile\ Documents/com~apple~CloudDocs/XCode/Schrankenradar\ OSH/Schrankenradar\ OSH/DailyPatternView.swift /Users/jonasfeischl/Library/Mobile\ Documents/com~apple~CloudDocs/XCode/Schrankenradar\ OSH/Schrankenradar\ OSH/DebugLog.swift (in target 'Schrankenradar OSH' from project 'Schrankenradar OSH')

SwiftCompile normal x86_64 /Users/jonasfeischl/Library/Mobile\ Documents/com~apple~CloudDocs/XCode/Schrankenradar\ OSH/Schrankenradar\ OSH/CrossingLocation.swift (in target 'Schrankenradar OSH' from project 'Schrankenradar OSH')
    cd /Users/jonasfeischl/Library/Mobile\ Documents/com\~apple\~CloudDocs/XCode/Schrankenradar\ OSH
    

SwiftCompile normal x86_64 /Users/jonasfeischl/Library/Mobile\ Documents/com~apple~CloudDocs/XCode/Schrankenradar\ OSH/Schrankenradar\ OSH/CrossingRecorder.swift (in target 'Schrankenradar OSH' from project 'Schrankenradar OSH')
    cd /Users/jonasfeischl/Library/Mobile\ Documents/com\~apple\~CloudDocs/XCode/Schrankenradar\ OSH
    

SwiftCompile normal x86_64 /Users/jonasfeischl/Library/Mobile\ Documents/com~apple~CloudDocs/XCode/Schrankenradar\ OSH/Schrankenradar\ OSH/CrossingViewModel.swift (in target 'Schrankenradar OSH' from project 'Schrankenradar OSH')
    cd /Users/jonasfeischl/Library/Mobile\ Documents/com\~apple\~CloudDocs/XCode/Schrankenradar\ OSH
    

SwiftCompile normal x86_64 /Users/jonasfeischl/Library/Mobile\ Documents/com~apple~CloudDocs/XCode/Schrankenradar\ OSH/Schrankenradar\ OSH/DailyPatternView.swift (in target 'Schrankenradar OSH' from project 'Schrankenradar OSH')
    cd /Users/jonasfeischl/Library/Mobile\ Documents/com\~apple\~CloudDocs/XCode/Schrankenradar\ OSH
    

SwiftCompile normal x86_64 /Users/jonasfeischl/Library/Mobile\ Documents/com~apple~CloudDocs/XCode/Schrankenradar\ OSH/Schrankenradar\ OSH/DebugLog.swift (in target 'Schrankenradar OSH' from project 'Schrankenradar OSH')
    cd /Users/jonasfeischl/Library/Mobile\ Documents/com\~apple\~CloudDocs/XCode/Schrankenradar\ OSH
    

SwiftCompile normal x86_64 Compiling\ AnimatedGIFView.swift,\ APIComparisonView.swift,\ APIComparisonViewModel.swift,\ ContentView.swift,\ CrossingActivityAttributes.swift /Users/jonasfeischl/Library/Mobile\ Documents/com~apple~CloudDocs/XCode/Schrankenradar\ OSH/Schrankenradar\ OSH/AnimatedGIFView.swift /Users/jonasfeischl/Library/Mobile\ Documents/com~apple~CloudDocs/XCode/Schrankenradar\ OSH/Schrankenradar\ OSH/APIComparisonView.swift /Users/jonasfeischl/Library/Mobile\ Documents/com~apple~CloudDocs/XCode/Schrankenradar\ OSH/Schrankenradar\ OSH/APIComparisonViewModel.swift /Users/jonasfeischl/Library/Mobile\ Documents/com~apple~CloudDocs/XCode/Schrankenradar\ OSH/Schrankenradar\ OSH/ContentView.swift /Users/jonasfeischl/Library/Mobile\ Documents/com~apple~CloudDocs/XCode/Schrankenradar\ OSH/Schrankenradar\ OSH/CrossingActivityAttributes.swift (in target 'Schrankenradar OSH' from project 'Schrankenradar OSH')

SwiftCompile normal x86_64 /Users/jonasfeischl/Library/Mobile\ Documents/com~apple~CloudDocs/XCode/Schrankenradar\ OSH/Schrankenradar\ OSH/AnimatedGIFView.swift (in target 'Schrankenradar OSH' from project 'Schrankenradar OSH')
    cd /Users/jonasfeischl/Library/Mobile\ Documents/com\~apple\~CloudDocs/XCode/Schrankenradar\ OSH
    
/Users/jonasfeischl/Library/Mobile Documents/com~apple~CloudDocs/XCode/Schrankenradar OSH/Schrankenradar OSH/AnimatedGIFView.swift:31:86: warning: main actor-isolated static method 'decode' cannot be called from outside of the actor; this is an error in the Swift 6 language mode
            guard let data = NSDataAsset(name: name)?.data, let animatedImage = Self.decode(data) else { return }
                                                                                ~~~~~^~~~~~~~~~~~
                                                                                await 

SwiftCompile normal x86_64 /Users/jonasfeischl/Library/Mobile\ Documents/com~apple~CloudDocs/XCode/Schrankenradar\ OSH/Schrankenradar\ OSH/APIComparisonView.swift (in target 'Schrankenradar OSH' from project 'Schrankenradar OSH')
    cd /Users/jonasfeischl/Library/Mobile\ Documents/com\~apple\~CloudDocs/XCode/Schrankenradar\ OSH
    

SwiftCompile normal x86_64 /Users/jonasfeischl/Library/Mobile\ Documents/com~apple~CloudDocs/XCode/Schrankenradar\ OSH/Schrankenradar\ OSH/APIComparisonViewModel.swift (in target 'Schrankenradar OSH' from project 'Schrankenradar OSH')
    cd /Users/jonasfeischl/Library/Mobile\ Documents/com\~apple\~CloudDocs/XCode/Schrankenradar\ OSH
    

SwiftCompile normal x86_64 /Users/jonasfeischl/Library/Mobile\ Documents/com~apple~CloudDocs/XCode/Schrankenradar\ OSH/Schrankenradar\ OSH/ContentView.swift (in target 'Schrankenradar OSH' from project 'Schrankenradar OSH')
    cd /Users/jonasfeischl/Library/Mobile\ Documents/com\~apple\~CloudDocs/XCode/Schrankenradar\ OSH
    

SwiftCompile normal x86_64 /Users/jonasfeischl/Library/Mobile\ Documents/com~apple~CloudDocs/XCode/Schrankenradar\ OSH/Schrankenradar\ OSH/CrossingActivityAttributes.swift (in target 'Schrankenradar OSH' from project 'Schrankenradar OSH')
    cd /Users/jonasfeischl/Library/Mobile\ Documents/com\~apple\~CloudDocs/XCode/Schrankenradar\ OSH
    

SwiftEmitModule normal arm64 Emitting\ module\ for\ Schrankenradar_OSH (in target 'Schrankenradar OSH' from project 'Schrankenradar OSH')

EmitSwiftModule normal arm64 (in target 'Schrankenradar OSH' from project 'Schrankenradar OSH')
    cd /Users/jonasfeischl/Library/Mobile\ Documents/com\~apple\~CloudDocs/XCode/Schrankenradar\ OSH
    

SwiftDriverJobDiscovery normal arm64 Compiling SchrankenradarWidget.swift (in target 'SchrankenradarWidgetExtension' from project 'Schrankenradar OSH')

SwiftDriver\ Compilation SchrankenradarWidgetExtension normal arm64 com.apple.xcode.tools.swift.compiler (in target 'SchrankenradarWidgetExtension' from project 'Schrankenradar OSH')
    cd /Users/jonasfeischl/Library/Mobile\ Documents/com\~apple\~CloudDocs/XCode/Schrankenradar\ OSH
    builtin-Swift-Compilation -- /Applications/Xcode.app/Contents/Developer/Toolchains/XcodeDefault.xctoolchain/usr/bin/swiftc -module-name SchrankenradarWidgetExtension -Onone @/Users/jonasfeischl/Library/Developer/Xcode/DerivedData/Build/Intermediates.noindex/Schrankenradar\ OSH.build/Debug-iphonesimulator/SchrankenradarWidgetExtension.build/Objects-normal/arm64/SchrankenradarWidgetExtension.SwiftFileList -DDEBUG -enable-bare-slash-regex -enable-upcoming-feature DisableOutwardActorInference -enable-upcoming-feature InferSendableFromCaptures -enable-upcoming-feature GlobalActorIsolatedTypesUsability -enable-upcoming-feature MemberImportVisibility -enable-upcoming-feature InferIsolatedConformances -enable-upcoming-feature NonisolatedNonsendingByDefault -enable-experimental-feature DebugDescriptionMacro -sdk /Applications/Xcode.app/Contents/Developer/Platforms/iPhoneSimulator.platform/Developer/SDKs/iPhoneSimulator26.5.sdk -target arm64-apple-ios26.5-simulator -g -module-cache-path /Users/jonasfeischl/Library/Developer/Xcode/DerivedData/ModuleCache.noindex -Xfrontend -serialize-debugging-options -application-extension -enable-testing -index-store-path /Users/jonasfeischl/Library/Developer/Xcode/DerivedData/Schrankenradar_OSH-ebqzdoyknyoypddbebsxymqcuicf/Index.noindex/DataStore -Xcc -D_LIBCPP_HARDENING_MODE\=_LIBCPP_HARDENING_MODE_DEBUG -swift-version 5 -I /Users/jonasfeischl/Library/Developer/Xcode/DerivedData/Build/Products/Debug-iphonesimulator -F /Users/jonasfeischl/Library/Developer/Xcode/DerivedData/Build/Products/Debug-iphonesimulator -emit-localized-strings -emit-localized-strings-path /Users/jonasfeischl/Library/Developer/Xcode/DerivedData/Build/Intermediates.noindex/Schrankenradar\ OSH.build/Debug-iphonesimulator/SchrankenradarWidgetExtension.build/Objects-normal/arm64 -c -j10 -enable-batch-mode -incremental -Xcc -ivfsstatcache -Xcc /Users/jonasfeischl/Library/Developer/Xcode/DerivedData/SDKStatCaches.noindex/iphonesimulator26.5-23F81a-6cfe768891a92b912361537c460fe42b.sdkstatcache -output-file-map /Users/jonasfeischl/Library/Developer/Xcode/DerivedData/Build/Intermediates.noindex/Schrankenradar\ OSH.build/Debug-iphonesimulator/SchrankenradarWidgetExtension.build/Objects-normal/arm64/SchrankenradarWidgetExtension-OutputFileMap.json -use-frontend-parseable-output -save-temps -no-color-diagnostics -explicit-module-build -module-cache-path /Users/jonasfeischl/Library/Developer/Xcode/DerivedData/Build/Intermediates.noindex/SwiftExplicitPrecompiledModules -clang-scanner-module-cache-path /Users/jonasfeischl/Library/Developer/Xcode/DerivedData/ModuleCache.noindex -sdk-module-cache-path /Users/jonasfeischl/Library/Developer/Xcode/DerivedData/ModuleCache.noindex -serialize-diagnostics -emit-dependencies -emit-module -emit-module-path /Users/jonasfeischl/Library/Developer/Xcode/DerivedData/Build/Intermediates.noindex/Schrankenradar\ OSH.build/Debug-iphonesimulator/SchrankenradarWidgetExtension.build/Objects-normal/arm64/SchrankenradarWidgetExtension.swiftmodule -validate-clang-modules-once -clang-build-session-file /Users/jonasfeischl/Library/Developer/Xcode/DerivedData/ModuleCache.noindex/Session.modulevalidation -Xcc -I/Users/jonasfeischl/Library/Developer/Xcode/DerivedData/Build/Intermediates.noindex/Schrankenradar\ OSH.build/Debug-iphonesimulator/SchrankenradarWidgetExtension.build/swift-overrides.hmap -emit-const-values -Xfrontend -const-gather-protocols-file -Xfrontend /Users/jonasfeischl/Library/Developer/Xcode/DerivedData/Build/Intermediates.noindex/Schrankenradar\ OSH.build/Debug-iphonesimulator/SchrankenradarWidgetExtension.build/Objects-normal/arm64/SchrankenradarWidgetExtension_const_extract_protocols.json -Xcc -iquote -Xcc /Users/jonasfeischl/Library/Developer/Xcode/DerivedData/Build/Intermediates.noindex/Schrankenradar\ OSH.build/Debug-iphonesimulator/SchrankenradarWidgetExtension.build/SchrankenradarWidgetExtension-generated-files.hmap -Xcc -I/Users/jonasfeischl/Library/Developer/Xcode/DerivedData/Build/Intermediates.noindex/Schrankenradar\ OSH.build/Debug-iphonesimulator/SchrankenradarWidgetExtension.build/SchrankenradarWidgetExtension-own-target-headers.hmap -Xcc -I/Users/jonasfeischl/Library/Developer/Xcode/DerivedData/Build/Intermediates.noindex/Schrankenradar\ OSH.build/Debug-iphonesimulator/SchrankenradarWidgetExtension.build/SchrankenradarWidgetExtension-all-non-framework-target-headers.hmap -Xcc -ivfsoverlay -Xcc /Users/jonasfeischl/Library/Developer/Xcode/DerivedData/Build/Intermediates.noindex/Schrankenradar\ OSH.build/Debug-iphonesimulator/Schrankenradar\ OSH-2545c2b47f28d8a0bb173c7876f42a30-VFS-iphonesimulator/all-product-headers.yaml -Xcc -iquote -Xcc /Users/jonasfeischl/Library/Developer/Xcode/DerivedData/Build/Intermediates.noindex/Schrankenradar\ OSH.build/Debug-iphonesimulator/SchrankenradarWidgetExtension.build/SchrankenradarWidgetExtension-project-headers.hmap -Xcc -I/Users/jonasfeischl/Library/Developer/Xcode/DerivedData/Build/Products/Debug-iphonesimulator/include -Xcc -I/Users/jonasfeischl/Library/Developer/Xcode/DerivedData/Build/Intermediates.noindex/Schrankenradar\ OSH.build/Debug-iphonesimulator/SchrankenradarWidgetExtension.build/DerivedSources-normal/arm64 -Xcc -I/Users/jonasfeischl/Library/Developer/Xcode/DerivedData/Build/Intermediates.noindex/Schrankenradar\ OSH.build/Debug-iphonesimulator/SchrankenradarWidgetExtension.build/DerivedSources/arm64 -Xcc -I/Users/jonasfeischl/Library/Developer/Xcode/DerivedData/Build/Intermediates.noindex/Schrankenradar\ OSH.build/Debug-iphonesimulator/SchrankenradarWidgetExtension.build/DerivedSources -Xcc -DDEBUG\=1 -emit-objc-header -emit-objc-header-path /Users/jonasfeischl/Library/Developer/Xcode/DerivedData/Build/Intermediates.noindex/Schrankenradar\ OSH.build/Debug-iphonesimulator/SchrankenradarWidgetExtension.build/Objects-normal/arm64/SchrankenradarWidgetExtension-Swift.h -working-directory /Users/jonasfeischl/Library/Mobile\ Documents/com\~apple\~CloudDocs/XCode/Schrankenradar\ OSH -experimental-emit-module-separately -disable-cmo

SwiftDriverJobDiscovery normal x86_64 Compiling SchrankenradarWidget.swift (in target 'SchrankenradarWidgetExtension' from project 'Schrankenradar OSH')

SwiftCompile normal arm64 Compiling\ FeedbackLearner.swift,\ GeopsRealtimeService.swift,\ JSONBinService.swift,\ LaunchScreenView.swift /Users/jonasfeischl/Library/Mobile\ Documents/com~apple~CloudDocs/XCode/Schrankenradar\ OSH/Schrankenradar\ OSH/FeedbackLearner.swift /Users/jonasfeischl/Library/Mobile\ Documents/com~apple~CloudDocs/XCode/Schrankenradar\ OSH/Schrankenradar\ OSH/GeopsRealtimeService.swift /Users/jonasfeischl/Library/Mobile\ Documents/com~apple~CloudDocs/XCode/Schrankenradar\ OSH/Schrankenradar\ OSH/JSONBinService.swift /Users/jonasfeischl/Library/Mobile\ Documents/com~apple~CloudDocs/XCode/Schrankenradar\ OSH/Schrankenradar\ OSH/LaunchScreenView.swift (in target 'Schrankenradar OSH' from project 'Schrankenradar OSH')

SwiftCompile normal arm64 /Users/jonasfeischl/Library/Mobile\ Documents/com~apple~CloudDocs/XCode/Schrankenradar\ OSH/Schrankenradar\ OSH/FeedbackLearner.swift (in target 'Schrankenradar OSH' from project 'Schrankenradar OSH')
    cd /Users/jonasfeischl/Library/Mobile\ Documents/com\~apple\~CloudDocs/XCode/Schrankenradar\ OSH
    

SwiftCompile normal arm64 /Users/jonasfeischl/Library/Mobile\ Documents/com~apple~CloudDocs/XCode/Schrankenradar\ OSH/Schrankenradar\ OSH/GeopsRealtimeService.swift (in target 'Schrankenradar OSH' from project 'Schrankenradar OSH')
    cd /Users/jonasfeischl/Library/Mobile\ Documents/com\~apple\~CloudDocs/XCode/Schrankenradar\ OSH
    

SwiftCompile normal arm64 /Users/jonasfeischl/Library/Mobile\ Documents/com~apple~CloudDocs/XCode/Schrankenradar\ OSH/Schrankenradar\ OSH/JSONBinService.swift (in target 'Schrankenradar OSH' from project 'Schrankenradar OSH')
    cd /Users/jonasfeischl/Library/Mobile\ Documents/com\~apple\~CloudDocs/XCode/Schrankenradar\ OSH
    

SwiftCompile normal arm64 /Users/jonasfeischl/Library/Mobile\ Documents/com~apple~CloudDocs/XCode/Schrankenradar\ OSH/Schrankenradar\ OSH/LaunchScreenView.swift (in target 'Schrankenradar OSH' from project 'Schrankenradar OSH')
    cd /Users/jonasfeischl/Library/Mobile\ Documents/com\~apple\~CloudDocs/XCode/Schrankenradar\ OSH
    

Ld /Users/jonasfeischl/Library/Developer/Xcode/DerivedData/Build/Intermediates.noindex/Schrankenradar\ OSH.build/Debug-iphonesimulator/SchrankenradarWidgetExtension.build/Objects-normal/arm64/Binary/SchrankenradarWidgetExtension.debug.dylib normal arm64 (in target 'SchrankenradarWidgetExtension' from project 'Schrankenradar OSH')
    cd /Users/jonasfeischl/Library/Mobile\ Documents/com\~apple\~CloudDocs/XCode/Schrankenradar\ OSH
    /Applications/Xcode.app/Contents/Developer/Toolchains/XcodeDefault.xctoolchain/usr/bin/clang -Xlinker -reproducible -target arm64-apple-ios26.5-simulator -dynamiclib -isysroot /Applications/Xcode.app/Contents/Developer/Platforms/iPhoneSimulator.platform/Developer/SDKs/iPhoneSimulator26.5.sdk -O0 -L/Users/jonasfeischl/Library/Developer/Xcode/DerivedData/Build/Intermediates.noindex/EagerLinkingTBDs/Debug-iphonesimulator -L/Users/jonasfeischl/Library/Developer/Xcode/DerivedData/Build/Products/Debug-iphonesimulator -F/Users/jonasfeischl/Library/Developer/Xcode/DerivedData/Build/Intermediates.noindex/EagerLinkingTBDs/Debug-iphonesimulator -F/Users/jonasfeischl/Library/Developer/Xcode/DerivedData/Build/Products/Debug-iphonesimulator -filelist /Users/jonasfeischl/Library/Developer/Xcode/DerivedData/Build/Intermediates.noindex/Schrankenradar\ OSH.build/Debug-iphonesimulator/SchrankenradarWidgetExtension.build/Objects-normal/arm64/SchrankenradarWidgetExtension.LinkFileList -install_name @rpath/SchrankenradarWidgetExtension.debug.dylib -Xlinker -rpath -Xlinker @executable_path/Frameworks -Xlinker -rpath -Xlinker @executable_path/../../Frameworks -Xlinker -dead_strip -Xlinker -object_path_lto -Xlinker /Users/jonasfeischl/Library/Developer/Xcode/DerivedData/Build/Intermediates.noindex/Schrankenradar\ OSH.build/Debug-iphonesimulator/SchrankenradarWidgetExtension.build/Objects-normal/arm64/SchrankenradarWidgetExtension_lto.o -rdynamic -Xlinker -no_deduplicate -Xlinker -objc_abi_version -Xlinker 2 -Xlinker -dependency_info -Xlinker /Users/jonasfeischl/Library/Developer/Xcode/DerivedData/Build/Intermediates.noindex/Schrankenradar\ OSH.build/Debug-iphonesimulator/SchrankenradarWidgetExtension.build/Objects-normal/arm64/SchrankenradarWidgetExtension_dependency_info.dat -fapplication-extension -fobjc-link-runtime -L/Applications/Xcode.app/Contents/Developer/Toolchains/XcodeDefault.xctoolchain/usr/lib/swift/iphonesimulator -L/usr/lib/swift -Xlinker -add_ast_path -Xlinker /Users/jonasfeischl/Library/Developer/Xcode/DerivedData/Build/Intermediates.noindex/Schrankenradar\ OSH.build/Debug-iphonesimulator/SchrankenradarWidgetExtension.build/Objects-normal/arm64/SchrankenradarWidgetExtension.swiftmodule @/Users/jonasfeischl/Library/Developer/Xcode/DerivedData/Build/Intermediates.noindex/Schrankenradar\ OSH.build/Debug-iphonesimulator/SchrankenradarWidgetExtension.build/Objects-normal/arm64/SchrankenradarWidgetExtension-linker-args.resp -Xlinker -alias -Xlinker _NSExtensionMain -Xlinker ___debug_main_executable_dylib_entry_point -framework SwiftUI -framework WidgetKit -Xlinker -no_adhoc_codesign -o /Users/jonasfeischl/Library/Developer/Xcode/DerivedData/Build/Intermediates.noindex/Schrankenradar\ OSH.build/Debug-iphonesimulator/SchrankenradarWidgetExtension.build/Objects-normal/arm64/Binary/SchrankenradarWidgetExtension.debug.dylib

SwiftDriverJobDiscovery normal x86_64 Compiling TravelTimesCard.swift, VoiceAnnouncer.swift, WaechterView.swift, GeneratedAssetSymbols.swift (in target 'Schrankenradar OSH' from project 'Schrankenradar OSH')

SwiftDriver\ Compilation SchrankenradarWidgetExtension normal x86_64 com.apple.xcode.tools.swift.compiler (in target 'SchrankenradarWidgetExtension' from project 'Schrankenradar OSH')
    cd /Users/jonasfeischl/Library/Mobile\ Documents/com\~apple\~CloudDocs/XCode/Schrankenradar\ OSH
    builtin-Swift-Compilation -- /Applications/Xcode.app/Contents/Developer/Toolchains/XcodeDefault.xctoolchain/usr/bin/swiftc -module-name SchrankenradarWidgetExtension -Onone @/Users/jonasfeischl/Library/Developer/Xcode/DerivedData/Build/Intermediates.noindex/Schrankenradar\ OSH.build/Debug-iphonesimulator/SchrankenradarWidgetExtension.build/Objects-normal/x86_64/SchrankenradarWidgetExtension.SwiftFileList -DDEBUG -enable-bare-slash-regex -enable-upcoming-feature DisableOutwardActorInference -enable-upcoming-feature InferSendableFromCaptures -enable-upcoming-feature GlobalActorIsolatedTypesUsability -enable-upcoming-feature MemberImportVisibility -enable-upcoming-feature InferIsolatedConformances -enable-upcoming-feature NonisolatedNonsendingByDefault -enable-experimental-feature DebugDescriptionMacro -sdk /Applications/Xcode.app/Contents/Developer/Platforms/iPhoneSimulator.platform/Developer/SDKs/iPhoneSimulator26.5.sdk -target x86_64-apple-ios26.5-simulator -g -module-cache-path /Users/jonasfeischl/Library/Developer/Xcode/DerivedData/ModuleCache.noindex -Xfrontend -serialize-debugging-options -application-extension -enable-testing -index-store-path /Users/jonasfeischl/Library/Developer/Xcode/DerivedData/Schrankenradar_OSH-ebqzdoyknyoypddbebsxymqcuicf/Index.noindex/DataStore -Xcc -D_LIBCPP_HARDENING_MODE\=_LIBCPP_HARDENING_MODE_DEBUG -swift-version 5 -I /Users/jonasfeischl/Library/Developer/Xcode/DerivedData/Build/Products/Debug-iphonesimulator -F /Users/jonasfeischl/Library/Developer/Xcode/DerivedData/Build/Products/Debug-iphonesimulator -emit-localized-strings -emit-localized-strings-path /Users/jonasfeischl/Library/Developer/Xcode/DerivedData/Build/Intermediates.noindex/Schrankenradar\ OSH.build/Debug-iphonesimulator/SchrankenradarWidgetExtension.build/Objects-normal/x86_64 -c -j10 -enable-batch-mode -incremental -Xcc -ivfsstatcache -Xcc /Users/jonasfeischl/Library/Developer/Xcode/DerivedData/SDKStatCaches.noindex/iphonesimulator26.5-23F81a-6cfe768891a92b912361537c460fe42b.sdkstatcache -output-file-map /Users/jonasfeischl/Library/Developer/Xcode/DerivedData/Build/Intermediates.noindex/Schrankenradar\ OSH.build/Debug-iphonesimulator/SchrankenradarWidgetExtension.build/Objects-normal/x86_64/SchrankenradarWidgetExtension-OutputFileMap.json -use-frontend-parseable-output -save-temps -no-color-diagnostics -explicit-module-build -module-cache-path /Users/jonasfeischl/Library/Developer/Xcode/DerivedData/Build/Intermediates.noindex/SwiftExplicitPrecompiledModules -clang-scanner-module-cache-path /Users/jonasfeischl/Library/Developer/Xcode/DerivedData/ModuleCache.noindex -sdk-module-cache-path /Users/jonasfeischl/Library/Developer/Xcode/DerivedData/ModuleCache.noindex -serialize-diagnostics -emit-dependencies -emit-module -emit-module-path /Users/jonasfeischl/Library/Developer/Xcode/DerivedData/Build/Intermediates.noindex/Schrankenradar\ OSH.build/Debug-iphonesimulator/SchrankenradarWidgetExtension.build/Objects-normal/x86_64/SchrankenradarWidgetExtension.swiftmodule -validate-clang-modules-once -clang-build-session-file /Users/jonasfeischl/Library/Developer/Xcode/DerivedData/ModuleCache.noindex/Session.modulevalidation -Xcc -I/Users/jonasfeischl/Library/Developer/Xcode/DerivedData/Build/Intermediates.noindex/Schrankenradar\ OSH.build/Debug-iphonesimulator/SchrankenradarWidgetExtension.build/swift-overrides.hmap -emit-const-values -Xfrontend -const-gather-protocols-file -Xfrontend /Users/jonasfeischl/Library/Developer/Xcode/DerivedData/Build/Intermediates.noindex/Schrankenradar\ OSH.build/Debug-iphonesimulator/SchrankenradarWidgetExtension.build/Objects-normal/x86_64/SchrankenradarWidgetExtension_const_extract_protocols.json -Xcc -iquote -Xcc /Users/jonasfeischl/Library/Developer/Xcode/DerivedData/Build/Intermediates.noindex/Schrankenradar\ OSH.build/Debug-iphonesimulator/SchrankenradarWidgetExtension.build/SchrankenradarWidgetExtension-generated-files.hmap -Xcc -I/Users/jonasfeischl/Library/Developer/Xcode/DerivedData/Build/Intermediates.noindex/Schrankenradar\ OSH.build/Debug-iphonesimulator/SchrankenradarWidgetExtension.build/SchrankenradarWidgetExtension-own-target-headers.hmap -Xcc -I/Users/jonasfeischl/Library/Developer/Xcode/DerivedData/Build/Intermediates.noindex/Schrankenradar\ OSH.build/Debug-iphonesimulator/SchrankenradarWidgetExtension.build/SchrankenradarWidgetExtension-all-non-framework-target-headers.hmap -Xcc -ivfsoverlay -Xcc /Users/jonasfeischl/Library/Developer/Xcode/DerivedData/Build/Intermediates.noindex/Schrankenradar\ OSH.build/Debug-iphonesimulator/Schrankenradar\ OSH-2545c2b47f28d8a0bb173c7876f42a30-VFS-iphonesimulator/all-product-headers.yaml -Xcc -iquote -Xcc /Users/jonasfeischl/Library/Developer/Xcode/DerivedData/Build/Intermediates.noindex/Schrankenradar\ OSH.build/Debug-iphonesimulator/SchrankenradarWidgetExtension.build/SchrankenradarWidgetExtension-project-headers.hmap -Xcc -I/Users/jonasfeischl/Library/Developer/Xcode/DerivedData/Build/Products/Debug-iphonesimulator/include -Xcc -I/Users/jonasfeischl/Library/Developer/Xcode/DerivedData/Build/Intermediates.noindex/Schrankenradar\ OSH.build/Debug-iphonesimulator/SchrankenradarWidgetExtension.build/DerivedSources-normal/x86_64 -Xcc -I/Users/jonasfeischl/Library/Developer/Xcode/DerivedData/Build/Intermediates.noindex/Schrankenradar\ OSH.build/Debug-iphonesimulator/SchrankenradarWidgetExtension.build/DerivedSources/x86_64 -Xcc -I/Users/jonasfeischl/Library/Developer/Xcode/DerivedData/Build/Intermediates.noindex/Schrankenradar\ OSH.build/Debug-iphonesimulator/SchrankenradarWidgetExtension.build/DerivedSources -Xcc -DDEBUG\=1 -emit-objc-header -emit-objc-header-path /Users/jonasfeischl/Library/Developer/Xcode/DerivedData/Build/Intermediates.noindex/Schrankenradar\ OSH.build/Debug-iphonesimulator/SchrankenradarWidgetExtension.build/Objects-normal/x86_64/SchrankenradarWidgetExtension-Swift.h -working-directory /Users/jonasfeischl/Library/Mobile\ Documents/com\~apple\~CloudDocs/XCode/Schrankenradar\ OSH -experimental-emit-module-separately -disable-cmo

SwiftDriverJobDiscovery normal x86_64 Emitting module for Schrankenradar_OSH (in target 'Schrankenradar OSH' from project 'Schrankenradar OSH')

SwiftDriver\ Compilation\ Requirements Schrankenradar\ OSH normal x86_64 com.apple.xcode.tools.swift.compiler (in target 'Schrankenradar OSH' from project 'Schrankenradar OSH')
    cd /Users/jonasfeischl/Library/Mobile\ Documents/com\~apple\~CloudDocs/XCode/Schrankenradar\ OSH
    builtin-Swift-Compilation-Requirements -- /Applications/Xcode.app/Contents/Developer/Toolchains/XcodeDefault.xctoolchain/usr/bin/swiftc -module-name Schrankenradar_OSH -Onone @/Users/jonasfeischl/Library/Developer/Xcode/DerivedData/Build/Intermediates.noindex/Schrankenradar\ OSH.build/Debug-iphonesimulator/Schrankenradar\ OSH.build/Objects-normal/x86_64/Schrankenradar\ OSH.SwiftFileList -DDEBUG -Xcc -fmodule-map-file\=/Users/jonasfeischl/Library/Developer/Xcode/DerivedData/Build/Intermediates.noindex/GeneratedModuleMaps-iphonesimulator/OnnxRuntimeBindings.modulemap -default-isolation\=MainActor -enable-bare-slash-regex -enable-upcoming-feature DisableOutwardActorInference -enable-upcoming-feature InferSendableFromCaptures -enable-upcoming-feature GlobalActorIsolatedTypesUsability -enable-upcoming-feature MemberImportVisibility -enable-upcoming-feature InferIsolatedConformances -enable-upcoming-feature NonisolatedNonsendingByDefault -enable-experimental-feature DebugDescriptionMacro -sdk /Applications/Xcode.app/Contents/Developer/Platforms/iPhoneSimulator.platform/Developer/SDKs/iPhoneSimulator26.5.sdk -target x86_64-apple-ios26.5-simulator -g -module-cache-path /Users/jonasfeischl/Library/Developer/Xcode/DerivedData/ModuleCache.noindex -Xfrontend -serialize-debugging-options -enable-testing -index-store-path /Users/jonasfeischl/Library/Developer/Xcode/DerivedData/Schrankenradar_OSH-ebqzdoyknyoypddbebsxymqcuicf/Index.noindex/DataStore -Xcc -D_LIBCPP_HARDENING_MODE\=_LIBCPP_HARDENING_MODE_DEBUG -swift-version 5 -I /Users/jonasfeischl/Library/Developer/Xcode/DerivedData/Build/Products/Debug-iphonesimulator -F /Users/jonasfeischl/Library/Developer/Xcode/DerivedData/Build/Products/Debug-iphonesimulator/PackageFrameworks -F /Users/jonasfeischl/Library/Developer/Xcode/DerivedData/Build/Products/Debug-iphonesimulator -emit-localized-strings -emit-localized-strings-path /Users/jonasfeischl/Library/Developer/Xcode/DerivedData/Build/Intermediates.noindex/Schrankenradar\ OSH.build/Debug-iphonesimulator/Schrankenradar\ OSH.build/Objects-normal/x86_64 -c -j10 -enable-batch-mode -incremental -Xcc -ivfsstatcache -Xcc /Users/jonasfeischl/Library/Developer/Xcode/DerivedData/SDKStatCaches.noindex/iphonesimulator26.5-23F81a-6cfe768891a92b912361537c460fe42b.sdkstatcache -output-file-map /Users/jonasfeischl/Library/Developer/Xcode/DerivedData/Build/Intermediates.noindex/Schrankenradar\ OSH.build/Debug-iphonesimulator/Schrankenradar\ OSH.build/Objects-normal/x86_64/Schrankenradar\ OSH-OutputFileMap.json -use-frontend-parseable-output -save-temps -no-color-diagnostics -explicit-module-build -module-cache-path /Users/jonasfeischl/Library/Developer/Xcode/DerivedData/Build/Intermediates.noindex/SwiftExplicitPrecompiledModules -clang-scanner-module-cache-path /Users/jonasfeischl/Library/Developer/Xcode/DerivedData/ModuleCache.noindex -sdk-module-cache-path /Users/jonasfeischl/Library/Developer/Xcode/DerivedData/ModuleCache.noindex -serialize-diagnostics -emit-dependencies -emit-module -emit-module-path /Users/jonasfeischl/Library/Developer/Xcode/DerivedData/Build/Intermediates.noindex/Schrankenradar\ OSH.build/Debug-iphonesimulator/Schrankenradar\ OSH.build/Objects-normal/x86_64/Schrankenradar_OSH.swiftmodule -validate-clang-modules-once -clang-build-session-file /Users/jonasfeischl/Library/Developer/Xcode/DerivedData/ModuleCache.noindex/Session.modulevalidation -Xcc -I/Users/jonasfeischl/Library/Developer/Xcode/DerivedData/Build/Intermediates.noindex/Schrankenradar\ OSH.build/Debug-iphonesimulator/Schrankenradar\ OSH.build/swift-overrides.hmap -emit-const-values -Xfrontend -const-gather-protocols-file -Xfrontend /Users/jonasfeischl/Library/Developer/Xcode/DerivedData/Build/Intermediates.noindex/Schrankenradar\ OSH.build/Debug-iphonesimulator/Schrankenradar\ OSH.build/Objects-normal/x86_64/Schrankenradar\ OSH_const_extract_protocols.json -Xcc -iquote -Xcc /Users/jonasfeischl/Library/Developer/Xcode/DerivedData/Build/Intermediates.noindex/Schrankenradar\ OSH.build/Debug-iphonesimulator/Schrankenradar\ OSH.build/Schrankenradar\ OSH-generated-files.hmap -Xcc -I/Users/jonasfeischl/Library/Developer/Xcode/DerivedData/Build/Intermediates.noindex/Schrankenradar\ OSH.build/Debug-iphonesimulator/Schrankenradar\ OSH.build/Schrankenradar\ OSH-own-target-headers.hmap -Xcc -I/Users/jonasfeischl/Library/Developer/Xcode/DerivedData/Build/Intermediates.noindex/Schrankenradar\ OSH.build/Debug-iphonesimulator/Schrankenradar\ OSH.build/Schrankenradar\ OSH-all-non-framework-target-headers.hmap -Xcc -ivfsoverlay -Xcc /Users/jonasfeischl/Library/Developer/Xcode/DerivedData/Build/Intermediates.noindex/Schrankenradar\ OSH.build/Debug-iphonesimulator/Schrankenradar\ OSH-2545c2b47f28d8a0bb173c7876f42a30-VFS-iphonesimulator/all-product-headers.yaml -Xcc -iquote -Xcc /Users/jonasfeischl/Library/Developer/Xcode/DerivedData/Build/Intermediates.noindex/Schrankenradar\ OSH.build/Debug-iphonesimulator/Schrankenradar\ OSH.build/Schrankenradar\ OSH-project-headers.hmap -Xcc -I/Users/jonasfeischl/Library/Developer/Xcode/DerivedData/Schrankenradar_OSH-ebqzdoyknyoypddbebsxymqcuicf/SourcePackages/checkouts/onnxruntime-swift-package-manager/objectivec/include -Xcc -I/Users/jonasfeischl/Library/Developer/Xcode/DerivedData/Build/Products/Debug-iphonesimulator/include -Xcc -I/Users/jonasfeischl/Library/Developer/Xcode/DerivedData/Build/Intermediates.noindex/Schrankenradar\ OSH.build/Debug-iphonesimulator/Schrankenradar\ OSH.build/DerivedSources-normal/x86_64 -Xcc -I/Users/jonasfeischl/Library/Developer/Xcode/DerivedData/Build/Intermediates.noindex/Schrankenradar\ OSH.build/Debug-iphonesimulator/Schrankenradar\ OSH.build/DerivedSources/x86_64 -Xcc -I/Users/jonasfeischl/Library/Developer/Xcode/DerivedData/Build/Intermediates.noindex/Schrankenradar\ OSH.build/Debug-iphonesimulator/Schrankenradar\ OSH.build/DerivedSources -Xcc -DDEBUG\=1 -emit-objc-header -emit-objc-header-path /Users/jonasfeischl/Library/Developer/Xcode/DerivedData/Build/Intermediates.noindex/Schrankenradar\ OSH.build/Debug-iphonesimulator/Schrankenradar\ OSH.build/Objects-normal/x86_64/Schrankenradar_OSH-Swift.h -working-directory /Users/jonasfeischl/Library/Mobile\ Documents/com\~apple\~CloudDocs/XCode/Schrankenradar\ OSH -experimental-emit-module-separately -disable-cmo

Ld /Users/jonasfeischl/Library/Developer/Xcode/DerivedData/Build/Intermediates.noindex/Schrankenradar\ OSH.build/Debug-iphonesimulator/SchrankenradarWidgetExtension.build/Objects-normal/x86_64/Binary/SchrankenradarWidgetExtension.debug.dylib normal x86_64 (in target 'SchrankenradarWidgetExtension' from project 'Schrankenradar OSH')
    cd /Users/jonasfeischl/Library/Mobile\ Documents/com\~apple\~CloudDocs/XCode/Schrankenradar\ OSH
    /Applications/Xcode.app/Contents/Developer/Toolchains/XcodeDefault.xctoolchain/usr/bin/clang -Xlinker -reproducible -target x86_64-apple-ios26.5-simulator -dynamiclib -isysroot /Applications/Xcode.app/Contents/Developer/Platforms/iPhoneSimulator.platform/Developer/SDKs/iPhoneSimulator26.5.sdk -O0 -L/Users/jonasfeischl/Library/Developer/Xcode/DerivedData/Build/Intermediates.noindex/EagerLinkingTBDs/Debug-iphonesimulator -L/Users/jonasfeischl/Library/Developer/Xcode/DerivedData/Build/Products/Debug-iphonesimulator -F/Users/jonasfeischl/Library/Developer/Xcode/DerivedData/Build/Intermediates.noindex/EagerLinkingTBDs/Debug-iphonesimulator -F/Users/jonasfeischl/Library/Developer/Xcode/DerivedData/Build/Products/Debug-iphonesimulator -filelist /Users/jonasfeischl/Library/Developer/Xcode/DerivedData/Build/Intermediates.noindex/Schrankenradar\ OSH.build/Debug-iphonesimulator/SchrankenradarWidgetExtension.build/Objects-normal/x86_64/SchrankenradarWidgetExtension.LinkFileList -install_name @rpath/SchrankenradarWidgetExtension.debug.dylib -Xlinker -rpath -Xlinker @executable_path/Frameworks -Xlinker -rpath -Xlinker @executable_path/../../Frameworks -Xlinker -dead_strip -Xlinker -object_path_lto -Xlinker /Users/jonasfeischl/Library/Developer/Xcode/DerivedData/Build/Intermediates.noindex/Schrankenradar\ OSH.build/Debug-iphonesimulator/SchrankenradarWidgetExtension.build/Objects-normal/x86_64/SchrankenradarWidgetExtension_lto.o -rdynamic -Xlinker -no_deduplicate -Xlinker -objc_abi_version -Xlinker 2 -Xlinker -dependency_info -Xlinker /Users/jonasfeischl/Library/Developer/Xcode/DerivedData/Build/Intermediates.noindex/Schrankenradar\ OSH.build/Debug-iphonesimulator/SchrankenradarWidgetExtension.build/Objects-normal/x86_64/SchrankenradarWidgetExtension_dependency_info.dat -fapplication-extension -fobjc-link-runtime -L/Applications/Xcode.app/Contents/Developer/Toolchains/XcodeDefault.xctoolchain/usr/lib/swift/iphonesimulator -L/usr/lib/swift -Xlinker -add_ast_path -Xlinker /Users/jonasfeischl/Library/Developer/Xcode/DerivedData/Build/Intermediates.noindex/Schrankenradar\ OSH.build/Debug-iphonesimulator/SchrankenradarWidgetExtension.build/Objects-normal/x86_64/SchrankenradarWidgetExtension.swiftmodule @/Users/jonasfeischl/Library/Developer/Xcode/DerivedData/Build/Intermediates.noindex/Schrankenradar\ OSH.build/Debug-iphonesimulator/SchrankenradarWidgetExtension.build/Objects-normal/x86_64/SchrankenradarWidgetExtension-linker-args.resp -Xlinker -alias -Xlinker _NSExtensionMain -Xlinker ___debug_main_executable_dylib_entry_point -framework SwiftUI -framework WidgetKit -Xlinker -no_adhoc_codesign -o /Users/jonasfeischl/Library/Developer/Xcode/DerivedData/Build/Intermediates.noindex/Schrankenradar\ OSH.build/Debug-iphonesimulator/SchrankenradarWidgetExtension.build/Objects-normal/x86_64/Binary/SchrankenradarWidgetExtension.debug.dylib

SwiftCompile normal arm64 Compiling\ AnimatedGIFView.swift,\ APIComparisonView.swift,\ APIComparisonViewModel.swift,\ ContentView.swift,\ CrossingActivityAttributes.swift /Users/jonasfeischl/Library/Mobile\ Documents/com~apple~CloudDocs/XCode/Schrankenradar\ OSH/Schrankenradar\ OSH/AnimatedGIFView.swift /Users/jonasfeischl/Library/Mobile\ Documents/com~apple~CloudDocs/XCode/Schrankenradar\ OSH/Schrankenradar\ OSH/APIComparisonView.swift /Users/jonasfeischl/Library/Mobile\ Documents/com~apple~CloudDocs/XCode/Schrankenradar\ OSH/Schrankenradar\ OSH/APIComparisonViewModel.swift /Users/jonasfeischl/Library/Mobile\ Documents/com~apple~CloudDocs/XCode/Schrankenradar\ OSH/Schrankenradar\ OSH/ContentView.swift /Users/jonasfeischl/Library/Mobile\ Documents/com~apple~CloudDocs/XCode/Schrankenradar\ OSH/Schrankenradar\ OSH/CrossingActivityAttributes.swift (in target 'Schrankenradar OSH' from project 'Schrankenradar OSH')
SwiftCompile normal arm64 /Users/jonasfeischl/Library/Mobile\ Documents/com~apple~CloudDocs/XCode/Schrankenradar\ OSH/Schrankenradar\ OSH/AnimatedGIFView.swift (in target 'Schrankenradar OSH' from project 'Schrankenradar OSH')
    cd /Users/jonasfeischl/Library/Mobile\ Documents/com\~apple\~CloudDocs/XCode/Schrankenradar\ OSH
    
/Users/jonasfeischl/Library/Mobile Documents/com~apple~CloudDocs/XCode/Schrankenradar OSH/Schrankenradar OSH/AnimatedGIFView.swift:31:86: warning: main actor-isolated static method 'decode' cannot be called from outside of the actor; this is an error in the Swift 6 language mode
            guard let data = NSDataAsset(name: name)?.data, let animatedImage = Self.decode(data) else { return }
                                                                                ~~~~~^~~~~~~~~~~~
                                                                                await 

SwiftCompile normal arm64 /Users/jonasfeischl/Library/Mobile\ Documents/com~apple~CloudDocs/XCode/Schrankenradar\ OSH/Schrankenradar\ OSH/APIComparisonView.swift (in target 'Schrankenradar OSH' from project 'Schrankenradar OSH')
    cd /Users/jonasfeischl/Library/Mobile\ Documents/com\~apple\~CloudDocs/XCode/Schrankenradar\ OSH
    

SwiftCompile normal arm64 /Users/jonasfeischl/Library/Mobile\ Documents/com~apple~CloudDocs/XCode/Schrankenradar\ OSH/Schrankenradar\ OSH/APIComparisonViewModel.swift (in target 'Schrankenradar OSH' from project 'Schrankenradar OSH')
    cd /Users/jonasfeischl/Library/Mobile\ Documents/com\~apple\~CloudDocs/XCode/Schrankenradar\ OSH
    

SwiftCompile normal arm64 /Users/jonasfeischl/Library/Mobile\ Documents/com~apple~CloudDocs/XCode/Schrankenradar\ OSH/Schrankenradar\ OSH/ContentView.swift (in target 'Schrankenradar OSH' from project 'Schrankenradar OSH')
    cd /Users/jonasfeischl/Library/Mobile\ Documents/com\~apple\~CloudDocs/XCode/Schrankenradar\ OSH
    

SwiftCompile normal arm64 /Users/jonasfeischl/Library/Mobile\ Documents/com~apple~CloudDocs/XCode/Schrankenradar\ OSH/Schrankenradar\ OSH/CrossingActivityAttributes.swift (in target 'Schrankenradar OSH' from project 'Schrankenradar OSH')
    cd /Users/jonasfeischl/Library/Mobile\ Documents/com\~apple\~CloudDocs/XCode/Schrankenradar\ OSH
    

ConstructStubExecutorLinkFileList /Users/jonasfeischl/Library/Developer/Xcode/DerivedData/Build/Intermediates.noindex/Schrankenradar\ OSH.build/Debug-iphonesimulator/SchrankenradarWidgetExtension.build/SchrankenradarWidgetExtension-ExecutorLinkFileList-normal-arm64.txt (in target 'SchrankenradarWidgetExtension' from project 'Schrankenradar OSH')
    cd /Users/jonasfeischl/Library/Mobile\ Documents/com\~apple\~CloudDocs/XCode/Schrankenradar\ OSH
    construct-stub-executor-link-file-list /Users/jonasfeischl/Library/Developer/Xcode/DerivedData/Build/Intermediates.noindex/Schrankenradar\ OSH.build/Debug-iphonesimulator/SchrankenradarWidgetExtension.build/Objects-normal/arm64/Binary/SchrankenradarWidgetExtension.debug.dylib /Applications/Xcode.app/Contents/Developer/Platforms/iPhoneSimulator.platform/Developer/usr/lib/libPreviewsJITStubExecutor_no_swift_entry_point.a /Applications/Xcode.app/Contents/Developer/Platforms/iPhoneSimulator.platform/Developer/usr/lib/libPreviewsJITStubExecutor.a --output /Users/jonasfeischl/Library/Developer/Xcode/DerivedData/Build/Intermediates.noindex/Schrankenradar\ OSH.build/Debug-iphonesimulator/SchrankenradarWidgetExtension.build/SchrankenradarWidgetExtension-ExecutorLinkFileList-normal-arm64.txt
note: Using stub executor library with Swift entry point. (in target 'SchrankenradarWidgetExtension' from project 'Schrankenradar OSH')

SwiftDriverJobDiscovery normal x86_64 Compiling RankDetailView.swift, RankTracker.swift, RankUpCelebrationView.swift, RouteView.swift (in target 'Schrankenradar OSH' from project 'Schrankenradar OSH')

Copy /Users/jonasfeischl/Library/Developer/Xcode/DerivedData/Build/Products/Debug-iphonesimulator/Schrankenradar_OSH.swiftmodule/x86_64-apple-ios-simulator.swiftmodule /Users/jonasfeischl/Library/Developer/Xcode/DerivedData/Build/Intermediates.noindex/Schrankenradar\ OSH.build/Debug-iphonesimulator/Schrankenradar\ OSH.build/Objects-normal/x86_64/Schrankenradar_OSH.swiftmodule (in target 'Schrankenradar OSH' from project 'Schrankenradar OSH')
    cd /Users/jonasfeischl/Library/Mobile\ Documents/com\~apple\~CloudDocs/XCode/Schrankenradar\ OSH
    builtin-copy -exclude .DS_Store -exclude CVS -exclude .svn -exclude .git -exclude .hg -resolve-src-symlinks -rename /Users/jonasfeischl/Library/Developer/Xcode/DerivedData/Build/Intermediates.noindex/Schrankenradar\ OSH.build/Debug-iphonesimulator/Schrankenradar\ OSH.build/Objects-normal/x86_64/Schrankenradar_OSH.swiftmodule /Users/jonasfeischl/Library/Developer/Xcode/DerivedData/Build/Products/Debug-iphonesimulator/Schrankenradar_OSH.swiftmodule/x86_64-apple-ios-simulator.swiftmodule

Ld /Users/jonasfeischl/Library/Developer/Xcode/DerivedData/Build/Intermediates.noindex/Schrankenradar\ OSH.build/Debug-iphonesimulator/SchrankenradarWidgetExtension.build/Objects-normal/arm64/Binary/SchrankenradarWidgetExtension normal arm64 (in target 'SchrankenradarWidgetExtension' from project 'Schrankenradar OSH')
    cd /Users/jonasfeischl/Library/Mobile\ Documents/com\~apple\~CloudDocs/XCode/Schrankenradar\ OSH
    /Applications/Xcode.app/Contents/Developer/Toolchains/XcodeDefault.xctoolchain/usr/bin/clang -Xlinker -reproducible -target arm64-apple-ios26.5-simulator -isysroot /Applications/Xcode.app/Contents/Developer/Platforms/iPhoneSimulator.platform/Developer/SDKs/iPhoneSimulator26.5.sdk -O0 -L/Users/jonasfeischl/Library/Developer/Xcode/DerivedData/Build/Products/Debug-iphonesimulator -F/Users/jonasfeischl/Library/Developer/Xcode/DerivedData/Build/Products/Debug-iphonesimulator -Xlinker -rpath -Xlinker @executable_path -Xlinker -rpath -Xlinker @executable_path/Frameworks -Xlinker -rpath -Xlinker @executable_path/../../Frameworks -rdynamic -Xlinker -no_deduplicate -Xlinker -objc_abi_version -Xlinker 2 -e ___debug_blank_executor_main -Xlinker -sectcreate -Xlinker __TEXT -Xlinker __debug_dylib -Xlinker /Users/jonasfeischl/Library/Developer/Xcode/DerivedData/Build/Intermediates.noindex/Schrankenradar\ OSH.build/Debug-iphonesimulator/SchrankenradarWidgetExtension.build/SchrankenradarWidgetExtension-DebugDylibPath-normal-arm64.txt -Xlinker -sectcreate -Xlinker __TEXT -Xlinker __debug_entry -Xlinker /Users/jonasfeischl/Library/Developer/Xcode/DerivedData/Build/Intermediates.noindex/Schrankenradar\ OSH.build/Debug-iphonesimulator/SchrankenradarWidgetExtension.build/SchrankenradarWidgetExtension-DebugEntryPoint-normal-arm64.txt -Xlinker -sectcreate -Xlinker __TEXT -Xlinker __debug_instlnm -Xlinker /Users/jonasfeischl/Library/Developer/Xcode/DerivedData/Build/Intermediates.noindex/Schrankenradar\ OSH.build/Debug-iphonesimulator/SchrankenradarWidgetExtension.build/SchrankenradarWidgetExtension-DebugDylibInstallName-normal-arm64.txt -Xlinker -filelist -Xlinker /Users/jonasfeischl/Library/Developer/Xcode/DerivedData/Build/Intermediates.noindex/Schrankenradar\ OSH.build/Debug-iphonesimulator/SchrankenradarWidgetExtension.build/SchrankenradarWidgetExtension-ExecutorLinkFileList-normal-arm64.txt -Xlinker -sectcreate -Xlinker __TEXT -Xlinker __entitlements -Xlinker /Users/jonasfeischl/Library/Developer/Xcode/DerivedData/Build/Intermediates.noindex/Schrankenradar\ OSH.build/Debug-iphonesimulator/SchrankenradarWidgetExtension.build/SchrankenradarWidgetExtension.appex-Simulated.xcent -Xlinker -sectcreate -Xlinker __TEXT -Xlinker __ents_der -Xlinker /Users/jonasfeischl/Library/Developer/Xcode/DerivedData/Build/Intermediates.noindex/Schrankenradar\ OSH.build/Debug-iphonesimulator/SchrankenradarWidgetExtension.build/SchrankenradarWidgetExtension.appex-Simulated.xcent.der /Users/jonasfeischl/Library/Developer/Xcode/DerivedData/Build/Intermediates.noindex/Schrankenradar\ OSH.build/Debug-iphonesimulator/SchrankenradarWidgetExtension.build/Objects-normal/arm64/Binary/SchrankenradarWidgetExtension.debug.dylib -Xlinker -no_adhoc_codesign -o /Users/jonasfeischl/Library/Developer/Xcode/DerivedData/Build/Intermediates.noindex/Schrankenradar\ OSH.build/Debug-iphonesimulator/SchrankenradarWidgetExtension.build/Objects-normal/arm64/Binary/SchrankenradarWidgetExtension

Copy /Users/jonasfeischl/Library/Developer/Xcode/DerivedData/Build/Products/Debug-iphonesimulator/Schrankenradar_OSH.swiftmodule/x86_64-apple-ios-simulator.swiftdoc /Users/jonasfeischl/Library/Developer/Xcode/DerivedData/Build/Intermediates.noindex/Schrankenradar\ OSH.build/Debug-iphonesimulator/Schrankenradar\ OSH.build/Objects-normal/x86_64/Schrankenradar_OSH.swiftdoc (in target 'Schrankenradar OSH' from project 'Schrankenradar OSH')
    cd /Users/jonasfeischl/Library/Mobile\ Documents/com\~apple\~CloudDocs/XCode/Schrankenradar\ OSH
    builtin-copy -exclude .DS_Store -exclude CVS -exclude .svn -exclude .git -exclude .hg -resolve-src-symlinks -rename /Users/jonasfeischl/Library/Developer/Xcode/DerivedData/Build/Intermediates.noindex/Schrankenradar\ OSH.build/Debug-iphonesimulator/Schrankenradar\ OSH.build/Objects-normal/x86_64/Schrankenradar_OSH.swiftdoc /Users/jonasfeischl/Library/Developer/Xcode/DerivedData/Build/Products/Debug-iphonesimulator/Schrankenradar_OSH.swiftmodule/x86_64-apple-ios-simulator.swiftdoc

Copy /Users/jonasfeischl/Library/Developer/Xcode/DerivedData/Build/Products/Debug-iphonesimulator/Schrankenradar_OSH.swiftmodule/x86_64-apple-ios-simulator.abi.json /Users/jonasfeischl/Library/Developer/Xcode/DerivedData/Build/Intermediates.noindex/Schrankenradar\ OSH.build/Debug-iphonesimulator/Schrankenradar\ OSH.build/Objects-normal/x86_64/Schrankenradar_OSH.abi.json (in target 'Schrankenradar OSH' from project 'Schrankenradar OSH')
    cd /Users/jonasfeischl/Library/Mobile\ Documents/com\~apple\~CloudDocs/XCode/Schrankenradar\ OSH
    builtin-copy -exclude .DS_Store -exclude CVS -exclude .svn -exclude .git -exclude .hg -resolve-src-symlinks -rename /Users/jonasfeischl/Library/Developer/Xcode/DerivedData/Build/Intermediates.noindex/Schrankenradar\ OSH.build/Debug-iphonesimulator/Schrankenradar\ OSH.build/Objects-normal/x86_64/Schrankenradar_OSH.abi.json /Users/jonasfeischl/Library/Developer/Xcode/DerivedData/Build/Products/Debug-iphonesimulator/Schrankenradar_OSH.swiftmodule/x86_64-apple-ios-simulator.abi.json

Copy /Users/jonasfeischl/Library/Developer/Xcode/DerivedData/Build/Products/Debug-iphonesimulator/Schrankenradar_OSH.swiftmodule/Project/x86_64-apple-ios-simulator.swiftsourceinfo /Users/jonasfeischl/Library/Developer/Xcode/DerivedData/Build/Intermediates.noindex/Schrankenradar\ OSH.build/Debug-iphonesimulator/Schrankenradar\ OSH.build/Objects-normal/x86_64/Schrankenradar_OSH.swiftsourceinfo (in target 'Schrankenradar OSH' from project 'Schrankenradar OSH')
    cd /Users/jonasfeischl/Library/Mobile\ Documents/com\~apple\~CloudDocs/XCode/Schrankenradar\ OSH
    builtin-copy -exclude .DS_Store -exclude CVS -exclude .svn -exclude .git -exclude .hg -resolve-src-symlinks -rename /Users/jonasfeischl/Library/Developer/Xcode/DerivedData/Build/Intermediates.noindex/Schrankenradar\ OSH.build/Debug-iphonesimulator/Schrankenradar\ OSH.build/Objects-normal/x86_64/Schrankenradar_OSH.swiftsourceinfo /Users/jonasfeischl/Library/Developer/Xcode/DerivedData/Build/Products/Debug-iphonesimulator/Schrankenradar_OSH.swiftmodule/Project/x86_64-apple-ios-simulator.swiftsourceinfo

SwiftCompile normal arm64 Compiling\ NeuralVoiceEngine.swift,\ OnboardingView.swift,\ Rank.swift,\ RankBadgeCardView.swift /Users/jonasfeischl/Library/Mobile\ Documents/com~apple~CloudDocs/XCode/Schrankenradar\ OSH/Schrankenradar\ OSH/NeuralVoiceEngine.swift /Users/jonasfeischl/Library/Mobile\ Documents/com~apple~CloudDocs/XCode/Schrankenradar\ OSH/Schrankenradar\ OSH/OnboardingView.swift /Users/jonasfeischl/Library/Mobile\ Documents/com~apple~CloudDocs/XCode/Schrankenradar\ OSH/Schrankenradar\ OSH/Rank.swift /Users/jonasfeischl/Library/Mobile\ Documents/com~apple~CloudDocs/XCode/Schrankenradar\ OSH/Schrankenradar\ OSH/RankBadgeCardView.swift (in target 'Schrankenradar OSH' from project 'Schrankenradar OSH')

SwiftCompile normal arm64 /Users/jonasfeischl/Library/Mobile\ Documents/com~apple~CloudDocs/XCode/Schrankenradar\ OSH/Schrankenradar\ OSH/NeuralVoiceEngine.swift (in target 'Schrankenradar OSH' from project 'Schrankenradar OSH')
    cd /Users/jonasfeischl/Library/Mobile\ Documents/com\~apple\~CloudDocs/XCode/Schrankenradar\ OSH
    

SwiftCompile normal arm64 /Users/jonasfeischl/Library/Mobile\ Documents/com~apple~CloudDocs/XCode/Schrankenradar\ OSH/Schrankenradar\ OSH/OnboardingView.swift (in target 'Schrankenradar OSH' from project 'Schrankenradar OSH')
    cd /Users/jonasfeischl/Library/Mobile\ Documents/com\~apple\~CloudDocs/XCode/Schrankenradar\ OSH
    

SwiftCompile normal arm64 /Users/jonasfeischl/Library/Mobile\ Documents/com~apple~CloudDocs/XCode/Schrankenradar\ OSH/Schrankenradar\ OSH/Rank.swift (in target 'Schrankenradar OSH' from project 'Schrankenradar OSH')
    cd /Users/jonasfeischl/Library/Mobile\ Documents/com\~apple\~CloudDocs/XCode/Schrankenradar\ OSH
    

SwiftCompile normal arm64 /Users/jonasfeischl/Library/Mobile\ Documents/com~apple~CloudDocs/XCode/Schrankenradar\ OSH/Schrankenradar\ OSH/RankBadgeCardView.swift (in target 'Schrankenradar OSH' from project 'Schrankenradar OSH')
    cd /Users/jonasfeischl/Library/Mobile\ Documents/com\~apple\~CloudDocs/XCode/Schrankenradar\ OSH
    

SwiftCompile normal arm64 Compiling\ RouteViewModel.swift,\ SchrankenModeView.swift,\ Schrankenradar_OSHApp.swift,\ SettingsView.swift /Users/jonasfeischl/Library/Mobile\ Documents/com~apple~CloudDocs/XCode/Schrankenradar\ OSH/Schrankenradar\ OSH/RouteViewModel.swift /Users/jonasfeischl/Library/Mobile\ Documents/com~apple~CloudDocs/XCode/Schrankenradar\ OSH/Schrankenradar\ OSH/SchrankenModeView.swift /Users/jonasfeischl/Library/Mobile\ Documents/com~apple~CloudDocs/XCode/Schrankenradar\ OSH/Schrankenradar\ OSH/Schrankenradar_OSHApp.swift /Users/jonasfeischl/Library/Mobile\ Documents/com~apple~CloudDocs/XCode/Schrankenradar\ OSH/Schrankenradar\ OSH/SettingsView.swift (in target 'Schrankenradar OSH' from project 'Schrankenradar OSH')
SwiftCompile normal arm64 /Users/jonasfeischl/Library/Mobile\ Documents/com~apple~CloudDocs/XCode/Schrankenradar\ OSH/Schrankenradar\ OSH/RouteViewModel.swift (in target 'Schrankenradar OSH' from project 'Schrankenradar OSH')
    cd /Users/jonasfeischl/Library/Mobile\ Documents/com\~apple\~CloudDocs/XCode/Schrankenradar\ OSH
    

SwiftCompile normal arm64 /Users/jonasfeischl/Library/Mobile\ Documents/com~apple~CloudDocs/XCode/Schrankenradar\ OSH/Schrankenradar\ OSH/SchrankenModeView.swift (in target 'Schrankenradar OSH' from project 'Schrankenradar OSH')
    cd /Users/jonasfeischl/Library/Mobile\ Documents/com\~apple\~CloudDocs/XCode/Schrankenradar\ OSH
    

SwiftCompile normal arm64 /Users/jonasfeischl/Library/Mobile\ Documents/com~apple~CloudDocs/XCode/Schrankenradar\ OSH/Schrankenradar\ OSH/Schrankenradar_OSHApp.swift (in target 'Schrankenradar OSH' from project 'Schrankenradar OSH')
    cd /Users/jonasfeischl/Library/Mobile\ Documents/com\~apple\~CloudDocs/XCode/Schrankenradar\ OSH
    

SwiftCompile normal arm64 /Users/jonasfeischl/Library/Mobile\ Documents/com~apple~CloudDocs/XCode/Schrankenradar\ OSH/Schrankenradar\ OSH/SettingsView.swift (in target 'Schrankenradar OSH' from project 'Schrankenradar OSH')
    cd /Users/jonasfeischl/Library/Mobile\ Documents/com\~apple\~CloudDocs/XCode/Schrankenradar\ OSH
    

CreateUniversalBinary /Users/jonasfeischl/Library/Developer/Xcode/DerivedData/Build/Products/Debug-iphonesimulator/SchrankenradarWidgetExtension.appex/SchrankenradarWidgetExtension.debug.dylib normal arm64\ x86_64 (in target 'SchrankenradarWidgetExtension' from project 'Schrankenradar OSH')
    cd /Users/jonasfeischl/Library/Mobile\ Documents/com\~apple\~CloudDocs/XCode/Schrankenradar\ OSH
    /Applications/Xcode.app/Contents/Developer/Toolchains/XcodeDefault.xctoolchain/usr/bin/lipo -create /Users/jonasfeischl/Library/Developer/Xcode/DerivedData/Build/Intermediates.noindex/Schrankenradar\ OSH.build/Debug-iphonesimulator/SchrankenradarWidgetExtension.build/Objects-normal/arm64/Binary/SchrankenradarWidgetExtension.debug.dylib /Users/jonasfeischl/Library/Developer/Xcode/DerivedData/Build/Intermediates.noindex/Schrankenradar\ OSH.build/Debug-iphonesimulator/SchrankenradarWidgetExtension.build/Objects-normal/x86_64/Binary/SchrankenradarWidgetExtension.debug.dylib -output /Users/jonasfeischl/Library/Developer/Xcode/DerivedData/Build/Products/Debug-iphonesimulator/SchrankenradarWidgetExtension.appex/SchrankenradarWidgetExtension.debug.dylib

SwiftDriverJobDiscovery normal x86_64 Compiling SidebarView.swift, SiriIntents.swift, TrafficLightView.swift, TrainAPIService.swift (in target 'Schrankenradar OSH' from project 'Schrankenradar OSH')

ConstructStubExecutorLinkFileList /Users/jonasfeischl/Library/Developer/Xcode/DerivedData/Build/Intermediates.noindex/Schrankenradar\ OSH.build/Debug-iphonesimulator/SchrankenradarWidgetExtension.build/SchrankenradarWidgetExtension-ExecutorLinkFileList-normal-x86_64.txt (in target 'SchrankenradarWidgetExtension' from project 'Schrankenradar OSH')
    cd /Users/jonasfeischl/Library/Mobile\ Documents/com\~apple\~CloudDocs/XCode/Schrankenradar\ OSH
    construct-stub-executor-link-file-list /Users/jonasfeischl/Library/Developer/Xcode/DerivedData/Build/Intermediates.noindex/Schrankenradar\ OSH.build/Debug-iphonesimulator/SchrankenradarWidgetExtension.build/Objects-normal/x86_64/Binary/SchrankenradarWidgetExtension.debug.dylib /Applications/Xcode.app/Contents/Developer/Platforms/iPhoneSimulator.platform/Developer/usr/lib/libPreviewsJITStubExecutor_no_swift_entry_point.a /Applications/Xcode.app/Contents/Developer/Platforms/iPhoneSimulator.platform/Developer/usr/lib/libPreviewsJITStubExecutor.a --output /Users/jonasfeischl/Library/Developer/Xcode/DerivedData/Build/Intermediates.noindex/Schrankenradar\ OSH.build/Debug-iphonesimulator/SchrankenradarWidgetExtension.build/SchrankenradarWidgetExtension-ExecutorLinkFileList-normal-x86_64.txt
note: Using stub executor library with Swift entry point. (in target 'SchrankenradarWidgetExtension' from project 'Schrankenradar OSH')

SwiftCompile normal arm64 Compiling\ RankDetailView.swift,\ RankTracker.swift,\ RankUpCelebrationView.swift,\ RouteView.swift /Users/jonasfeischl/Library/Mobile\ Documents/com~apple~CloudDocs/XCode/Schrankenradar\ OSH/Schrankenradar\ OSH/RankDetailView.swift /Users/jonasfeischl/Library/Mobile\ Documents/com~apple~CloudDocs/XCode/Schrankenradar\ OSH/Schrankenradar\ OSH/RankTracker.swift /Users/jonasfeischl/Library/Mobile\ Documents/com~apple~CloudDocs/XCode/Schrankenradar\ OSH/Schrankenradar\ OSH/RankUpCelebrationView.swift /Users/jonasfeischl/Library/Mobile\ Documents/com~apple~CloudDocs/XCode/Schrankenradar\ OSH/Schrankenradar\ OSH/RouteView.swift (in target 'Schrankenradar OSH' from project 'Schrankenradar OSH')

SwiftCompile normal arm64 /Users/jonasfeischl/Library/Mobile\ Documents/com~apple~CloudDocs/XCode/Schrankenradar\ OSH/Schrankenradar\ OSH/RankDetailView.swift (in target 'Schrankenradar OSH' from project 'Schrankenradar OSH')
    cd /Users/jonasfeischl/Library/Mobile\ Documents/com\~apple\~CloudDocs/XCode/Schrankenradar\ OSH
    

SwiftCompile normal arm64 /Users/jonasfeischl/Library/Mobile\ Documents/com~apple~CloudDocs/XCode/Schrankenradar\ OSH/Schrankenradar\ OSH/RankTracker.swift (in target 'Schrankenradar OSH' from project 'Schrankenradar OSH')
    cd /Users/jonasfeischl/Library/Mobile\ Documents/com\~apple\~CloudDocs/XCode/Schrankenradar\ OSH
    

SwiftCompile normal arm64 /Users/jonasfeischl/Library/Mobile\ Documents/com~apple~CloudDocs/XCode/Schrankenradar\ OSH/Schrankenradar\ OSH/RankUpCelebrationView.swift (in target 'Schrankenradar OSH' from project 'Schrankenradar OSH')
    cd /Users/jonasfeischl/Library/Mobile\ Documents/com\~apple\~CloudDocs/XCode/Schrankenradar\ OSH
    

SwiftCompile normal arm64 /Users/jonasfeischl/Library/Mobile\ Documents/com~apple~CloudDocs/XCode/Schrankenradar\ OSH/Schrankenradar\ OSH/RouteView.swift (in target 'Schrankenradar OSH' from project 'Schrankenradar OSH')
    cd /Users/jonasfeischl/Library/Mobile\ Documents/com\~apple\~CloudDocs/XCode/Schrankenradar\ OSH
    

Ld /Users/jonasfeischl/Library/Developer/Xcode/DerivedData/Build/Intermediates.noindex/Schrankenradar\ OSH.build/Debug-iphonesimulator/SchrankenradarWidgetExtension.build/Objects-normal/x86_64/Binary/SchrankenradarWidgetExtension normal x86_64 (in target 'SchrankenradarWidgetExtension' from project 'Schrankenradar OSH')
    cd /Users/jonasfeischl/Library/Mobile\ Documents/com\~apple\~CloudDocs/XCode/Schrankenradar\ OSH
    /Applications/Xcode.app/Contents/Developer/Toolchains/XcodeDefault.xctoolchain/usr/bin/clang -Xlinker -reproducible -target x86_64-apple-ios26.5-simulator -isysroot /Applications/Xcode.app/Contents/Developer/Platforms/iPhoneSimulator.platform/Developer/SDKs/iPhoneSimulator26.5.sdk -O0 -L/Users/jonasfeischl/Library/Developer/Xcode/DerivedData/Build/Products/Debug-iphonesimulator -F/Users/jonasfeischl/Library/Developer/Xcode/DerivedData/Build/Products/Debug-iphonesimulator -Xlinker -rpath -Xlinker @executable_path -Xlinker -rpath -Xlinker @executable_path/Frameworks -Xlinker -rpath -Xlinker @executable_path/../../Frameworks -rdynamic -Xlinker -no_deduplicate -Xlinker -objc_abi_version -Xlinker 2 -e ___debug_blank_executor_main -Xlinker -sectcreate -Xlinker __TEXT -Xlinker __debug_dylib -Xlinker /Users/jonasfeischl/Library/Developer/Xcode/DerivedData/Build/Intermediates.noindex/Schrankenradar\ OSH.build/Debug-iphonesimulator/SchrankenradarWidgetExtension.build/SchrankenradarWidgetExtension-DebugDylibPath-normal-x86_64.txt -Xlinker -sectcreate -Xlinker __TEXT -Xlinker __debug_entry -Xlinker /Users/jonasfeischl/Library/Developer/Xcode/DerivedData/Build/Intermediates.noindex/Schrankenradar\ OSH.build/Debug-iphonesimulator/SchrankenradarWidgetExtension.build/SchrankenradarWidgetExtension-DebugEntryPoint-normal-x86_64.txt -Xlinker -sectcreate -Xlinker __TEXT -Xlinker __debug_instlnm -Xlinker /Users/jonasfeischl/Library/Developer/Xcode/DerivedData/Build/Intermediates.noindex/Schrankenradar\ OSH.build/Debug-iphonesimulator/SchrankenradarWidgetExtension.build/SchrankenradarWidgetExtension-DebugDylibInstallName-normal-x86_64.txt -Xlinker -filelist -Xlinker /Users/jonasfeischl/Library/Developer/Xcode/DerivedData/Build/Intermediates.noindex/Schrankenradar\ OSH.build/Debug-iphonesimulator/SchrankenradarWidgetExtension.build/SchrankenradarWidgetExtension-ExecutorLinkFileList-normal-x86_64.txt -Xlinker -sectcreate -Xlinker __TEXT -Xlinker __entitlements -Xlinker /Users/jonasfeischl/Library/Developer/Xcode/DerivedData/Build/Intermediates.noindex/Schrankenradar\ OSH.build/Debug-iphonesimulator/SchrankenradarWidgetExtension.build/SchrankenradarWidgetExtension.appex-Simulated.xcent -Xlinker -sectcreate -Xlinker __TEXT -Xlinker __ents_der -Xlinker /Users/jonasfeischl/Library/Developer/Xcode/DerivedData/Build/Intermediates.noindex/Schrankenradar\ OSH.build/Debug-iphonesimulator/SchrankenradarWidgetExtension.build/SchrankenradarWidgetExtension.appex-Simulated.xcent.der /Users/jonasfeischl/Library/Developer/Xcode/DerivedData/Build/Intermediates.noindex/Schrankenradar\ OSH.build/Debug-iphonesimulator/SchrankenradarWidgetExtension.build/Objects-normal/x86_64/Binary/SchrankenradarWidgetExtension.debug.dylib -Xlinker -no_adhoc_codesign -o /Users/jonasfeischl/Library/Developer/Xcode/DerivedData/Build/Intermediates.noindex/Schrankenradar\ OSH.build/Debug-iphonesimulator/SchrankenradarWidgetExtension.build/Objects-normal/x86_64/Binary/SchrankenradarWidgetExtension

SwiftDriverJobDiscovery normal arm64 Emitting module for Schrankenradar_OSH (in target 'Schrankenradar OSH' from project 'Schrankenradar OSH')

SwiftDriver\ Compilation\ Requirements Schrankenradar\ OSH normal arm64 com.apple.xcode.tools.swift.compiler (in target 'Schrankenradar OSH' from project 'Schrankenradar OSH')
    cd /Users/jonasfeischl/Library/Mobile\ Documents/com\~apple\~CloudDocs/XCode/Schrankenradar\ OSH
    builtin-Swift-Compilation-Requirements -- /Applications/Xcode.app/Contents/Developer/Toolchains/XcodeDefault.xctoolchain/usr/bin/swiftc -module-name Schrankenradar_OSH -Onone @/Users/jonasfeischl/Library/Developer/Xcode/DerivedData/Build/Intermediates.noindex/Schrankenradar\ OSH.build/Debug-iphonesimulator/Schrankenradar\ OSH.build/Objects-normal/arm64/Schrankenradar\ OSH.SwiftFileList -DDEBUG -Xcc -fmodule-map-file\=/Users/jonasfeischl/Library/Developer/Xcode/DerivedData/Build/Intermediates.noindex/GeneratedModuleMaps-iphonesimulator/OnnxRuntimeBindings.modulemap -default-isolation\=MainActor -enable-bare-slash-regex -enable-upcoming-feature DisableOutwardActorInference -enable-upcoming-feature InferSendableFromCaptures -enable-upcoming-feature GlobalActorIsolatedTypesUsability -enable-upcoming-feature MemberImportVisibility -enable-upcoming-feature InferIsolatedConformances -enable-upcoming-feature NonisolatedNonsendingByDefault -enable-experimental-feature DebugDescriptionMacro -sdk /Applications/Xcode.app/Contents/Developer/Platforms/iPhoneSimulator.platform/Developer/SDKs/iPhoneSimulator26.5.sdk -target arm64-apple-ios26.5-simulator -g -module-cache-path /Users/jonasfeischl/Library/Developer/Xcode/DerivedData/ModuleCache.noindex -Xfrontend -serialize-debugging-options -enable-testing -index-store-path /Users/jonasfeischl/Library/Developer/Xcode/DerivedData/Schrankenradar_OSH-ebqzdoyknyoypddbebsxymqcuicf/Index.noindex/DataStore -Xcc -D_LIBCPP_HARDENING_MODE\=_LIBCPP_HARDENING_MODE_DEBUG -swift-version 5 -I /Users/jonasfeischl/Library/Developer/Xcode/DerivedData/Build/Products/Debug-iphonesimulator -F /Users/jonasfeischl/Library/Developer/Xcode/DerivedData/Build/Products/Debug-iphonesimulator/PackageFrameworks -F /Users/jonasfeischl/Library/Developer/Xcode/DerivedData/Build/Products/Debug-iphonesimulator -emit-localized-strings -emit-localized-strings-path /Users/jonasfeischl/Library/Developer/Xcode/DerivedData/Build/Intermediates.noindex/Schrankenradar\ OSH.build/Debug-iphonesimulator/Schrankenradar\ OSH.build/Objects-normal/arm64 -c -j10 -enable-batch-mode -incremental -Xcc -ivfsstatcache -Xcc /Users/jonasfeischl/Library/Developer/Xcode/DerivedData/SDKStatCaches.noindex/iphonesimulator26.5-23F81a-6cfe768891a92b912361537c460fe42b.sdkstatcache -output-file-map /Users/jonasfeischl/Library/Developer/Xcode/DerivedData/Build/Intermediates.noindex/Schrankenradar\ OSH.build/Debug-iphonesimulator/Schrankenradar\ OSH.build/Objects-normal/arm64/Schrankenradar\ OSH-OutputFileMap.json -use-frontend-parseable-output -save-temps -no-color-diagnostics -explicit-module-build -module-cache-path /Users/jonasfeischl/Library/Developer/Xcode/DerivedData/Build/Intermediates.noindex/SwiftExplicitPrecompiledModules -clang-scanner-module-cache-path /Users/jonasfeischl/Library/Developer/Xcode/DerivedData/ModuleCache.noindex -sdk-module-cache-path /Users/jonasfeischl/Library/Developer/Xcode/DerivedData/ModuleCache.noindex -serialize-diagnostics -emit-dependencies -emit-module -emit-module-path /Users/jonasfeischl/Library/Developer/Xcode/DerivedData/Build/Intermediates.noindex/Schrankenradar\ OSH.build/Debug-iphonesimulator/Schrankenradar\ OSH.build/Objects-normal/arm64/Schrankenradar_OSH.swiftmodule -validate-clang-modules-once -clang-build-session-file /Users/jonasfeischl/Library/Developer/Xcode/DerivedData/ModuleCache.noindex/Session.modulevalidation -Xcc -I/Users/jonasfeischl/Library/Developer/Xcode/DerivedData/Build/Intermediates.noindex/Schrankenradar\ OSH.build/Debug-iphonesimulator/Schrankenradar\ OSH.build/swift-overrides.hmap -emit-const-values -Xfrontend -const-gather-protocols-file -Xfrontend /Users/jonasfeischl/Library/Developer/Xcode/DerivedData/Build/Intermediates.noindex/Schrankenradar\ OSH.build/Debug-iphonesimulator/Schrankenradar\ OSH.build/Objects-normal/arm64/Schrankenradar\ OSH_const_extract_protocols.json -Xcc -iquote -Xcc /Users/jonasfeischl/Library/Developer/Xcode/DerivedData/Build/Intermediates.noindex/Schrankenradar\ OSH.build/Debug-iphonesimulator/Schrankenradar\ OSH.build/Schrankenradar\ OSH-generated-files.hmap -Xcc -I/Users/jonasfeischl/Library/Developer/Xcode/DerivedData/Build/Intermediates.noindex/Schrankenradar\ OSH.build/Debug-iphonesimulator/Schrankenradar\ OSH.build/Schrankenradar\ OSH-own-target-headers.hmap -Xcc -I/Users/jonasfeischl/Library/Developer/Xcode/DerivedData/Build/Intermediates.noindex/Schrankenradar\ OSH.build/Debug-iphonesimulator/Schrankenradar\ OSH.build/Schrankenradar\ OSH-all-non-framework-target-headers.hmap -Xcc -ivfsoverlay -Xcc /Users/jonasfeischl/Library/Developer/Xcode/DerivedData/Build/Intermediates.noindex/Schrankenradar\ OSH.build/Debug-iphonesimulator/Schrankenradar\ OSH-2545c2b47f28d8a0bb173c7876f42a30-VFS-iphonesimulator/all-product-headers.yaml -Xcc -iquote -Xcc /Users/jonasfeischl/Library/Developer/Xcode/DerivedData/Build/Intermediates.noindex/Schrankenradar\ OSH.build/Debug-iphonesimulator/Schrankenradar\ OSH.build/Schrankenradar\ OSH-project-headers.hmap -Xcc -I/Users/jonasfeischl/Library/Developer/Xcode/DerivedData/Schrankenradar_OSH-ebqzdoyknyoypddbebsxymqcuicf/SourcePackages/checkouts/onnxruntime-swift-package-manager/objectivec/include -Xcc -I/Users/jonasfeischl/Library/Developer/Xcode/DerivedData/Build/Products/Debug-iphonesimulator/include -Xcc -I/Users/jonasfeischl/Library/Developer/Xcode/DerivedData/Build/Intermediates.noindex/Schrankenradar\ OSH.build/Debug-iphonesimulator/Schrankenradar\ OSH.build/DerivedSources-normal/arm64 -Xcc -I/Users/jonasfeischl/Library/Developer/Xcode/DerivedData/Build/Intermediates.noindex/Schrankenradar\ OSH.build/Debug-iphonesimulator/Schrankenradar\ OSH.build/DerivedSources/arm64 -Xcc -I/Users/jonasfeischl/Library/Developer/Xcode/DerivedData/Build/Intermediates.noindex/Schrankenradar\ OSH.build/Debug-iphonesimulator/Schrankenradar\ OSH.build/DerivedSources -Xcc -DDEBUG\=1 -emit-objc-header -emit-objc-header-path /Users/jonasfeischl/Library/Developer/Xcode/DerivedData/Build/Intermediates.noindex/Schrankenradar\ OSH.build/Debug-iphonesimulator/Schrankenradar\ OSH.build/Objects-normal/arm64/Schrankenradar_OSH-Swift.h -working-directory /Users/jonasfeischl/Library/Mobile\ Documents/com\~apple\~CloudDocs/XCode/Schrankenradar\ OSH -experimental-emit-module-separately -disable-cmo

CreateUniversalBinary /Users/jonasfeischl/Library/Developer/Xcode/DerivedData/Build/Products/Debug-iphonesimulator/SchrankenradarWidgetExtension.appex/SchrankenradarWidgetExtension normal arm64\ x86_64 (in target 'SchrankenradarWidgetExtension' from project 'Schrankenradar OSH')
    cd /Users/jonasfeischl/Library/Mobile\ Documents/com\~apple\~CloudDocs/XCode/Schrankenradar\ OSH
    /Applications/Xcode.app/Contents/Developer/Toolchains/XcodeDefault.xctoolchain/usr/bin/lipo -create /Users/jonasfeischl/Library/Developer/Xcode/DerivedData/Build/Intermediates.noindex/Schrankenradar\ OSH.build/Debug-iphonesimulator/SchrankenradarWidgetExtension.build/Objects-normal/arm64/Binary/SchrankenradarWidgetExtension /Users/jonasfeischl/Library/Developer/Xcode/DerivedData/Build/Intermediates.noindex/Schrankenradar\ OSH.build/Debug-iphonesimulator/SchrankenradarWidgetExtension.build/Objects-normal/x86_64/Binary/SchrankenradarWidgetExtension -output /Users/jonasfeischl/Library/Developer/Xcode/DerivedData/Build/Products/Debug-iphonesimulator/SchrankenradarWidgetExtension.appex/SchrankenradarWidgetExtension

SwiftMergeGeneratedHeaders /Users/jonasfeischl/Library/Developer/Xcode/DerivedData/Build/Intermediates.noindex/Schrankenradar\ OSH.build/Debug-iphonesimulator/Schrankenradar\ OSH.build/DerivedSources/Schrankenradar_OSH-Swift.h /Users/jonasfeischl/Library/Developer/Xcode/DerivedData/Build/Intermediates.noindex/Schrankenradar\ OSH.build/Debug-iphonesimulator/Schrankenradar\ OSH.build/Objects-normal/arm64/Schrankenradar_OSH-Swift.h /Users/jonasfeischl/Library/Developer/Xcode/DerivedData/Build/Intermediates.noindex/Schrankenradar\ OSH.build/Debug-iphonesimulator/Schrankenradar\ OSH.build/Objects-normal/x86_64/Schrankenradar_OSH-Swift.h (in target 'Schrankenradar OSH' from project 'Schrankenradar OSH')
    cd /Users/jonasfeischl/Library/Mobile\ Documents/com\~apple\~CloudDocs/XCode/Schrankenradar\ OSH
    builtin-swiftHeaderTool -arch arm64 /Users/jonasfeischl/Library/Developer/Xcode/DerivedData/Build/Intermediates.noindex/Schrankenradar\ OSH.build/Debug-iphonesimulator/Schrankenradar\ OSH.build/Objects-normal/arm64/Schrankenradar_OSH-Swift.h -arch x86_64 /Users/jonasfeischl/Library/Developer/Xcode/DerivedData/Build/Intermediates.noindex/Schrankenradar\ OSH.build/Debug-iphonesimulator/Schrankenradar\ OSH.build/Objects-normal/x86_64/Schrankenradar_OSH-Swift.h -o /Users/jonasfeischl/Library/Developer/Xcode/DerivedData/Build/Intermediates.noindex/Schrankenradar\ OSH.build/Debug-iphonesimulator/Schrankenradar\ OSH.build/DerivedSources/Schrankenradar_OSH-Swift.h

Copy /Users/jonasfeischl/Library/Developer/Xcode/DerivedData/Build/Products/Debug-iphonesimulator/Schrankenradar_OSH.swiftmodule/arm64-apple-ios-simulator.swiftmodule /Users/jonasfeischl/Library/Developer/Xcode/DerivedData/Build/Intermediates.noindex/Schrankenradar\ OSH.build/Debug-iphonesimulator/Schrankenradar\ OSH.build/Objects-normal/arm64/Schrankenradar_OSH.swiftmodule (in target 'Schrankenradar OSH' from project 'Schrankenradar OSH')
    cd /Users/jonasfeischl/Library/Mobile\ Documents/com\~apple\~CloudDocs/XCode/Schrankenradar\ OSH
    builtin-copy -exclude .DS_Store -exclude CVS -exclude .svn -exclude .git -exclude .hg -resolve-src-symlinks -rename /Users/jonasfeischl/Library/Developer/Xcode/DerivedData/Build/Intermediates.noindex/Schrankenradar\ OSH.build/Debug-iphonesimulator/Schrankenradar\ OSH.build/Objects-normal/arm64/Schrankenradar_OSH.swiftmodule /Users/jonasfeischl/Library/Developer/Xcode/DerivedData/Build/Products/Debug-iphonesimulator/Schrankenradar_OSH.swiftmodule/arm64-apple-ios-simulator.swiftmodule

Copy /Users/jonasfeischl/Library/Developer/Xcode/DerivedData/Build/Products/Debug-iphonesimulator/Schrankenradar_OSH.swiftmodule/arm64-apple-ios-simulator.swiftdoc /Users/jonasfeischl/Library/Developer/Xcode/DerivedData/Build/Intermediates.noindex/Schrankenradar\ OSH.build/Debug-iphonesimulator/Schrankenradar\ OSH.build/Objects-normal/arm64/Schrankenradar_OSH.swiftdoc (in target 'Schrankenradar OSH' from project 'Schrankenradar OSH')
    cd /Users/jonasfeischl/Library/Mobile\ Documents/com\~apple\~CloudDocs/XCode/Schrankenradar\ OSH
    builtin-copy -exclude .DS_Store -exclude CVS -exclude .svn -exclude .git -exclude .hg -resolve-src-symlinks -rename /Users/jonasfeischl/Library/Developer/Xcode/DerivedData/Build/Intermediates.noindex/Schrankenradar\ OSH.build/Debug-iphonesimulator/Schrankenradar\ OSH.build/Objects-normal/arm64/Schrankenradar_OSH.swiftdoc /Users/jonasfeischl/Library/Developer/Xcode/DerivedData/Build/Products/Debug-iphonesimulator/Schrankenradar_OSH.swiftmodule/arm64-apple-ios-simulator.swiftdoc

Copy /Users/jonasfeischl/Library/Developer/Xcode/DerivedData/Build/Products/Debug-iphonesimulator/Schrankenradar_OSH.swiftmodule/arm64-apple-ios-simulator.abi.json /Users/jonasfeischl/Library/Developer/Xcode/DerivedData/Build/Intermediates.noindex/Schrankenradar\ OSH.build/Debug-iphonesimulator/Schrankenradar\ OSH.build/Objects-normal/arm64/Schrankenradar_OSH.abi.json (in target 'Schrankenradar OSH' from project 'Schrankenradar OSH')
    cd /Users/jonasfeischl/Library/Mobile\ Documents/com\~apple\~CloudDocs/XCode/Schrankenradar\ OSH
    builtin-copy -exclude .DS_Store -exclude CVS -exclude .svn -exclude .git -exclude .hg -resolve-src-symlinks -rename /Users/jonasfeischl/Library/Developer/Xcode/DerivedData/Build/Intermediates.noindex/Schrankenradar\ OSH.build/Debug-iphonesimulator/Schrankenradar\ OSH.build/Objects-normal/arm64/Schrankenradar_OSH.abi.json /Users/jonasfeischl/Library/Developer/Xcode/DerivedData/Build/Products/Debug-iphonesimulator/Schrankenradar_OSH.swiftmodule/arm64-apple-ios-simulator.abi.json

Copy /Users/jonasfeischl/Library/Developer/Xcode/DerivedData/Build/Products/Debug-iphonesimulator/Schrankenradar_OSH.swiftmodule/Project/arm64-apple-ios-simulator.swiftsourceinfo /Users/jonasfeischl/Library/Developer/Xcode/DerivedData/Build/Intermediates.noindex/Schrankenradar\ OSH.build/Debug-iphonesimulator/Schrankenradar\ OSH.build/Objects-normal/arm64/Schrankenradar_OSH.swiftsourceinfo (in target 'Schrankenradar OSH' from project 'Schrankenradar OSH')
    cd /Users/jonasfeischl/Library/Mobile\ Documents/com\~apple\~CloudDocs/XCode/Schrankenradar\ OSH
    builtin-copy -exclude .DS_Store -exclude CVS -exclude .svn -exclude .git -exclude .hg -resolve-src-symlinks -rename /Users/jonasfeischl/Library/Developer/Xcode/DerivedData/Build/Intermediates.noindex/Schrankenradar\ OSH.build/Debug-iphonesimulator/Schrankenradar\ OSH.build/Objects-normal/arm64/Schrankenradar_OSH.swiftsourceinfo /Users/jonasfeischl/Library/Developer/Xcode/DerivedData/Build/Products/Debug-iphonesimulator/Schrankenradar_OSH.swiftmodule/Project/arm64-apple-ios-simulator.swiftsourceinfo

SwiftCompile normal arm64 Compiling\ SidebarView.swift,\ SiriIntents.swift,\ TrafficLightView.swift,\ TrainAPIService.swift /Users/jonasfeischl/Library/Mobile\ Documents/com~apple~CloudDocs/XCode/Schrankenradar\ OSH/Schrankenradar\ OSH/SidebarView.swift /Users/jonasfeischl/Library/Mobile\ Documents/com~apple~CloudDocs/XCode/Schrankenradar\ OSH/Schrankenradar\ OSH/SiriIntents.swift /Users/jonasfeischl/Library/Mobile\ Documents/com~apple~CloudDocs/XCode/Schrankenradar\ OSH/Schrankenradar\ OSH/TrafficLightView.swift /Users/jonasfeischl/Library/Mobile\ Documents/com~apple~CloudDocs/XCode/Schrankenradar\ OSH/Schrankenradar\ OSH/TrainAPIService.swift (in target 'Schrankenradar OSH' from project 'Schrankenradar OSH')

SwiftCompile normal arm64 /Users/jonasfeischl/Library/Mobile\ Documents/com~apple~CloudDocs/XCode/Schrankenradar\ OSH/Schrankenradar\ OSH/SidebarView.swift (in target 'Schrankenradar OSH' from project 'Schrankenradar OSH')
    cd /Users/jonasfeischl/Library/Mobile\ Documents/com\~apple\~CloudDocs/XCode/Schrankenradar\ OSH
    

SwiftCompile normal arm64 /Users/jonasfeischl/Library/Mobile\ Documents/com~apple~CloudDocs/XCode/Schrankenradar\ OSH/Schrankenradar\ OSH/SiriIntents.swift (in target 'Schrankenradar OSH' from project 'Schrankenradar OSH')
    cd /Users/jonasfeischl/Library/Mobile\ Documents/com\~apple\~CloudDocs/XCode/Schrankenradar\ OSH
    

SwiftCompile normal arm64 /Users/jonasfeischl/Library/Mobile\ Documents/com~apple~CloudDocs/XCode/Schrankenradar\ OSH/Schrankenradar\ OSH/TrafficLightView.swift (in target 'Schrankenradar OSH' from project 'Schrankenradar OSH')
    cd /Users/jonasfeischl/Library/Mobile\ Documents/com\~apple\~CloudDocs/XCode/Schrankenradar\ OSH
    

SwiftCompile normal arm64 /Users/jonasfeischl/Library/Mobile\ Documents/com~apple~CloudDocs/XCode/Schrankenradar\ OSH/Schrankenradar\ OSH/TrainAPIService.swift (in target 'Schrankenradar OSH' from project 'Schrankenradar OSH')
    cd /Users/jonasfeischl/Library/Mobile\ Documents/com\~apple\~CloudDocs/XCode/Schrankenradar\ OSH
    

SwiftCompile normal x86_64 Compiling\ NeuralVoiceEngine.swift,\ OnboardingView.swift,\ Rank.swift,\ RankBadgeCardView.swift /Users/jonasfeischl/Library/Mobile\ Documents/com~apple~CloudDocs/XCode/Schrankenradar\ OSH/Schrankenradar\ OSH/NeuralVoiceEngine.swift /Users/jonasfeischl/Library/Mobile\ Documents/com~apple~CloudDocs/XCode/Schrankenradar\ OSH/Schrankenradar\ OSH/OnboardingView.swift /Users/jonasfeischl/Library/Mobile\ Documents/com~apple~CloudDocs/XCode/Schrankenradar\ OSH/Schrankenradar\ OSH/Rank.swift /Users/jonasfeischl/Library/Mobile\ Documents/com~apple~CloudDocs/XCode/Schrankenradar\ OSH/Schrankenradar\ OSH/RankBadgeCardView.swift (in target 'Schrankenradar OSH' from project 'Schrankenradar OSH')

SwiftCompile normal x86_64 /Users/jonasfeischl/Library/Mobile\ Documents/com~apple~CloudDocs/XCode/Schrankenradar\ OSH/Schrankenradar\ OSH/NeuralVoiceEngine.swift (in target 'Schrankenradar OSH' from project 'Schrankenradar OSH')
    cd /Users/jonasfeischl/Library/Mobile\ Documents/com\~apple\~CloudDocs/XCode/Schrankenradar\ OSH
    

SwiftCompile normal x86_64 /Users/jonasfeischl/Library/Mobile\ Documents/com~apple~CloudDocs/XCode/Schrankenradar\ OSH/Schrankenradar\ OSH/OnboardingView.swift (in target 'Schrankenradar OSH' from project 'Schrankenradar OSH')
    cd /Users/jonasfeischl/Library/Mobile\ Documents/com\~apple\~CloudDocs/XCode/Schrankenradar\ OSH
    

SwiftCompile normal x86_64 /Users/jonasfeischl/Library/Mobile\ Documents/com~apple~CloudDocs/XCode/Schrankenradar\ OSH/Schrankenradar\ OSH/Rank.swift (in target 'Schrankenradar OSH' from project 'Schrankenradar OSH')
    cd /Users/jonasfeischl/Library/Mobile\ Documents/com\~apple\~CloudDocs/XCode/Schrankenradar\ OSH
    

SwiftCompile normal x86_64 /Users/jonasfeischl/Library/Mobile\ Documents/com~apple~CloudDocs/XCode/Schrankenradar\ OSH/Schrankenradar\ OSH/RankBadgeCardView.swift (in target 'Schrankenradar OSH' from project 'Schrankenradar OSH')
    cd /Users/jonasfeischl/Library/Mobile\ Documents/com\~apple\~CloudDocs/XCode/Schrankenradar\ OSH
    

LinkAssetCatalog /Users/jonasfeischl/Library/Mobile\ Documents/com~apple~CloudDocs/XCode/Schrankenradar\ OSH/Schrankenradar\ OSH/Assets.xcassets (in target 'Schrankenradar OSH' from project 'Schrankenradar OSH')
    cd /Users/jonasfeischl/Library/Mobile\ Documents/com\~apple\~CloudDocs/XCode/Schrankenradar\ OSH
    builtin-linkAssetCatalog --thinned /Users/jonasfeischl/Library/Developer/Xcode/DerivedData/Build/Intermediates.noindex/Schrankenradar\ OSH.build/Debug-iphonesimulator/Schrankenradar\ OSH.build/assetcatalog_output/thinned --thinned-dependencies /Users/jonasfeischl/Library/Developer/Xcode/DerivedData/Build/Intermediates.noindex/Schrankenradar\ OSH.build/Debug-iphonesimulator/Schrankenradar\ OSH.build/assetcatalog_dependencies_thinned --thinned-info-plist-content /Users/jonasfeischl/Library/Developer/Xcode/DerivedData/Build/Intermediates.noindex/Schrankenradar\ OSH.build/Debug-iphonesimulator/Schrankenradar\ OSH.build/assetcatalog_generated_info.plist_thinned --unthinned /Users/jonasfeischl/Library/Developer/Xcode/DerivedData/Build/Intermediates.noindex/Schrankenradar\ OSH.build/Debug-iphonesimulator/Schrankenradar\ OSH.build/assetcatalog_output/unthinned --unthinned-dependencies /Users/jonasfeischl/Library/Developer/Xcode/DerivedData/Build/Intermediates.noindex/Schrankenradar\ OSH.build/Debug-iphonesimulator/Schrankenradar\ OSH.build/assetcatalog_dependencies_unthinned --unthinned-info-plist-content /Users/jonasfeischl/Library/Developer/Xcode/DerivedData/Build/Intermediates.noindex/Schrankenradar\ OSH.build/Debug-iphonesimulator/Schrankenradar\ OSH.build/assetcatalog_generated_info.plist_unthinned --output /Users/jonasfeischl/Library/Developer/Xcode/DerivedData/Build/Products/Debug-iphonesimulator/Schrankenradar\ OSH.app --plist-output /Users/jonasfeischl/Library/Developer/Xcode/DerivedData/Build/Intermediates.noindex/Schrankenradar\ OSH.build/Debug-iphonesimulator/Schrankenradar\ OSH.build/assetcatalog_generated_info.plist
note: Emplaced /Users/jonasfeischl/Library/Developer/Xcode/DerivedData/Build/Products/Debug-iphonesimulator/Schrankenradar OSH.app/AppIcon76x76@2x~ipad.png (in target 'Schrankenradar OSH' from project 'Schrankenradar OSH')
note: Emplaced /Users/jonasfeischl/Library/Developer/Xcode/DerivedData/Build/Products/Debug-iphonesimulator/Schrankenradar OSH.app/AppIcon60x60@2x.png (in target 'Schrankenradar OSH' from project 'Schrankenradar OSH')
note: Emplaced /Users/jonasfeischl/Library/Developer/Xcode/DerivedData/Build/Products/Debug-iphonesimulator/Schrankenradar OSH.app/Assets.car (in target 'Schrankenradar OSH' from project 'Schrankenradar OSH')

SwiftDriverJobDiscovery normal x86_64 Compiling CrossingLocation.swift, CrossingRecorder.swift, CrossingViewModel.swift, DailyPatternView.swift, DebugLog.swift (in target 'Schrankenradar OSH' from project 'Schrankenradar OSH')

SwiftCompile normal arm64 Compiling\ CrossingLocation.swift,\ CrossingRecorder.swift,\ CrossingViewModel.swift,\ DailyPatternView.swift,\ DebugLog.swift /Users/jonasfeischl/Library/Mobile\ Documents/com~apple~CloudDocs/XCode/Schrankenradar\ OSH/Schrankenradar\ OSH/CrossingLocation.swift /Users/jonasfeischl/Library/Mobile\ Documents/com~apple~CloudDocs/XCode/Schrankenradar\ OSH/Schrankenradar\ OSH/CrossingRecorder.swift /Users/jonasfeischl/Library/Mobile\ Documents/com~apple~CloudDocs/XCode/Schrankenradar\ OSH/Schrankenradar\ OSH/CrossingViewModel.swift /Users/jonasfeischl/Library/Mobile\ Documents/com~apple~CloudDocs/XCode/Schrankenradar\ OSH/Schrankenradar\ OSH/DailyPatternView.swift /Users/jonasfeischl/Library/Mobile\ Documents/com~apple~CloudDocs/XCode/Schrankenradar\ OSH/Schrankenradar\ OSH/DebugLog.swift (in target 'Schrankenradar OSH' from project 'Schrankenradar OSH')

SwiftCompile normal arm64 /Users/jonasfeischl/Library/Mobile\ Documents/com~apple~CloudDocs/XCode/Schrankenradar\ OSH/Schrankenradar\ OSH/CrossingLocation.swift (in target 'Schrankenradar OSH' from project 'Schrankenradar OSH')
    cd /Users/jonasfeischl/Library/Mobile\ Documents/com\~apple\~CloudDocs/XCode/Schrankenradar\ OSH
    

SwiftCompile normal arm64 /Users/jonasfeischl/Library/Mobile\ Documents/com~apple~CloudDocs/XCode/Schrankenradar\ OSH/Schrankenradar\ OSH/CrossingRecorder.swift (in target 'Schrankenradar OSH' from project 'Schrankenradar OSH')
    cd /Users/jonasfeischl/Library/Mobile\ Documents/com\~apple\~CloudDocs/XCode/Schrankenradar\ OSH
    

SwiftCompile normal arm64 /Users/jonasfeischl/Library/Mobile\ Documents/com~apple~CloudDocs/XCode/Schrankenradar\ OSH/Schrankenradar\ OSH/CrossingViewModel.swift (in target 'Schrankenradar OSH' from project 'Schrankenradar OSH')
    cd /Users/jonasfeischl/Library/Mobile\ Documents/com\~apple\~CloudDocs/XCode/Schrankenradar\ OSH
    

SwiftCompile normal arm64 /Users/jonasfeischl/Library/Mobile\ Documents/com~apple~CloudDocs/XCode/Schrankenradar\ OSH/Schrankenradar\ OSH/DailyPatternView.swift (in target 'Schrankenradar OSH' from project 'Schrankenradar OSH')
    cd /Users/jonasfeischl/Library/Mobile\ Documents/com\~apple\~CloudDocs/XCode/Schrankenradar\ OSH
    

SwiftCompile normal arm64 /Users/jonasfeischl/Library/Mobile\ Documents/com~apple~CloudDocs/XCode/Schrankenradar\ OSH/Schrankenradar\ OSH/DebugLog.swift (in target 'Schrankenradar OSH' from project 'Schrankenradar OSH')
    cd /Users/jonasfeischl/Library/Mobile\ Documents/com\~apple\~CloudDocs/XCode/Schrankenradar\ OSH
    

SwiftCompile normal arm64 Compiling\ DebugLogView.swift,\ DesignSystem.swift,\ DrivingDetector.swift,\ DrivingView.swift,\ FeatureIntroScreen.swift /Users/jonasfeischl/Library/Mobile\ Documents/com~apple~CloudDocs/XCode/Schrankenradar\ OSH/Schrankenradar\ OSH/DebugLogView.swift /Users/jonasfeischl/Library/Mobile\ Documents/com~apple~CloudDocs/XCode/Schrankenradar\ OSH/Schrankenradar\ OSH/DesignSystem.swift /Users/jonasfeischl/Library/Mobile\ Documents/com~apple~CloudDocs/XCode/Schrankenradar\ OSH/Schrankenradar\ OSH/DrivingDetector.swift /Users/jonasfeischl/Library/Mobile\ Documents/com~apple~CloudDocs/XCode/Schrankenradar\ OSH/Schrankenradar\ OSH/DrivingView.swift /Users/jonasfeischl/Library/Mobile\ Documents/com~apple~CloudDocs/XCode/Schrankenradar\ OSH/Schrankenradar\ OSH/FeatureIntroScreen.swift (in target 'Schrankenradar OSH' from project 'Schrankenradar OSH')

SwiftCompile normal arm64 /Users/jonasfeischl/Library/Mobile\ Documents/com~apple~CloudDocs/XCode/Schrankenradar\ OSH/Schrankenradar\ OSH/DebugLogView.swift (in target 'Schrankenradar OSH' from project 'Schrankenradar OSH')
    cd /Users/jonasfeischl/Library/Mobile\ Documents/com\~apple\~CloudDocs/XCode/Schrankenradar\ OSH
    

SwiftCompile normal arm64 /Users/jonasfeischl/Library/Mobile\ Documents/com~apple~CloudDocs/XCode/Schrankenradar\ OSH/Schrankenradar\ OSH/DesignSystem.swift (in target 'Schrankenradar OSH' from project 'Schrankenradar OSH')
    cd /Users/jonasfeischl/Library/Mobile\ Documents/com\~apple\~CloudDocs/XCode/Schrankenradar\ OSH
    

SwiftCompile normal arm64 /Users/jonasfeischl/Library/Mobile\ Documents/com~apple~CloudDocs/XCode/Schrankenradar\ OSH/Schrankenradar\ OSH/DrivingDetector.swift (in target 'Schrankenradar OSH' from project 'Schrankenradar OSH')
    cd /Users/jonasfeischl/Library/Mobile\ Documents/com\~apple\~CloudDocs/XCode/Schrankenradar\ OSH
    

SwiftCompile normal arm64 /Users/jonasfeischl/Library/Mobile\ Documents/com~apple~CloudDocs/XCode/Schrankenradar\ OSH/Schrankenradar\ OSH/DrivingView.swift (in target 'Schrankenradar OSH' from project 'Schrankenradar OSH')
    cd /Users/jonasfeischl/Library/Mobile\ Documents/com\~apple\~CloudDocs/XCode/Schrankenradar\ OSH
    

SwiftCompile normal arm64 /Users/jonasfeischl/Library/Mobile\ Documents/com~apple~CloudDocs/XCode/Schrankenradar\ OSH/Schrankenradar\ OSH/FeatureIntroScreen.swift (in target 'Schrankenradar OSH' from project 'Schrankenradar OSH')
    cd /Users/jonasfeischl/Library/Mobile\ Documents/com\~apple\~CloudDocs/XCode/Schrankenradar\ OSH
    

SwiftDriverJobDiscovery normal x86_64 Compiling AnimatedGIFView.swift, APIComparisonView.swift, APIComparisonViewModel.swift, ContentView.swift, CrossingActivityAttributes.swift (in target 'Schrankenradar OSH' from project 'Schrankenradar OSH')

SwiftCompile normal x86_64 Compiling\ FeedbackLearner.swift,\ GeopsRealtimeService.swift,\ JSONBinService.swift,\ LaunchScreenView.swift /Users/jonasfeischl/Library/Mobile\ Documents/com~apple~CloudDocs/XCode/Schrankenradar\ OSH/Schrankenradar\ OSH/FeedbackLearner.swift /Users/jonasfeischl/Library/Mobile\ Documents/com~apple~CloudDocs/XCode/Schrankenradar\ OSH/Schrankenradar\ OSH/GeopsRealtimeService.swift /Users/jonasfeischl/Library/Mobile\ Documents/com~apple~CloudDocs/XCode/Schrankenradar\ OSH/Schrankenradar\ OSH/JSONBinService.swift /Users/jonasfeischl/Library/Mobile\ Documents/com~apple~CloudDocs/XCode/Schrankenradar\ OSH/Schrankenradar\ OSH/LaunchScreenView.swift (in target 'Schrankenradar OSH' from project 'Schrankenradar OSH')
SwiftCompile normal x86_64 /Users/jonasfeischl/Library/Mobile\ Documents/com~apple~CloudDocs/XCode/Schrankenradar\ OSH/Schrankenradar\ OSH/FeedbackLearner.swift (in target 'Schrankenradar OSH' from project 'Schrankenradar OSH')
    cd /Users/jonasfeischl/Library/Mobile\ Documents/com\~apple\~CloudDocs/XCode/Schrankenradar\ OSH
    

SwiftCompile normal x86_64 /Users/jonasfeischl/Library/Mobile\ Documents/com~apple~CloudDocs/XCode/Schrankenradar\ OSH/Schrankenradar\ OSH/GeopsRealtimeService.swift (in target 'Schrankenradar OSH' from project 'Schrankenradar OSH')
    cd /Users/jonasfeischl/Library/Mobile\ Documents/com\~apple\~CloudDocs/XCode/Schrankenradar\ OSH
    

SwiftCompile normal x86_64 /Users/jonasfeischl/Library/Mobile\ Documents/com~apple~CloudDocs/XCode/Schrankenradar\ OSH/Schrankenradar\ OSH/JSONBinService.swift (in target 'Schrankenradar OSH' from project 'Schrankenradar OSH')
    cd /Users/jonasfeischl/Library/Mobile\ Documents/com\~apple\~CloudDocs/XCode/Schrankenradar\ OSH
    

SwiftCompile normal x86_64 /Users/jonasfeischl/Library/Mobile\ Documents/com~apple~CloudDocs/XCode/Schrankenradar\ OSH/Schrankenradar\ OSH/LaunchScreenView.swift (in target 'Schrankenradar OSH' from project 'Schrankenradar OSH')
    cd /Users/jonasfeischl/Library/Mobile\ Documents/com\~apple\~CloudDocs/XCode/Schrankenradar\ OSH
    

SwiftDriverJobDiscovery normal arm64 Compiling NeuralVoiceEngine.swift, OnboardingView.swift, Rank.swift, RankBadgeCardView.swift (in target 'Schrankenradar OSH' from project 'Schrankenradar OSH')

SwiftCompile normal arm64 Compiling\ TravelTimesCard.swift,\ VoiceAnnouncer.swift,\ WaechterView.swift,\ GeneratedAssetSymbols.swift /Users/jonasfeischl/Library/Mobile\ Documents/com~apple~CloudDocs/XCode/Schrankenradar\ OSH/Schrankenradar\ OSH/TravelTimesCard.swift /Users/jonasfeischl/Library/Mobile\ Documents/com~apple~CloudDocs/XCode/Schrankenradar\ OSH/Schrankenradar\ OSH/VoiceAnnouncer.swift /Users/jonasfeischl/Library/Mobile\ Documents/com~apple~CloudDocs/XCode/Schrankenradar\ OSH/Schrankenradar\ OSH/WaechterView.swift /Users/jonasfeischl/Library/Developer/Xcode/DerivedData/Build/Intermediates.noindex/Schrankenradar\ OSH.build/Debug-iphonesimulator/Schrankenradar\ OSH.build/DerivedSources/GeneratedAssetSymbols.swift (in target 'Schrankenradar OSH' from project 'Schrankenradar OSH')

SwiftCompile normal arm64 /Users/jonasfeischl/Library/Mobile\ Documents/com~apple~CloudDocs/XCode/Schrankenradar\ OSH/Schrankenradar\ OSH/TravelTimesCard.swift (in target 'Schrankenradar OSH' from project 'Schrankenradar OSH')
    cd /Users/jonasfeischl/Library/Mobile\ Documents/com\~apple\~CloudDocs/XCode/Schrankenradar\ OSH
    

SwiftCompile normal arm64 /Users/jonasfeischl/Library/Mobile\ Documents/com~apple~CloudDocs/XCode/Schrankenradar\ OSH/Schrankenradar\ OSH/VoiceAnnouncer.swift (in target 'Schrankenradar OSH' from project 'Schrankenradar OSH')
    cd /Users/jonasfeischl/Library/Mobile\ Documents/com\~apple\~CloudDocs/XCode/Schrankenradar\ OSH
    

SwiftCompile normal arm64 /Users/jonasfeischl/Library/Mobile\ Documents/com~apple~CloudDocs/XCode/Schrankenradar\ OSH/Schrankenradar\ OSH/WaechterView.swift (in target 'Schrankenradar OSH' from project 'Schrankenradar OSH')
    cd /Users/jonasfeischl/Library/Mobile\ Documents/com\~apple\~CloudDocs/XCode/Schrankenradar\ OSH
    

SwiftCompile normal arm64 /Users/jonasfeischl/Library/Developer/Xcode/DerivedData/Build/Intermediates.noindex/Schrankenradar\ OSH.build/Debug-iphonesimulator/Schrankenradar\ OSH.build/DerivedSources/GeneratedAssetSymbols.swift (in target 'Schrankenradar OSH' from project 'Schrankenradar OSH')
    cd /Users/jonasfeischl/Library/Mobile\ Documents/com\~apple\~CloudDocs/XCode/Schrankenradar\ OSH
    

SwiftDriverJobDiscovery normal arm64 Compiling FeedbackLearner.swift, GeopsRealtimeService.swift, JSONBinService.swift, LaunchScreenView.swift (in target 'Schrankenradar OSH' from project 'Schrankenradar OSH')

SwiftCompile normal x86_64 Compiling\ LocationMonitor.swift,\ MetricKitMonitor.swift,\ Models.swift,\ MVGService.swift /Users/jonasfeischl/Library/Mobile\ Documents/com~apple~CloudDocs/XCode/Schrankenradar\ OSH/Schrankenradar\ OSH/LocationMonitor.swift /Users/jonasfeischl/Library/Mobile\ Documents/com~apple~CloudDocs/XCode/Schrankenradar\ OSH/Schrankenradar\ OSH/MetricKitMonitor.swift /Users/jonasfeischl/Library/Mobile\ Documents/com~apple~CloudDocs/XCode/Schrankenradar\ OSH/Schrankenradar\ OSH/Models.swift /Users/jonasfeischl/Library/Mobile\ Documents/com~apple~CloudDocs/XCode/Schrankenradar\ OSH/Schrankenradar\ OSH/MVGService.swift (in target 'Schrankenradar OSH' from project 'Schrankenradar OSH')

SwiftCompile normal x86_64 /Users/jonasfeischl/Library/Mobile\ Documents/com~apple~CloudDocs/XCode/Schrankenradar\ OSH/Schrankenradar\ OSH/LocationMonitor.swift (in target 'Schrankenradar OSH' from project 'Schrankenradar OSH')
    cd /Users/jonasfeischl/Library/Mobile\ Documents/com\~apple\~CloudDocs/XCode/Schrankenradar\ OSH
    

SwiftCompile normal x86_64 /Users/jonasfeischl/Library/Mobile\ Documents/com~apple~CloudDocs/XCode/Schrankenradar\ OSH/Schrankenradar\ OSH/MetricKitMonitor.swift (in target 'Schrankenradar OSH' from project 'Schrankenradar OSH')
    cd /Users/jonasfeischl/Library/Mobile\ Documents/com\~apple\~CloudDocs/XCode/Schrankenradar\ OSH
    

SwiftCompile normal x86_64 /Users/jonasfeischl/Library/Mobile\ Documents/com~apple~CloudDocs/XCode/Schrankenradar\ OSH/Schrankenradar\ OSH/Models.swift (in target 'Schrankenradar OSH' from project 'Schrankenradar OSH')
    cd /Users/jonasfeischl/Library/Mobile\ Documents/com\~apple\~CloudDocs/XCode/Schrankenradar\ OSH
    

SwiftCompile normal x86_64 /Users/jonasfeischl/Library/Mobile\ Documents/com~apple~CloudDocs/XCode/Schrankenradar\ OSH/Schrankenradar\ OSH/MVGService.swift (in target 'Schrankenradar OSH' from project 'Schrankenradar OSH')
    cd /Users/jonasfeischl/Library/Mobile\ Documents/com\~apple\~CloudDocs/XCode/Schrankenradar\ OSH
    

SwiftDriverJobDiscovery normal x86_64 Compiling NeuralVoiceEngine.swift, OnboardingView.swift, Rank.swift, RankBadgeCardView.swift (in target 'Schrankenradar OSH' from project 'Schrankenradar OSH')

SwiftCompile normal x86_64 Compiling\ DebugLogView.swift,\ DesignSystem.swift,\ DrivingDetector.swift,\ DrivingView.swift,\ FeatureIntroScreen.swift /Users/jonasfeischl/Library/Mobile\ Documents/com~apple~CloudDocs/XCode/Schrankenradar\ OSH/Schrankenradar\ OSH/DebugLogView.swift /Users/jonasfeischl/Library/Mobile\ Documents/com~apple~CloudDocs/XCode/Schrankenradar\ OSH/Schrankenradar\ OSH/DesignSystem.swift /Users/jonasfeischl/Library/Mobile\ Documents/com~apple~CloudDocs/XCode/Schrankenradar\ OSH/Schrankenradar\ OSH/DrivingDetector.swift /Users/jonasfeischl/Library/Mobile\ Documents/com~apple~CloudDocs/XCode/Schrankenradar\ OSH/Schrankenradar\ OSH/DrivingView.swift /Users/jonasfeischl/Library/Mobile\ Documents/com~apple~CloudDocs/XCode/Schrankenradar\ OSH/Schrankenradar\ OSH/FeatureIntroScreen.swift (in target 'Schrankenradar OSH' from project 'Schrankenradar OSH')

SwiftCompile normal x86_64 /Users/jonasfeischl/Library/Mobile\ Documents/com~apple~CloudDocs/XCode/Schrankenradar\ OSH/Schrankenradar\ OSH/DebugLogView.swift (in target 'Schrankenradar OSH' from project 'Schrankenradar OSH')
    cd /Users/jonasfeischl/Library/Mobile\ Documents/com\~apple\~CloudDocs/XCode/Schrankenradar\ OSH
    

SwiftCompile normal x86_64 /Users/jonasfeischl/Library/Mobile\ Documents/com~apple~CloudDocs/XCode/Schrankenradar\ OSH/Schrankenradar\ OSH/DesignSystem.swift (in target 'Schrankenradar OSH' from project 'Schrankenradar OSH')
    cd /Users/jonasfeischl/Library/Mobile\ Documents/com\~apple\~CloudDocs/XCode/Schrankenradar\ OSH
    

SwiftCompile normal x86_64 /Users/jonasfeischl/Library/Mobile\ Documents/com~apple~CloudDocs/XCode/Schrankenradar\ OSH/Schrankenradar\ OSH/DrivingDetector.swift (in target 'Schrankenradar OSH' from project 'Schrankenradar OSH')
    cd /Users/jonasfeischl/Library/Mobile\ Documents/com\~apple\~CloudDocs/XCode/Schrankenradar\ OSH
    

SwiftCompile normal x86_64 /Users/jonasfeischl/Library/Mobile\ Documents/com~apple~CloudDocs/XCode/Schrankenradar\ OSH/Schrankenradar\ OSH/DrivingView.swift (in target 'Schrankenradar OSH' from project 'Schrankenradar OSH')
    cd /Users/jonasfeischl/Library/Mobile\ Documents/com\~apple\~CloudDocs/XCode/Schrankenradar\ OSH
    

SwiftCompile normal x86_64 /Users/jonasfeischl/Library/Mobile\ Documents/com~apple~CloudDocs/XCode/Schrankenradar\ OSH/Schrankenradar\ OSH/FeatureIntroScreen.swift (in target 'Schrankenradar OSH' from project 'Schrankenradar OSH')
    cd /Users/jonasfeischl/Library/Mobile\ Documents/com\~apple\~CloudDocs/XCode/Schrankenradar\ OSH
    

SwiftDriverJobDiscovery normal x86_64 Compiling RouteViewModel.swift, SchrankenModeView.swift, Schrankenradar_OSHApp.swift, SettingsView.swift (in target 'Schrankenradar OSH' from project 'Schrankenradar OSH')

SwiftCompile normal arm64 Compiling\ LocationMonitor.swift,\ MetricKitMonitor.swift,\ Models.swift,\ MVGService.swift /Users/jonasfeischl/Library/Mobile\ Documents/com~apple~CloudDocs/XCode/Schrankenradar\ OSH/Schrankenradar\ OSH/LocationMonitor.swift /Users/jonasfeischl/Library/Mobile\ Documents/com~apple~CloudDocs/XCode/Schrankenradar\ OSH/Schrankenradar\ OSH/MetricKitMonitor.swift /Users/jonasfeischl/Library/Mobile\ Documents/com~apple~CloudDocs/XCode/Schrankenradar\ OSH/Schrankenradar\ OSH/Models.swift /Users/jonasfeischl/Library/Mobile\ Documents/com~apple~CloudDocs/XCode/Schrankenradar\ OSH/Schrankenradar\ OSH/MVGService.swift (in target 'Schrankenradar OSH' from project 'Schrankenradar OSH')

SwiftCompile normal arm64 /Users/jonasfeischl/Library/Mobile\ Documents/com~apple~CloudDocs/XCode/Schrankenradar\ OSH/Schrankenradar\ OSH/LocationMonitor.swift (in target 'Schrankenradar OSH' from project 'Schrankenradar OSH')
    cd /Users/jonasfeischl/Library/Mobile\ Documents/com\~apple\~CloudDocs/XCode/Schrankenradar\ OSH
    

SwiftCompile normal arm64 /Users/jonasfeischl/Library/Mobile\ Documents/com~apple~CloudDocs/XCode/Schrankenradar\ OSH/Schrankenradar\ OSH/MetricKitMonitor.swift (in target 'Schrankenradar OSH' from project 'Schrankenradar OSH')
    cd /Users/jonasfeischl/Library/Mobile\ Documents/com\~apple\~CloudDocs/XCode/Schrankenradar\ OSH
    

SwiftCompile normal arm64 /Users/jonasfeischl/Library/Mobile\ Documents/com~apple~CloudDocs/XCode/Schrankenradar\ OSH/Schrankenradar\ OSH/Models.swift (in target 'Schrankenradar OSH' from project 'Schrankenradar OSH')
    cd /Users/jonasfeischl/Library/Mobile\ Documents/com\~apple\~CloudDocs/XCode/Schrankenradar\ OSH
    

SwiftCompile normal arm64 /Users/jonasfeischl/Library/Mobile\ Documents/com~apple~CloudDocs/XCode/Schrankenradar\ OSH/Schrankenradar\ OSH/MVGService.swift (in target 'Schrankenradar OSH' from project 'Schrankenradar OSH')
    cd /Users/jonasfeischl/Library/Mobile\ Documents/com\~apple\~CloudDocs/XCode/Schrankenradar\ OSH
    

SwiftDriverJobDiscovery normal arm64 Compiling DebugLogView.swift, DesignSystem.swift, DrivingDetector.swift, DrivingView.swift, FeatureIntroScreen.swift (in target 'Schrankenradar OSH' from project 'Schrankenradar OSH')

SwiftDriverJobDiscovery normal arm64 Compiling RankDetailView.swift, RankTracker.swift, RankUpCelebrationView.swift, RouteView.swift (in target 'Schrankenradar OSH' from project 'Schrankenradar OSH')

ExtractAppIntentsMetadata (in target 'SchrankenradarWidgetExtension' from project 'Schrankenradar OSH')
    cd /Users/jonasfeischl/Library/Mobile\ Documents/com\~apple\~CloudDocs/XCode/Schrankenradar\ OSH
    /Applications/Xcode.app/Contents/Developer/Toolchains/XcodeDefault.xctoolchain/usr/bin/appintentsmetadataprocessor --toolchain-dir /Applications/Xcode.app/Contents/Developer/Toolchains/XcodeDefault.xctoolchain --module-name SchrankenradarWidgetExtension --sdk-root /Applications/Xcode.app/Contents/Developer/Platforms/iPhoneSimulator.platform/Developer/SDKs/iPhoneSimulator26.5.sdk --xcode-version 17F113 --platform-family iOS --deployment-target 26.5 --bundle-identifier com.Jonas.Schrankenradar-OSH.SchrankenradarWidget --output /Users/jonasfeischl/Library/Developer/Xcode/DerivedData/Build/Products/Debug-iphonesimulator/SchrankenradarWidgetExtension.appex --target-triple arm64-apple-ios26.5-simulator --target-triple x86_64-apple-ios26.5-simulator --binary-file /Users/jonasfeischl/Library/Developer/Xcode/DerivedData/Build/Products/Debug-iphonesimulator/SchrankenradarWidgetExtension.appex/SchrankenradarWidgetExtension --dependency-file /Users/jonasfeischl/Library/Developer/Xcode/DerivedData/Build/Intermediates.noindex/Schrankenradar\ OSH.build/Debug-iphonesimulator/SchrankenradarWidgetExtension.build/Objects-normal/arm64/SchrankenradarWidgetExtension_dependency_info.dat --dependency-file /Users/jonasfeischl/Library/Developer/Xcode/DerivedData/Build/Intermediates.noindex/Schrankenradar\ OSH.build/Debug-iphonesimulator/SchrankenradarWidgetExtension.build/Objects-normal/x86_64/SchrankenradarWidgetExtension_dependency_info.dat --stringsdata-file /Users/jonasfeischl/Library/Developer/Xcode/DerivedData/Build/Intermediates.noindex/Schrankenradar\ OSH.build/Debug-iphonesimulator/SchrankenradarWidgetExtension.build/Objects-normal/arm64/ExtractedAppShortcutsMetadata.stringsdata --stringsdata-file /Users/jonasfeischl/Library/Developer/Xcode/DerivedData/Build/Intermediates.noindex/Schrankenradar\ OSH.build/Debug-iphonesimulator/SchrankenradarWidgetExtension.build/Objects-normal/x86_64/ExtractedAppShortcutsMetadata.stringsdata --source-file-list /Users/jonasfeischl/Library/Developer/Xcode/DerivedData/Build/Intermediates.noindex/Schrankenradar\ OSH.build/Debug-iphonesimulator/SchrankenradarWidgetExtension.build/Objects-normal/arm64/SchrankenradarWidgetExtension.SwiftFileList --source-file-list /Users/jonasfeischl/Library/Developer/Xcode/DerivedData/Build/Intermediates.noindex/Schrankenradar\ OSH.build/Debug-iphonesimulator/SchrankenradarWidgetExtension.build/Objects-normal/x86_64/SchrankenradarWidgetExtension.SwiftFileList --metadata-file-list /Users/jonasfeischl/Library/Developer/Xcode/DerivedData/Build/Intermediates.noindex/Schrankenradar\ OSH.build/Debug-iphonesimulator/SchrankenradarWidgetExtension.build/SchrankenradarWidgetExtension.DependencyMetadataFileList --static-metadata-file-list /Users/jonasfeischl/Library/Developer/Xcode/DerivedData/Build/Intermediates.noindex/Schrankenradar\ OSH.build/Debug-iphonesimulator/SchrankenradarWidgetExtension.build/SchrankenradarWidgetExtension.DependencyStaticMetadataFileList --swift-const-vals-list /Users/jonasfeischl/Library/Developer/Xcode/DerivedData/Build/Intermediates.noindex/Schrankenradar\ OSH.build/Debug-iphonesimulator/SchrankenradarWidgetExtension.build/Objects-normal/arm64/SchrankenradarWidgetExtension.SwiftConstValuesFileList --swift-const-vals-list /Users/jonasfeischl/Library/Developer/Xcode/DerivedData/Build/Intermediates.noindex/Schrankenradar\ OSH.build/Debug-iphonesimulator/SchrankenradarWidgetExtension.build/Objects-normal/x86_64/SchrankenradarWidgetExtension.SwiftConstValuesFileList --compile-time-extraction --deployment-aware-processing --validate-assistant-intents --no-app-shortcuts-localization
2026-09-21 17:25:15.919 appintentsmetadataprocessor[59524:22055150] Starting appintentsmetadataprocessor export
2026-09-21 17:25:15.968 appintentsmetadataprocessor[59524:22055150] Extracted no relevant App Intents symbols, skipping writing output

AppIntentsSSUTraining (in target 'SchrankenradarWidgetExtension' from project 'Schrankenradar OSH')
    cd /Users/jonasfeischl/Library/Mobile\ Documents/com\~apple\~CloudDocs/XCode/Schrankenradar\ OSH
    /Applications/Xcode.app/Contents/Developer/Toolchains/XcodeDefault.xctoolchain/usr/bin/appintentsnltrainingprocessor --infoplist-path /Users/jonasfeischl/Library/Developer/Xcode/DerivedData/Build/Products/Debug-iphonesimulator/SchrankenradarWidgetExtension.appex/Info.plist --temp-dir-path /Users/jonasfeischl/Library/Developer/Xcode/DerivedData/Build/Intermediates.noindex/Schrankenradar\ OSH.build/Debug-iphonesimulator/SchrankenradarWidgetExtension.build/ssu --bundle-id com.Jonas.Schrankenradar-OSH.SchrankenradarWidget --product-path /Users/jonasfeischl/Library/Developer/Xcode/DerivedData/Build/Products/Debug-iphonesimulator/SchrankenradarWidgetExtension.appex --extracted-metadata-path /Users/jonasfeischl/Library/Developer/Xcode/DerivedData/Build/Products/Debug-iphonesimulator/SchrankenradarWidgetExtension.appex/Metadata.appintents --metadata-file-list /Users/jonasfeischl/Library/Developer/Xcode/DerivedData/Build/Intermediates.noindex/Schrankenradar\ OSH.build/Debug-iphonesimulator/SchrankenradarWidgetExtension.build/SchrankenradarWidgetExtension.DependencyMetadataFileList --source-file /Users/jonasfeischl/Library/Developer/Xcode/DerivedData/Build/Products/Debug-iphonesimulator/SchrankenradarWidgetExtension.appex/Info.plist --archive-ssu-assets
2026-09-21 17:25:15.994 appintentsnltrainingprocessor[59527:22055168] Parsing options for appintentsnltrainingprocessor
2026-09-21 17:25:15.995 appintentsnltrainingprocessor[59527:22055168] Starting AppIntents SSU YAML Generation
2026-09-21 17:25:15.999 appintentsnltrainingprocessor[59527:22055168] No AppShortcuts found - Skipping.

CodeSign /Users/jonasfeischl/Library/Developer/Xcode/DerivedData/Build/Products/Debug-iphonesimulator/SchrankenradarWidgetExtension.appex/SchrankenradarWidgetExtension.debug.dylib (in target 'SchrankenradarWidgetExtension' from project 'Schrankenradar OSH')
    cd /Users/jonasfeischl/Library/Mobile\ Documents/com\~apple\~CloudDocs/XCode/Schrankenradar\ OSH
    
    Signing Identity:     "Sign to Run Locally"
    
    /usr/bin/codesign --force --sign - --timestamp\=none --generate-entitlement-der /Users/jonasfeischl/Library/Developer/Xcode/DerivedData/Build/Products/Debug-iphonesimulator/SchrankenradarWidgetExtension.appex/SchrankenradarWidgetExtension.debug.dylib

SwiftDriverJobDiscovery normal x86_64 Compiling LocationMonitor.swift, MetricKitMonitor.swift, Models.swift, MVGService.swift (in target 'Schrankenradar OSH' from project 'Schrankenradar OSH')

CodeSign /Users/jonasfeischl/Library/Developer/Xcode/DerivedData/Build/Products/Debug-iphonesimulator/SchrankenradarWidgetExtension.appex/__preview.dylib (in target 'SchrankenradarWidgetExtension' from project 'Schrankenradar OSH')
    cd /Users/jonasfeischl/Library/Mobile\ Documents/com\~apple\~CloudDocs/XCode/Schrankenradar\ OSH
    
    Signing Identity:     "Sign to Run Locally"
    
    /usr/bin/codesign --force --sign - --timestamp\=none --generate-entitlement-der /Users/jonasfeischl/Library/Developer/Xcode/DerivedData/Build/Products/Debug-iphonesimulator/SchrankenradarWidgetExtension.appex/__preview.dylib

CodeSign /Users/jonasfeischl/Library/Developer/Xcode/DerivedData/Build/Products/Debug-iphonesimulator/SchrankenradarWidgetExtension.appex (in target 'SchrankenradarWidgetExtension' from project 'Schrankenradar OSH')
    cd /Users/jonasfeischl/Library/Mobile\ Documents/com\~apple\~CloudDocs/XCode/Schrankenradar\ OSH
    
    Signing Identity:     "Sign to Run Locally"
    
    /usr/bin/codesign --force --sign - --entitlements /Users/jonasfeischl/Library/Developer/Xcode/DerivedData/Build/Intermediates.noindex/Schrankenradar\ OSH.build/Debug-iphonesimulator/SchrankenradarWidgetExtension.build/SchrankenradarWidgetExtension.appex.xcent --timestamp\=none --generate-entitlement-der /Users/jonasfeischl/Library/Developer/Xcode/DerivedData/Build/Products/Debug-iphonesimulator/SchrankenradarWidgetExtension.appex

SwiftDriverJobDiscovery normal arm64 Compiling SidebarView.swift, SiriIntents.swift, TrafficLightView.swift, TrainAPIService.swift (in target 'Schrankenradar OSH' from project 'Schrankenradar OSH')

RegisterExecutionPolicyException /Users/jonasfeischl/Library/Developer/Xcode/DerivedData/Build/Products/Debug-iphonesimulator/SchrankenradarWidgetExtension.appex (in target 'SchrankenradarWidgetExtension' from project 'Schrankenradar OSH')
    cd /Users/jonasfeischl/Library/Mobile\ Documents/com\~apple\~CloudDocs/XCode/Schrankenradar\ OSH
    builtin-RegisterExecutionPolicyException /Users/jonasfeischl/Library/Developer/Xcode/DerivedData/Build/Products/Debug-iphonesimulator/SchrankenradarWidgetExtension.appex

Touch /Users/jonasfeischl/Library/Developer/Xcode/DerivedData/Build/Products/Debug-iphonesimulator/SchrankenradarWidgetExtension.appex (in target 'SchrankenradarWidgetExtension' from project 'Schrankenradar OSH')
    cd /Users/jonasfeischl/Library/Mobile\ Documents/com\~apple\~CloudDocs/XCode/Schrankenradar\ OSH
    /usr/bin/touch -c /Users/jonasfeischl/Library/Developer/Xcode/DerivedData/Build/Products/Debug-iphonesimulator/SchrankenradarWidgetExtension.appex

Ld /Users/jonasfeischl/Library/Developer/Xcode/DerivedData/Build/Intermediates.noindex/Schrankenradar\ OSH.build/Debug-iphonesimulator/Schrankenradar\ OSH.build/Objects-normal/x86_64/Binary/__preview.dylib normal x86_64 (in target 'Schrankenradar OSH' from project 'Schrankenradar OSH')
    cd /Users/jonasfeischl/Library/Mobile\ Documents/com\~apple\~CloudDocs/XCode/Schrankenradar\ OSH
    /Applications/Xcode.app/Contents/Developer/Toolchains/XcodeDefault.xctoolchain/usr/bin/clang -Xlinker -reproducible -target x86_64-apple-ios26.5-simulator -dynamiclib -isysroot /Applications/Xcode.app/Contents/Developer/Platforms/iPhoneSimulator.platform/Developer/SDKs/iPhoneSimulator26.5.sdk -O0 -L/Users/jonasfeischl/Library/Developer/Xcode/DerivedData/Build/Products/Debug-iphonesimulator -F/Users/jonasfeischl/Library/Developer/Xcode/DerivedData/Build/Products/Debug-iphonesimulator/PackageFrameworks -F/Users/jonasfeischl/Library/Developer/Xcode/DerivedData/Build/Products/Debug-iphonesimulator -install_name @rpath/Schrankenradar\ OSH.debug.dylib -Xlinker -dead_strip -rdynamic -Xlinker -no_deduplicate -Xlinker -objc_abi_version -Xlinker 2 -Xlinker -dependency_info -Xlinker /Users/jonasfeischl/Library/Developer/Xcode/DerivedData/Build/Intermediates.noindex/Schrankenradar\ OSH.build/Debug-iphonesimulator/Schrankenradar\ OSH.build/Objects-normal/x86_64/Schrankenradar\ OSH_dependency_info.dat -Xlinker -sectcreate -Xlinker __TEXT -Xlinker __entitlements -Xlinker /Users/jonasfeischl/Library/Developer/Xcode/DerivedData/Build/Intermediates.noindex/Schrankenradar\ OSH.build/Debug-iphonesimulator/Schrankenradar\ OSH.build/Schrankenradar\ OSH.app-Simulated.xcent -Xlinker -sectcreate -Xlinker __TEXT -Xlinker __ents_der -Xlinker /Users/jonasfeischl/Library/Developer/Xcode/DerivedData/Build/Intermediates.noindex/Schrankenradar\ OSH.build/Debug-iphonesimulator/Schrankenradar\ OSH.build/Schrankenradar\ OSH.app-Simulated.xcent.der -Xlinker -no_adhoc_codesign -o /Users/jonasfeischl/Library/Developer/Xcode/DerivedData/Build/Intermediates.noindex/Schrankenradar\ OSH.build/Debug-iphonesimulator/Schrankenradar\ OSH.build/Objects-normal/x86_64/Binary/__preview.dylib

CpResource /Users/jonasfeischl/Library/Developer/Xcode/DerivedData/Build/Products/Debug-iphonesimulator/Schrankenradar\ OSH.app/voice_vocab_thorsten.json /Users/jonasfeischl/Library/Mobile\ Documents/com~apple~CloudDocs/XCode/Schrankenradar\ OSH/Schrankenradar\ OSH/voice_vocab_thorsten.json (in target 'Schrankenradar OSH' from project 'Schrankenradar OSH')
    cd /Users/jonasfeischl/Library/Mobile\ Documents/com\~apple\~CloudDocs/XCode/Schrankenradar\ OSH
    builtin-copy -exclude .DS_Store -exclude CVS -exclude .svn -exclude .git -exclude .hg -resolve-src-symlinks /Users/jonasfeischl/Library/Mobile\ Documents/com\~apple\~CloudDocs/XCode/Schrankenradar\ OSH/Schrankenradar\ OSH/voice_vocab_thorsten.json /Users/jonasfeischl/Library/Developer/Xcode/DerivedData/Build/Products/Debug-iphonesimulator/Schrankenradar\ OSH.app

Ld /Users/jonasfeischl/Library/Developer/Xcode/DerivedData/Build/Intermediates.noindex/Schrankenradar\ OSH.build/Debug-iphonesimulator/Schrankenradar\ OSH.build/Objects-normal/arm64/Binary/__preview.dylib normal arm64 (in target 'Schrankenradar OSH' from project 'Schrankenradar OSH')
    cd /Users/jonasfeischl/Library/Mobile\ Documents/com\~apple\~CloudDocs/XCode/Schrankenradar\ OSH
    /Applications/Xcode.app/Contents/Developer/Toolchains/XcodeDefault.xctoolchain/usr/bin/clang -Xlinker -reproducible -target arm64-apple-ios26.5-simulator -dynamiclib -isysroot /Applications/Xcode.app/Contents/Developer/Platforms/iPhoneSimulator.platform/Developer/SDKs/iPhoneSimulator26.5.sdk -O0 -L/Users/jonasfeischl/Library/Developer/Xcode/DerivedData/Build/Products/Debug-iphonesimulator -F/Users/jonasfeischl/Library/Developer/Xcode/DerivedData/Build/Products/Debug-iphonesimulator/PackageFrameworks -F/Users/jonasfeischl/Library/Developer/Xcode/DerivedData/Build/Products/Debug-iphonesimulator -install_name @rpath/Schrankenradar\ OSH.debug.dylib -Xlinker -dead_strip -rdynamic -Xlinker -no_deduplicate -Xlinker -objc_abi_version -Xlinker 2 -Xlinker -dependency_info -Xlinker /Users/jonasfeischl/Library/Developer/Xcode/DerivedData/Build/Intermediates.noindex/Schrankenradar\ OSH.build/Debug-iphonesimulator/Schrankenradar\ OSH.build/Objects-normal/arm64/Schrankenradar\ OSH_dependency_info.dat -Xlinker -sectcreate -Xlinker __TEXT -Xlinker __entitlements -Xlinker /Users/jonasfeischl/Library/Developer/Xcode/DerivedData/Build/Intermediates.noindex/Schrankenradar\ OSH.build/Debug-iphonesimulator/Schrankenradar\ OSH.build/Schrankenradar\ OSH.app-Simulated.xcent -Xlinker -sectcreate -Xlinker __TEXT -Xlinker __ents_der -Xlinker /Users/jonasfeischl/Library/Developer/Xcode/DerivedData/Build/Intermediates.noindex/Schrankenradar\ OSH.build/Debug-iphonesimulator/Schrankenradar\ OSH.build/Schrankenradar\ OSH.app-Simulated.xcent.der -Xlinker -no_adhoc_codesign -o /Users/jonasfeischl/Library/Developer/Xcode/DerivedData/Build/Intermediates.noindex/Schrankenradar\ OSH.build/Debug-iphonesimulator/Schrankenradar\ OSH.build/Objects-normal/arm64/Binary/__preview.dylib

CpResource /Users/jonasfeischl/Library/Developer/Xcode/DerivedData/Build/Products/Debug-iphonesimulator/Schrankenradar\ OSH.app/thorsten_vits.onnx /Users/jonasfeischl/Library/Mobile\ Documents/com~apple~CloudDocs/XCode/Schrankenradar\ OSH/Schrankenradar\ OSH/thorsten_vits.onnx (in target 'Schrankenradar OSH' from project 'Schrankenradar OSH')
    cd /Users/jonasfeischl/Library/Mobile\ Documents/com\~apple\~CloudDocs/XCode/Schrankenradar\ OSH
    builtin-copy -exclude .DS_Store -exclude CVS -exclude .svn -exclude .git -exclude .hg -resolve-src-symlinks /Users/jonasfeischl/Library/Mobile\ Documents/com\~apple\~CloudDocs/XCode/Schrankenradar\ OSH/Schrankenradar\ OSH/thorsten_vits.onnx /Users/jonasfeischl/Library/Developer/Xcode/DerivedData/Build/Products/Debug-iphonesimulator/Schrankenradar\ OSH.app

Copy /Users/jonasfeischl/Library/Developer/Xcode/DerivedData/Build/Products/Debug-iphonesimulator/Schrankenradar\ OSH.app/Frameworks/onnxruntime.framework /Users/jonasfeischl/Library/Developer/Xcode/DerivedData/Schrankenradar_OSH-ebqzdoyknyoypddbebsxymqcuicf/SourcePackages/artifacts/onnxruntime-swift-package-manager/onnxruntime/onnxruntime.xcframework/ios-arm64_x86_64-simulator/onnxruntime.framework (in target 'Schrankenradar OSH' from project 'Schrankenradar OSH')
    cd /Users/jonasfeischl/Library/Mobile\ Documents/com\~apple\~CloudDocs/XCode/Schrankenradar\ OSH
    builtin-copy -exclude .DS_Store -exclude CVS -exclude .svn -exclude .git -exclude .hg -exclude Headers -exclude PrivateHeaders -exclude Modules -exclude \*.tbd -resolve-src-symlinks -remove-static-executable /Users/jonasfeischl/Library/Developer/Xcode/DerivedData/Schrankenradar_OSH-ebqzdoyknyoypddbebsxymqcuicf/SourcePackages/artifacts/onnxruntime-swift-package-manager/onnxruntime/onnxruntime.xcframework/ios-arm64_x86_64-simulator/onnxruntime.framework /Users/jonasfeischl/Library/Developer/Xcode/DerivedData/Build/Products/Debug-iphonesimulator/Schrankenradar\ OSH.app/Frameworks
note: Injecting stub binary into codeless framework (in target 'Schrankenradar OSH' from project 'Schrankenradar OSH')
    /Applications/Xcode.app/Contents/Developer/Toolchains/XcodeDefault.xctoolchain/usr/bin/clang -isysroot /Applications/Xcode.app/Contents/Developer/Platforms/iPhoneSimulator.platform/Developer/SDKs/iPhoneSimulator26.5.sdk -x c -c /dev/null -target arm64-apple-ios26.5-simulator -o /private/var/folders/lp/_75s0lqn5md4nzb05x6v_vlm0000gq/T/swbuild.tmp.M6fWBEGK/Data.noindex/arm64-apple.o
    /Applications/Xcode.app/Contents/Developer/Toolchains/XcodeDefault.xctoolchain/usr/bin/clang -isysroot /Applications/Xcode.app/Contents/Developer/Platforms/iPhoneSimulator.platform/Developer/SDKs/iPhoneSimulator26.5.sdk -dynamiclib -Xlinker -adhoc_codesign -target arm64-apple-ios26.5-simulator -o /private/var/folders/lp/_75s0lqn5md4nzb05x6v_vlm0000gq/T/swbuild.tmp.M6fWBEGK/Data.noindex/arm64-apple /private/var/folders/lp/_75s0lqn5md4nzb05x6v_vlm0000gq/T/swbuild.tmp.M6fWBEGK/Data.noindex/arm64-apple.o
    /Applications/Xcode.app/Contents/Developer/Toolchains/XcodeDefault.xctoolchain/usr/bin/clang -isysroot /Applications/Xcode.app/Contents/Developer/Platforms/iPhoneSimulator.platform/Developer/SDKs/iPhoneSimulator26.5.sdk -x c -c /dev/null -target x86_64-apple-ios26.5-simulator -o /private/var/folders/lp/_75s0lqn5md4nzb05x6v_vlm0000gq/T/swbuild.tmp.M6fWBEGK/Data.noindex/x86_64-apple.o
    /Applications/Xcode.app/Contents/Developer/Toolchains/XcodeDefault.xctoolchain/usr/bin/clang -isysroot /Applications/Xcode.app/Contents/Developer/Platforms/iPhoneSimulator.platform/Developer/SDKs/iPhoneSimulator26.5.sdk -dynamiclib -Xlinker -adhoc_codesign -target x86_64-apple-ios26.5-simulator -o /private/var/folders/lp/_75s0lqn5md4nzb05x6v_vlm0000gq/T/swbuild.tmp.M6fWBEGK/Data.noindex/x86_64-apple /private/var/folders/lp/_75s0lqn5md4nzb05x6v_vlm0000gq/T/swbuild.tmp.M6fWBEGK/Data.noindex/x86_64-apple.o
    /Applications/Xcode.app/Contents/Developer/Toolchains/XcodeDefault.xctoolchain/usr/bin/lipo -create -output '/Users/jonasfeischl/Library/Developer/Xcode/DerivedData/Build/Products/Debug-iphonesimulator/Schrankenradar OSH.app/Frameworks/onnxruntime.framework/onnxruntime' /private/var/folders/lp/_75s0lqn5md4nzb05x6v_vlm0000gq/T/swbuild.tmp.M6fWBEGK/Data.noindex/arm64-apple /private/var/folders/lp/_75s0lqn5md4nzb05x6v_vlm0000gq/T/swbuild.tmp.M6fWBEGK/Data.noindex/x86_64-apple

CreateUniversalBinary /Users/jonasfeischl/Library/Developer/Xcode/DerivedData/Build/Products/Debug-iphonesimulator/Schrankenradar\ OSH.app/__preview.dylib normal arm64\ x86_64 (in target 'Schrankenradar OSH' from project 'Schrankenradar OSH')
    cd /Users/jonasfeischl/Library/Mobile\ Documents/com\~apple\~CloudDocs/XCode/Schrankenradar\ OSH
    /Applications/Xcode.app/Contents/Developer/Toolchains/XcodeDefault.xctoolchain/usr/bin/lipo -create /Users/jonasfeischl/Library/Developer/Xcode/DerivedData/Build/Intermediates.noindex/Schrankenradar\ OSH.build/Debug-iphonesimulator/Schrankenradar\ OSH.build/Objects-normal/arm64/Binary/__preview.dylib /Users/jonasfeischl/Library/Developer/Xcode/DerivedData/Build/Intermediates.noindex/Schrankenradar\ OSH.build/Debug-iphonesimulator/Schrankenradar\ OSH.build/Objects-normal/x86_64/Binary/__preview.dylib -output /Users/jonasfeischl/Library/Developer/Xcode/DerivedData/Build/Products/Debug-iphonesimulator/Schrankenradar\ OSH.app/__preview.dylib

SwiftDriverJobDiscovery normal arm64 Compiling LocationMonitor.swift, MetricKitMonitor.swift, Models.swift, MVGService.swift (in target 'Schrankenradar OSH' from project 'Schrankenradar OSH')

CodeSign /Users/jonasfeischl/Library/Developer/Xcode/DerivedData/Build/Products/Debug-iphonesimulator/Schrankenradar\ OSH.app/Frameworks/onnxruntime.framework (in target 'Schrankenradar OSH' from project 'Schrankenradar OSH')
    cd /Users/jonasfeischl/Library/Mobile\ Documents/com\~apple\~CloudDocs/XCode/Schrankenradar\ OSH
    
    Signing Identity:     "Sign to Run Locally"
    
    /usr/bin/codesign --force --sign - --timestamp\=none --preserve-metadata\=identifier,entitlements,flags --generate-entitlement-der /Users/jonasfeischl/Library/Developer/Xcode/DerivedData/Build/Products/Debug-iphonesimulator/Schrankenradar\ OSH.app/Frameworks/onnxruntime.framework
/Users/jonasfeischl/Library/Developer/Xcode/DerivedData/Build/Products/Debug-iphonesimulator/Schrankenradar OSH.app/Frameworks/onnxruntime.framework: replacing existing signature

SwiftDriverJobDiscovery normal arm64 Compiling TravelTimesCard.swift, VoiceAnnouncer.swift, WaechterView.swift, GeneratedAssetSymbols.swift (in target 'Schrankenradar OSH' from project 'Schrankenradar OSH')

SwiftDriverJobDiscovery normal x86_64 Compiling DebugLogView.swift, DesignSystem.swift, DrivingDetector.swift, DrivingView.swift, FeatureIntroScreen.swift (in target 'Schrankenradar OSH' from project 'Schrankenradar OSH')

SwiftDriverJobDiscovery normal arm64 Compiling AnimatedGIFView.swift, APIComparisonView.swift, APIComparisonViewModel.swift, ContentView.swift, CrossingActivityAttributes.swift (in target 'Schrankenradar OSH' from project 'Schrankenradar OSH')

SwiftDriverJobDiscovery normal arm64 Compiling CrossingLocation.swift, CrossingRecorder.swift, CrossingViewModel.swift, DailyPatternView.swift, DebugLog.swift (in target 'Schrankenradar OSH' from project 'Schrankenradar OSH')

SwiftDriverJobDiscovery normal arm64 Compiling RouteViewModel.swift, SchrankenModeView.swift, Schrankenradar_OSHApp.swift, SettingsView.swift (in target 'Schrankenradar OSH' from project 'Schrankenradar OSH')

SwiftDriver\ Compilation Schrankenradar\ OSH normal arm64 com.apple.xcode.tools.swift.compiler (in target 'Schrankenradar OSH' from project 'Schrankenradar OSH')
    cd /Users/jonasfeischl/Library/Mobile\ Documents/com\~apple\~CloudDocs/XCode/Schrankenradar\ OSH
    builtin-Swift-Compilation -- /Applications/Xcode.app/Contents/Developer/Toolchains/XcodeDefault.xctoolchain/usr/bin/swiftc -module-name Schrankenradar_OSH -Onone @/Users/jonasfeischl/Library/Developer/Xcode/DerivedData/Build/Intermediates.noindex/Schrankenradar\ OSH.build/Debug-iphonesimulator/Schrankenradar\ OSH.build/Objects-normal/arm64/Schrankenradar\ OSH.SwiftFileList -DDEBUG -Xcc -fmodule-map-file\=/Users/jonasfeischl/Library/Developer/Xcode/DerivedData/Build/Intermediates.noindex/GeneratedModuleMaps-iphonesimulator/OnnxRuntimeBindings.modulemap -default-isolation\=MainActor -enable-bare-slash-regex -enable-upcoming-feature DisableOutwardActorInference -enable-upcoming-feature InferSendableFromCaptures -enable-upcoming-feature GlobalActorIsolatedTypesUsability -enable-upcoming-feature MemberImportVisibility -enable-upcoming-feature InferIsolatedConformances -enable-upcoming-feature NonisolatedNonsendingByDefault -enable-experimental-feature DebugDescriptionMacro -sdk /Applications/Xcode.app/Contents/Developer/Platforms/iPhoneSimulator.platform/Developer/SDKs/iPhoneSimulator26.5.sdk -target arm64-apple-ios26.5-simulator -g -module-cache-path /Users/jonasfeischl/Library/Developer/Xcode/DerivedData/ModuleCache.noindex -Xfrontend -serialize-debugging-options -enable-testing -index-store-path /Users/jonasfeischl/Library/Developer/Xcode/DerivedData/Schrankenradar_OSH-ebqzdoyknyoypddbebsxymqcuicf/Index.noindex/DataStore -Xcc -D_LIBCPP_HARDENING_MODE\=_LIBCPP_HARDENING_MODE_DEBUG -swift-version 5 -I /Users/jonasfeischl/Library/Developer/Xcode/DerivedData/Build/Products/Debug-iphonesimulator -F /Users/jonasfeischl/Library/Developer/Xcode/DerivedData/Build/Products/Debug-iphonesimulator/PackageFrameworks -F /Users/jonasfeischl/Library/Developer/Xcode/DerivedData/Build/Products/Debug-iphonesimulator -emit-localized-strings -emit-localized-strings-path /Users/jonasfeischl/Library/Developer/Xcode/DerivedData/Build/Intermediates.noindex/Schrankenradar\ OSH.build/Debug-iphonesimulator/Schrankenradar\ OSH.build/Objects-normal/arm64 -c -j10 -enable-batch-mode -incremental -Xcc -ivfsstatcache -Xcc /Users/jonasfeischl/Library/Developer/Xcode/DerivedData/SDKStatCaches.noindex/iphonesimulator26.5-23F81a-6cfe768891a92b912361537c460fe42b.sdkstatcache -output-file-map /Users/jonasfeischl/Library/Developer/Xcode/DerivedData/Build/Intermediates.noindex/Schrankenradar\ OSH.build/Debug-iphonesimulator/Schrankenradar\ OSH.build/Objects-normal/arm64/Schrankenradar\ OSH-OutputFileMap.json -use-frontend-parseable-output -save-temps -no-color-diagnostics -explicit-module-build -module-cache-path /Users/jonasfeischl/Library/Developer/Xcode/DerivedData/Build/Intermediates.noindex/SwiftExplicitPrecompiledModules -clang-scanner-module-cache-path /Users/jonasfeischl/Library/Developer/Xcode/DerivedData/ModuleCache.noindex -sdk-module-cache-path /Users/jonasfeischl/Library/Developer/Xcode/DerivedData/ModuleCache.noindex -serialize-diagnostics -emit-dependencies -emit-module -emit-module-path /Users/jonasfeischl/Library/Developer/Xcode/DerivedData/Build/Intermediates.noindex/Schrankenradar\ OSH.build/Debug-iphonesimulator/Schrankenradar\ OSH.build/Objects-normal/arm64/Schrankenradar_OSH.swiftmodule -validate-clang-modules-once -clang-build-session-file /Users/jonasfeischl/Library/Developer/Xcode/DerivedData/ModuleCache.noindex/Session.modulevalidation -Xcc -I/Users/jonasfeischl/Library/Developer/Xcode/DerivedData/Build/Intermediates.noindex/Schrankenradar\ OSH.build/Debug-iphonesimulator/Schrankenradar\ OSH.build/swift-overrides.hmap -emit-const-values -Xfrontend -const-gather-protocols-file -Xfrontend /Users/jonasfeischl/Library/Developer/Xcode/DerivedData/Build/Intermediates.noindex/Schrankenradar\ OSH.build/Debug-iphonesimulator/Schrankenradar\ OSH.build/Objects-normal/arm64/Schrankenradar\ OSH_const_extract_protocols.json -Xcc -iquote -Xcc /Users/jonasfeischl/Library/Developer/Xcode/DerivedData/Build/Intermediates.noindex/Schrankenradar\ OSH.build/Debug-iphonesimulator/Schrankenradar\ OSH.build/Schrankenradar\ OSH-generated-files.hmap -Xcc -I/Users/jonasfeischl/Library/Developer/Xcode/DerivedData/Build/Intermediates.noindex/Schrankenradar\ OSH.build/Debug-iphonesimulator/Schrankenradar\ OSH.build/Schrankenradar\ OSH-own-target-headers.hmap -Xcc -I/Users/jonasfeischl/Library/Developer/Xcode/DerivedData/Build/Intermediates.noindex/Schrankenradar\ OSH.build/Debug-iphonesimulator/Schrankenradar\ OSH.build/Schrankenradar\ OSH-all-non-framework-target-headers.hmap -Xcc -ivfsoverlay -Xcc /Users/jonasfeischl/Library/Developer/Xcode/DerivedData/Build/Intermediates.noindex/Schrankenradar\ OSH.build/Debug-iphonesimulator/Schrankenradar\ OSH-2545c2b47f28d8a0bb173c7876f42a30-VFS-iphonesimulator/all-product-headers.yaml -Xcc -iquote -Xcc /Users/jonasfeischl/Library/Developer/Xcode/DerivedData/Build/Intermediates.noindex/Schrankenradar\ OSH.build/Debug-iphonesimulator/Schrankenradar\ OSH.build/Schrankenradar\ OSH-project-headers.hmap -Xcc -I/Users/jonasfeischl/Library/Developer/Xcode/DerivedData/Schrankenradar_OSH-ebqzdoyknyoypddbebsxymqcuicf/SourcePackages/checkouts/onnxruntime-swift-package-manager/objectivec/include -Xcc -I/Users/jonasfeischl/Library/Developer/Xcode/DerivedData/Build/Products/Debug-iphonesimulator/include -Xcc -I/Users/jonasfeischl/Library/Developer/Xcode/DerivedData/Build/Intermediates.noindex/Schrankenradar\ OSH.build/Debug-iphonesimulator/Schrankenradar\ OSH.build/DerivedSources-normal/arm64 -Xcc -I/Users/jonasfeischl/Library/Developer/Xcode/DerivedData/Build/Intermediates.noindex/Schrankenradar\ OSH.build/Debug-iphonesimulator/Schrankenradar\ OSH.build/DerivedSources/arm64 -Xcc -I/Users/jonasfeischl/Library/Developer/Xcode/DerivedData/Build/Intermediates.noindex/Schrankenradar\ OSH.build/Debug-iphonesimulator/Schrankenradar\ OSH.build/DerivedSources -Xcc -DDEBUG\=1 -emit-objc-header -emit-objc-header-path /Users/jonasfeischl/Library/Developer/Xcode/DerivedData/Build/Intermediates.noindex/Schrankenradar\ OSH.build/Debug-iphonesimulator/Schrankenradar\ OSH.build/Objects-normal/arm64/Schrankenradar_OSH-Swift.h -working-directory /Users/jonasfeischl/Library/Mobile\ Documents/com\~apple\~CloudDocs/XCode/Schrankenradar\ OSH -experimental-emit-module-separately -disable-cmo

Ld /Users/jonasfeischl/Library/Developer/Xcode/DerivedData/Build/Intermediates.noindex/Schrankenradar\ OSH.build/Debug-iphonesimulator/Schrankenradar\ OSH.build/Objects-normal/arm64/Binary/Schrankenradar\ OSH.debug.dylib normal arm64 (in target 'Schrankenradar OSH' from project 'Schrankenradar OSH')
    cd /Users/jonasfeischl/Library/Mobile\ Documents/com\~apple\~CloudDocs/XCode/Schrankenradar\ OSH
    /Applications/Xcode.app/Contents/Developer/Toolchains/XcodeDefault.xctoolchain/usr/bin/clang -Xlinker -reproducible -target arm64-apple-ios26.5-simulator -dynamiclib -isysroot /Applications/Xcode.app/Contents/Developer/Platforms/iPhoneSimulator.platform/Developer/SDKs/iPhoneSimulator26.5.sdk -O0 -L/Users/jonasfeischl/Library/Developer/Xcode/DerivedData/Build/Intermediates.noindex/EagerLinkingTBDs/Debug-iphonesimulator -L/Users/jonasfeischl/Library/Developer/Xcode/DerivedData/Build/Products/Debug-iphonesimulator -F/Users/jonasfeischl/Library/Developer/Xcode/DerivedData/Build/Intermediates.noindex/EagerLinkingTBDs/Debug-iphonesimulator -F/Users/jonasfeischl/Library/Developer/Xcode/DerivedData/Build/Products/Debug-iphonesimulator/PackageFrameworks -F/Users/jonasfeischl/Library/Developer/Xcode/DerivedData/Build/Products/Debug-iphonesimulator -filelist /Users/jonasfeischl/Library/Developer/Xcode/DerivedData/Build/Intermediates.noindex/Schrankenradar\ OSH.build/Debug-iphonesimulator/Schrankenradar\ OSH.build/Objects-normal/arm64/Schrankenradar\ OSH.LinkFileList -install_name @rpath/Schrankenradar\ OSH.debug.dylib -Xlinker -rpath -Xlinker /Users/jonasfeischl/Library/Developer/Xcode/DerivedData/Build/Products/Debug-iphonesimulator/PackageFrameworks -Xlinker -rpath -Xlinker @executable_path/Frameworks -Xlinker -dead_strip -Xlinker -object_path_lto -Xlinker /Users/jonasfeischl/Library/Developer/Xcode/DerivedData/Build/Intermediates.noindex/Schrankenradar\ OSH.build/Debug-iphonesimulator/Schrankenradar\ OSH.build/Objects-normal/arm64/Schrankenradar\ OSH_lto.o -rdynamic -Xlinker -no_deduplicate -Xlinker -objc_abi_version -Xlinker 2 -Xlinker -dependency_info -Xlinker /Users/jonasfeischl/Library/Developer/Xcode/DerivedData/Build/Intermediates.noindex/Schrankenradar\ OSH.build/Debug-iphonesimulator/Schrankenradar\ OSH.build/Objects-normal/arm64/Schrankenradar\ OSH_dependency_info.dat -fobjc-link-runtime -L/Applications/Xcode.app/Contents/Developer/Toolchains/XcodeDefault.xctoolchain/usr/lib/swift/iphonesimulator -L/usr/lib/swift -Xlinker -add_ast_path -Xlinker /Users/jonasfeischl/Library/Developer/Xcode/DerivedData/Build/Intermediates.noindex/Schrankenradar\ OSH.build/Debug-iphonesimulator/Schrankenradar\ OSH.build/Objects-normal/arm64/Schrankenradar_OSH.swiftmodule @/Users/jonasfeischl/Library/Developer/Xcode/DerivedData/Build/Intermediates.noindex/Schrankenradar\ OSH.build/Debug-iphonesimulator/Schrankenradar\ OSH.build/Objects-normal/arm64/Schrankenradar_OSH-linker-args.resp -lc++ -Wl,-no_warn_duplicate_libraries -Xlinker -alias -Xlinker _main -Xlinker ___debug_main_executable_dylib_entry_point -framework onnxruntime -Xlinker -no_adhoc_codesign -o /Users/jonasfeischl/Library/Developer/Xcode/DerivedData/Build/Intermediates.noindex/Schrankenradar\ OSH.build/Debug-iphonesimulator/Schrankenradar\ OSH.build/Objects-normal/arm64/Binary/Schrankenradar\ OSH.debug.dylib

SwiftDriverJobDiscovery normal x86_64 Compiling FeedbackLearner.swift, GeopsRealtimeService.swift, JSONBinService.swift, LaunchScreenView.swift (in target 'Schrankenradar OSH' from project 'Schrankenradar OSH')

SwiftDriver\ Compilation Schrankenradar\ OSH normal x86_64 com.apple.xcode.tools.swift.compiler (in target 'Schrankenradar OSH' from project 'Schrankenradar OSH')
    cd /Users/jonasfeischl/Library/Mobile\ Documents/com\~apple\~CloudDocs/XCode/Schrankenradar\ OSH
    builtin-Swift-Compilation -- /Applications/Xcode.app/Contents/Developer/Toolchains/XcodeDefault.xctoolchain/usr/bin/swiftc -module-name Schrankenradar_OSH -Onone @/Users/jonasfeischl/Library/Developer/Xcode/DerivedData/Build/Intermediates.noindex/Schrankenradar\ OSH.build/Debug-iphonesimulator/Schrankenradar\ OSH.build/Objects-normal/x86_64/Schrankenradar\ OSH.SwiftFileList -DDEBUG -Xcc -fmodule-map-file\=/Users/jonasfeischl/Library/Developer/Xcode/DerivedData/Build/Intermediates.noindex/GeneratedModuleMaps-iphonesimulator/OnnxRuntimeBindings.modulemap -default-isolation\=MainActor -enable-bare-slash-regex -enable-upcoming-feature DisableOutwardActorInference -enable-upcoming-feature InferSendableFromCaptures -enable-upcoming-feature GlobalActorIsolatedTypesUsability -enable-upcoming-feature MemberImportVisibility -enable-upcoming-feature InferIsolatedConformances -enable-upcoming-feature NonisolatedNonsendingByDefault -enable-experimental-feature DebugDescriptionMacro -sdk /Applications/Xcode.app/Contents/Developer/Platforms/iPhoneSimulator.platform/Developer/SDKs/iPhoneSimulator26.5.sdk -target x86_64-apple-ios26.5-simulator -g -module-cache-path /Users/jonasfeischl/Library/Developer/Xcode/DerivedData/ModuleCache.noindex -Xfrontend -serialize-debugging-options -enable-testing -index-store-path /Users/jonasfeischl/Library/Developer/Xcode/DerivedData/Schrankenradar_OSH-ebqzdoyknyoypddbebsxymqcuicf/Index.noindex/DataStore -Xcc -D_LIBCPP_HARDENING_MODE\=_LIBCPP_HARDENING_MODE_DEBUG -swift-version 5 -I /Users/jonasfeischl/Library/Developer/Xcode/DerivedData/Build/Products/Debug-iphonesimulator -F /Users/jonasfeischl/Library/Developer/Xcode/DerivedData/Build/Products/Debug-iphonesimulator/PackageFrameworks -F /Users/jonasfeischl/Library/Developer/Xcode/DerivedData/Build/Products/Debug-iphonesimulator -emit-localized-strings -emit-localized-strings-path /Users/jonasfeischl/Library/Developer/Xcode/DerivedData/Build/Intermediates.noindex/Schrankenradar\ OSH.build/Debug-iphonesimulator/Schrankenradar\ OSH.build/Objects-normal/x86_64 -c -j10 -enable-batch-mode -incremental -Xcc -ivfsstatcache -Xcc /Users/jonasfeischl/Library/Developer/Xcode/DerivedData/SDKStatCaches.noindex/iphonesimulator26.5-23F81a-6cfe768891a92b912361537c460fe42b.sdkstatcache -output-file-map /Users/jonasfeischl/Library/Developer/Xcode/DerivedData/Build/Intermediates.noindex/Schrankenradar\ OSH.build/Debug-iphonesimulator/Schrankenradar\ OSH.build/Objects-normal/x86_64/Schrankenradar\ OSH-OutputFileMap.json -use-frontend-parseable-output -save-temps -no-color-diagnostics -explicit-module-build -module-cache-path /Users/jonasfeischl/Library/Developer/Xcode/DerivedData/Build/Intermediates.noindex/SwiftExplicitPrecompiledModules -clang-scanner-module-cache-path /Users/jonasfeischl/Library/Developer/Xcode/DerivedData/ModuleCache.noindex -sdk-module-cache-path /Users/jonasfeischl/Library/Developer/Xcode/DerivedData/ModuleCache.noindex -serialize-diagnostics -emit-dependencies -emit-module -emit-module-path /Users/jonasfeischl/Library/Developer/Xcode/DerivedData/Build/Intermediates.noindex/Schrankenradar\ OSH.build/Debug-iphonesimulator/Schrankenradar\ OSH.build/Objects-normal/x86_64/Schrankenradar_OSH.swiftmodule -validate-clang-modules-once -clang-build-session-file /Users/jonasfeischl/Library/Developer/Xcode/DerivedData/ModuleCache.noindex/Session.modulevalidation -Xcc -I/Users/jonasfeischl/Library/Developer/Xcode/DerivedData/Build/Intermediates.noindex/Schrankenradar\ OSH.build/Debug-iphonesimulator/Schrankenradar\ OSH.build/swift-overrides.hmap -emit-const-values -Xfrontend -const-gather-protocols-file -Xfrontend /Users/jonasfeischl/Library/Developer/Xcode/DerivedData/Build/Intermediates.noindex/Schrankenradar\ OSH.build/Debug-iphonesimulator/Schrankenradar\ OSH.build/Objects-normal/x86_64/Schrankenradar\ OSH_const_extract_protocols.json -Xcc -iquote -Xcc /Users/jonasfeischl/Library/Developer/Xcode/DerivedData/Build/Intermediates.noindex/Schrankenradar\ OSH.build/Debug-iphonesimulator/Schrankenradar\ OSH.build/Schrankenradar\ OSH-generated-files.hmap -Xcc -I/Users/jonasfeischl/Library/Developer/Xcode/DerivedData/Build/Intermediates.noindex/Schrankenradar\ OSH.build/Debug-iphonesimulator/Schrankenradar\ OSH.build/Schrankenradar\ OSH-own-target-headers.hmap -Xcc -I/Users/jonasfeischl/Library/Developer/Xcode/DerivedData/Build/Intermediates.noindex/Schrankenradar\ OSH.build/Debug-iphonesimulator/Schrankenradar\ OSH.build/Schrankenradar\ OSH-all-non-framework-target-headers.hmap -Xcc -ivfsoverlay -Xcc /Users/jonasfeischl/Library/Developer/Xcode/DerivedData/Build/Intermediates.noindex/Schrankenradar\ OSH.build/Debug-iphonesimulator/Schrankenradar\ OSH-2545c2b47f28d8a0bb173c7876f42a30-VFS-iphonesimulator/all-product-headers.yaml -Xcc -iquote -Xcc /Users/jonasfeischl/Library/Developer/Xcode/DerivedData/Build/Intermediates.noindex/Schrankenradar\ OSH.build/Debug-iphonesimulator/Schrankenradar\ OSH.build/Schrankenradar\ OSH-project-headers.hmap -Xcc -I/Users/jonasfeischl/Library/Developer/Xcode/DerivedData/Schrankenradar_OSH-ebqzdoyknyoypddbebsxymqcuicf/SourcePackages/checkouts/onnxruntime-swift-package-manager/objectivec/include -Xcc -I/Users/jonasfeischl/Library/Developer/Xcode/DerivedData/Build/Products/Debug-iphonesimulator/include -Xcc -I/Users/jonasfeischl/Library/Developer/Xcode/DerivedData/Build/Intermediates.noindex/Schrankenradar\ OSH.build/Debug-iphonesimulator/Schrankenradar\ OSH.build/DerivedSources-normal/x86_64 -Xcc -I/Users/jonasfeischl/Library/Developer/Xcode/DerivedData/Build/Intermediates.noindex/Schrankenradar\ OSH.build/Debug-iphonesimulator/Schrankenradar\ OSH.build/DerivedSources/x86_64 -Xcc -I/Users/jonasfeischl/Library/Developer/Xcode/DerivedData/Build/Intermediates.noindex/Schrankenradar\ OSH.build/Debug-iphonesimulator/Schrankenradar\ OSH.build/DerivedSources -Xcc -DDEBUG\=1 -emit-objc-header -emit-objc-header-path /Users/jonasfeischl/Library/Developer/Xcode/DerivedData/Build/Intermediates.noindex/Schrankenradar\ OSH.build/Debug-iphonesimulator/Schrankenradar\ OSH.build/Objects-normal/x86_64/Schrankenradar_OSH-Swift.h -working-directory /Users/jonasfeischl/Library/Mobile\ Documents/com\~apple\~CloudDocs/XCode/Schrankenradar\ OSH -experimental-emit-module-separately -disable-cmo

Ld /Users/jonasfeischl/Library/Developer/Xcode/DerivedData/Build/Intermediates.noindex/Schrankenradar\ OSH.build/Debug-iphonesimulator/Schrankenradar\ OSH.build/Objects-normal/x86_64/Binary/Schrankenradar\ OSH.debug.dylib normal x86_64 (in target 'Schrankenradar OSH' from project 'Schrankenradar OSH')
    cd /Users/jonasfeischl/Library/Mobile\ Documents/com\~apple\~CloudDocs/XCode/Schrankenradar\ OSH
    /Applications/Xcode.app/Contents/Developer/Toolchains/XcodeDefault.xctoolchain/usr/bin/clang -Xlinker -reproducible -target x86_64-apple-ios26.5-simulator -dynamiclib -isysroot /Applications/Xcode.app/Contents/Developer/Platforms/iPhoneSimulator.platform/Developer/SDKs/iPhoneSimulator26.5.sdk -O0 -L/Users/jonasfeischl/Library/Developer/Xcode/DerivedData/Build/Intermediates.noindex/EagerLinkingTBDs/Debug-iphonesimulator -L/Users/jonasfeischl/Library/Developer/Xcode/DerivedData/Build/Products/Debug-iphonesimulator -F/Users/jonasfeischl/Library/Developer/Xcode/DerivedData/Build/Intermediates.noindex/EagerLinkingTBDs/Debug-iphonesimulator -F/Users/jonasfeischl/Library/Developer/Xcode/DerivedData/Build/Products/Debug-iphonesimulator/PackageFrameworks -F/Users/jonasfeischl/Library/Developer/Xcode/DerivedData/Build/Products/Debug-iphonesimulator -filelist /Users/jonasfeischl/Library/Developer/Xcode/DerivedData/Build/Intermediates.noindex/Schrankenradar\ OSH.build/Debug-iphonesimulator/Schrankenradar\ OSH.build/Objects-normal/x86_64/Schrankenradar\ OSH.LinkFileList -install_name @rpath/Schrankenradar\ OSH.debug.dylib -Xlinker -rpath -Xlinker /Users/jonasfeischl/Library/Developer/Xcode/DerivedData/Build/Products/Debug-iphonesimulator/PackageFrameworks -Xlinker -rpath -Xlinker @executable_path/Frameworks -Xlinker -dead_strip -Xlinker -object_path_lto -Xlinker /Users/jonasfeischl/Library/Developer/Xcode/DerivedData/Build/Intermediates.noindex/Schrankenradar\ OSH.build/Debug-iphonesimulator/Schrankenradar\ OSH.build/Objects-normal/x86_64/Schrankenradar\ OSH_lto.o -rdynamic -Xlinker -no_deduplicate -Xlinker -objc_abi_version -Xlinker 2 -Xlinker -dependency_info -Xlinker /Users/jonasfeischl/Library/Developer/Xcode/DerivedData/Build/Intermediates.noindex/Schrankenradar\ OSH.build/Debug-iphonesimulator/Schrankenradar\ OSH.build/Objects-normal/x86_64/Schrankenradar\ OSH_dependency_info.dat -fobjc-link-runtime -L/Applications/Xcode.app/Contents/Developer/Toolchains/XcodeDefault.xctoolchain/usr/lib/swift/iphonesimulator -L/usr/lib/swift -Xlinker -add_ast_path -Xlinker /Users/jonasfeischl/Library/Developer/Xcode/DerivedData/Build/Intermediates.noindex/Schrankenradar\ OSH.build/Debug-iphonesimulator/Schrankenradar\ OSH.build/Objects-normal/x86_64/Schrankenradar_OSH.swiftmodule @/Users/jonasfeischl/Library/Developer/Xcode/DerivedData/Build/Intermediates.noindex/Schrankenradar\ OSH.build/Debug-iphonesimulator/Schrankenradar\ OSH.build/Objects-normal/x86_64/Schrankenradar_OSH-linker-args.resp -lc++ -Wl,-no_warn_duplicate_libraries -Xlinker -alias -Xlinker _main -Xlinker ___debug_main_executable_dylib_entry_point -framework onnxruntime -Xlinker -no_adhoc_codesign -o /Users/jonasfeischl/Library/Developer/Xcode/DerivedData/Build/Intermediates.noindex/Schrankenradar\ OSH.build/Debug-iphonesimulator/Schrankenradar\ OSH.build/Objects-normal/x86_64/Binary/Schrankenradar\ OSH.debug.dylib

ConstructStubExecutorLinkFileList /Users/jonasfeischl/Library/Developer/Xcode/DerivedData/Build/Intermediates.noindex/Schrankenradar\ OSH.build/Debug-iphonesimulator/Schrankenradar\ OSH.build/Schrankenradar\ OSH-ExecutorLinkFileList-normal-arm64.txt (in target 'Schrankenradar OSH' from project 'Schrankenradar OSH')
    cd /Users/jonasfeischl/Library/Mobile\ Documents/com\~apple\~CloudDocs/XCode/Schrankenradar\ OSH
    construct-stub-executor-link-file-list /Users/jonasfeischl/Library/Developer/Xcode/DerivedData/Build/Intermediates.noindex/Schrankenradar\ OSH.build/Debug-iphonesimulator/Schrankenradar\ OSH.build/Objects-normal/arm64/Binary/Schrankenradar\ OSH.debug.dylib /Applications/Xcode.app/Contents/Developer/Platforms/iPhoneSimulator.platform/Developer/usr/lib/libPreviewsJITStubExecutor_no_swift_entry_point.a /Applications/Xcode.app/Contents/Developer/Platforms/iPhoneSimulator.platform/Developer/usr/lib/libPreviewsJITStubExecutor.a --output /Users/jonasfeischl/Library/Developer/Xcode/DerivedData/Build/Intermediates.noindex/Schrankenradar\ OSH.build/Debug-iphonesimulator/Schrankenradar\ OSH.build/Schrankenradar\ OSH-ExecutorLinkFileList-normal-arm64.txt
note: Using stub executor library with Swift entry point. (in target 'Schrankenradar OSH' from project 'Schrankenradar OSH')

Ld /Users/jonasfeischl/Library/Developer/Xcode/DerivedData/Build/Intermediates.noindex/Schrankenradar\ OSH.build/Debug-iphonesimulator/Schrankenradar\ OSH.build/Objects-normal/arm64/Binary/Schrankenradar\ OSH normal arm64 (in target 'Schrankenradar OSH' from project 'Schrankenradar OSH')
    cd /Users/jonasfeischl/Library/Mobile\ Documents/com\~apple\~CloudDocs/XCode/Schrankenradar\ OSH
    /Applications/Xcode.app/Contents/Developer/Toolchains/XcodeDefault.xctoolchain/usr/bin/clang -Xlinker -reproducible -target arm64-apple-ios26.5-simulator -isysroot /Applications/Xcode.app/Contents/Developer/Platforms/iPhoneSimulator.platform/Developer/SDKs/iPhoneSimulator26.5.sdk -O0 -L/Users/jonasfeischl/Library/Developer/Xcode/DerivedData/Build/Products/Debug-iphonesimulator -F/Users/jonasfeischl/Library/Developer/Xcode/DerivedData/Build/Products/Debug-iphonesimulator/PackageFrameworks -F/Users/jonasfeischl/Library/Developer/Xcode/DerivedData/Build/Products/Debug-iphonesimulator -Xlinker -rpath -Xlinker @executable_path -Xlinker -rpath -Xlinker /Users/jonasfeischl/Library/Developer/Xcode/DerivedData/Build/Products/Debug-iphonesimulator/PackageFrameworks -Xlinker -rpath -Xlinker @executable_path/Frameworks -rdynamic -Xlinker -no_deduplicate -Xlinker -objc_abi_version -Xlinker 2 -e ___debug_blank_executor_main -Xlinker -sectcreate -Xlinker __TEXT -Xlinker __debug_dylib -Xlinker /Users/jonasfeischl/Library/Developer/Xcode/DerivedData/Build/Intermediates.noindex/Schrankenradar\ OSH.build/Debug-iphonesimulator/Schrankenradar\ OSH.build/Schrankenradar\ OSH-DebugDylibPath-normal-arm64.txt -Xlinker -sectcreate -Xlinker __TEXT -Xlinker __debug_instlnm -Xlinker /Users/jonasfeischl/Library/Developer/Xcode/DerivedData/Build/Intermediates.noindex/Schrankenradar\ OSH.build/Debug-iphonesimulator/Schrankenradar\ OSH.build/Schrankenradar\ OSH-DebugDylibInstallName-normal-arm64.txt -Xlinker -filelist -Xlinker /Users/jonasfeischl/Library/Developer/Xcode/DerivedData/Build/Intermediates.noindex/Schrankenradar\ OSH.build/Debug-iphonesimulator/Schrankenradar\ OSH.build/Schrankenradar\ OSH-ExecutorLinkFileList-normal-arm64.txt -Xlinker -sectcreate -Xlinker __TEXT -Xlinker __entitlements -Xlinker /Users/jonasfeischl/Library/Developer/Xcode/DerivedData/Build/Intermediates.noindex/Schrankenradar\ OSH.build/Debug-iphonesimulator/Schrankenradar\ OSH.build/Schrankenradar\ OSH.app-Simulated.xcent -Xlinker -sectcreate -Xlinker __TEXT -Xlinker __ents_der -Xlinker /Users/jonasfeischl/Library/Developer/Xcode/DerivedData/Build/Intermediates.noindex/Schrankenradar\ OSH.build/Debug-iphonesimulator/Schrankenradar\ OSH.build/Schrankenradar\ OSH.app-Simulated.xcent.der /Users/jonasfeischl/Library/Developer/Xcode/DerivedData/Build/Intermediates.noindex/Schrankenradar\ OSH.build/Debug-iphonesimulator/Schrankenradar\ OSH.build/Objects-normal/arm64/Binary/Schrankenradar\ OSH.debug.dylib -Xlinker -no_adhoc_codesign -o /Users/jonasfeischl/Library/Developer/Xcode/DerivedData/Build/Intermediates.noindex/Schrankenradar\ OSH.build/Debug-iphonesimulator/Schrankenradar\ OSH.build/Objects-normal/arm64/Binary/Schrankenradar\ OSH

CreateUniversalBinary /Users/jonasfeischl/Library/Developer/Xcode/DerivedData/Build/Products/Debug-iphonesimulator/Schrankenradar\ OSH.app/Schrankenradar\ OSH.debug.dylib normal arm64\ x86_64 (in target 'Schrankenradar OSH' from project 'Schrankenradar OSH')
    cd /Users/jonasfeischl/Library/Mobile\ Documents/com\~apple\~CloudDocs/XCode/Schrankenradar\ OSH
    /Applications/Xcode.app/Contents/Developer/Toolchains/XcodeDefault.xctoolchain/usr/bin/lipo -create /Users/jonasfeischl/Library/Developer/Xcode/DerivedData/Build/Intermediates.noindex/Schrankenradar\ OSH.build/Debug-iphonesimulator/Schrankenradar\ OSH.build/Objects-normal/arm64/Binary/Schrankenradar\ OSH.debug.dylib /Users/jonasfeischl/Library/Developer/Xcode/DerivedData/Build/Intermediates.noindex/Schrankenradar\ OSH.build/Debug-iphonesimulator/Schrankenradar\ OSH.build/Objects-normal/x86_64/Binary/Schrankenradar\ OSH.debug.dylib -output /Users/jonasfeischl/Library/Developer/Xcode/DerivedData/Build/Products/Debug-iphonesimulator/Schrankenradar\ OSH.app/Schrankenradar\ OSH.debug.dylib

ConstructStubExecutorLinkFileList /Users/jonasfeischl/Library/Developer/Xcode/DerivedData/Build/Intermediates.noindex/Schrankenradar\ OSH.build/Debug-iphonesimulator/Schrankenradar\ OSH.build/Schrankenradar\ OSH-ExecutorLinkFileList-normal-x86_64.txt (in target 'Schrankenradar OSH' from project 'Schrankenradar OSH')
    cd /Users/jonasfeischl/Library/Mobile\ Documents/com\~apple\~CloudDocs/XCode/Schrankenradar\ OSH
    construct-stub-executor-link-file-list /Users/jonasfeischl/Library/Developer/Xcode/DerivedData/Build/Intermediates.noindex/Schrankenradar\ OSH.build/Debug-iphonesimulator/Schrankenradar\ OSH.build/Objects-normal/x86_64/Binary/Schrankenradar\ OSH.debug.dylib /Applications/Xcode.app/Contents/Developer/Platforms/iPhoneSimulator.platform/Developer/usr/lib/libPreviewsJITStubExecutor_no_swift_entry_point.a /Applications/Xcode.app/Contents/Developer/Platforms/iPhoneSimulator.platform/Developer/usr/lib/libPreviewsJITStubExecutor.a --output /Users/jonasfeischl/Library/Developer/Xcode/DerivedData/Build/Intermediates.noindex/Schrankenradar\ OSH.build/Debug-iphonesimulator/Schrankenradar\ OSH.build/Schrankenradar\ OSH-ExecutorLinkFileList-normal-x86_64.txt
note: Using stub executor library with Swift entry point. (in target 'Schrankenradar OSH' from project 'Schrankenradar OSH')

Ld /Users/jonasfeischl/Library/Developer/Xcode/DerivedData/Build/Intermediates.noindex/Schrankenradar\ OSH.build/Debug-iphonesimulator/Schrankenradar\ OSH.build/Objects-normal/x86_64/Binary/Schrankenradar\ OSH normal x86_64 (in target 'Schrankenradar OSH' from project 'Schrankenradar OSH')
    cd /Users/jonasfeischl/Library/Mobile\ Documents/com\~apple\~CloudDocs/XCode/Schrankenradar\ OSH
    /Applications/Xcode.app/Contents/Developer/Toolchains/XcodeDefault.xctoolchain/usr/bin/clang -Xlinker -reproducible -target x86_64-apple-ios26.5-simulator -isysroot /Applications/Xcode.app/Contents/Developer/Platforms/iPhoneSimulator.platform/Developer/SDKs/iPhoneSimulator26.5.sdk -O0 -L/Users/jonasfeischl/Library/Developer/Xcode/DerivedData/Build/Products/Debug-iphonesimulator -F/Users/jonasfeischl/Library/Developer/Xcode/DerivedData/Build/Products/Debug-iphonesimulator/PackageFrameworks -F/Users/jonasfeischl/Library/Developer/Xcode/DerivedData/Build/Products/Debug-iphonesimulator -Xlinker -rpath -Xlinker @executable_path -Xlinker -rpath -Xlinker /Users/jonasfeischl/Library/Developer/Xcode/DerivedData/Build/Products/Debug-iphonesimulator/PackageFrameworks -Xlinker -rpath -Xlinker @executable_path/Frameworks -rdynamic -Xlinker -no_deduplicate -Xlinker -objc_abi_version -Xlinker 2 -e ___debug_blank_executor_main -Xlinker -sectcreate -Xlinker __TEXT -Xlinker __debug_dylib -Xlinker /Users/jonasfeischl/Library/Developer/Xcode/DerivedData/Build/Intermediates.noindex/Schrankenradar\ OSH.build/Debug-iphonesimulator/Schrankenradar\ OSH.build/Schrankenradar\ OSH-DebugDylibPath-normal-x86_64.txt -Xlinker -sectcreate -Xlinker __TEXT -Xlinker __debug_instlnm -Xlinker /Users/jonasfeischl/Library/Developer/Xcode/DerivedData/Build/Intermediates.noindex/Schrankenradar\ OSH.build/Debug-iphonesimulator/Schrankenradar\ OSH.build/Schrankenradar\ OSH-DebugDylibInstallName-normal-x86_64.txt -Xlinker -filelist -Xlinker /Users/jonasfeischl/Library/Developer/Xcode/DerivedData/Build/Intermediates.noindex/Schrankenradar\ OSH.build/Debug-iphonesimulator/Schrankenradar\ OSH.build/Schrankenradar\ OSH-ExecutorLinkFileList-normal-x86_64.txt -Xlinker -sectcreate -Xlinker __TEXT -Xlinker __entitlements -Xlinker /Users/jonasfeischl/Library/Developer/Xcode/DerivedData/Build/Intermediates.noindex/Schrankenradar\ OSH.build/Debug-iphonesimulator/Schrankenradar\ OSH.build/Schrankenradar\ OSH.app-Simulated.xcent -Xlinker -sectcreate -Xlinker __TEXT -Xlinker __ents_der -Xlinker /Users/jonasfeischl/Library/Developer/Xcode/DerivedData/Build/Intermediates.noindex/Schrankenradar\ OSH.build/Debug-iphonesimulator/Schrankenradar\ OSH.build/Schrankenradar\ OSH.app-Simulated.xcent.der /Users/jonasfeischl/Library/Developer/Xcode/DerivedData/Build/Intermediates.noindex/Schrankenradar\ OSH.build/Debug-iphonesimulator/Schrankenradar\ OSH.build/Objects-normal/x86_64/Binary/Schrankenradar\ OSH.debug.dylib -Xlinker -no_adhoc_codesign -o /Users/jonasfeischl/Library/Developer/Xcode/DerivedData/Build/Intermediates.noindex/Schrankenradar\ OSH.build/Debug-iphonesimulator/Schrankenradar\ OSH.build/Objects-normal/x86_64/Binary/Schrankenradar\ OSH

CreateUniversalBinary /Users/jonasfeischl/Library/Developer/Xcode/DerivedData/Build/Products/Debug-iphonesimulator/Schrankenradar\ OSH.app/Schrankenradar\ OSH normal arm64\ x86_64 (in target 'Schrankenradar OSH' from project 'Schrankenradar OSH')
    cd /Users/jonasfeischl/Library/Mobile\ Documents/com\~apple\~CloudDocs/XCode/Schrankenradar\ OSH
    /Applications/Xcode.app/Contents/Developer/Toolchains/XcodeDefault.xctoolchain/usr/bin/lipo -create /Users/jonasfeischl/Library/Developer/Xcode/DerivedData/Build/Intermediates.noindex/Schrankenradar\ OSH.build/Debug-iphonesimulator/Schrankenradar\ OSH.build/Objects-normal/arm64/Binary/Schrankenradar\ OSH /Users/jonasfeischl/Library/Developer/Xcode/DerivedData/Build/Intermediates.noindex/Schrankenradar\ OSH.build/Debug-iphonesimulator/Schrankenradar\ OSH.build/Objects-normal/x86_64/Binary/Schrankenradar\ OSH -output /Users/jonasfeischl/Library/Developer/Xcode/DerivedData/Build/Products/Debug-iphonesimulator/Schrankenradar\ OSH.app/Schrankenradar\ OSH

Copy /Users/jonasfeischl/Library/Developer/Xcode/DerivedData/Build/Products/Debug-iphonesimulator/Schrankenradar\ OSH.app/PlugIns/SchrankenradarWidgetExtension.appex /Users/jonasfeischl/Library/Developer/Xcode/DerivedData/Build/Products/Debug-iphonesimulator/SchrankenradarWidgetExtension.appex (in target 'Schrankenradar OSH' from project 'Schrankenradar OSH')
    cd /Users/jonasfeischl/Library/Mobile\ Documents/com\~apple\~CloudDocs/XCode/Schrankenradar\ OSH
    builtin-copy -exclude .DS_Store -exclude CVS -exclude .svn -exclude .git -exclude .hg -exclude Headers -exclude PrivateHeaders -exclude Modules -exclude \*.tbd -resolve-src-symlinks -remove-static-executable /Users/jonasfeischl/Library/Developer/Xcode/DerivedData/Build/Products/Debug-iphonesimulator/SchrankenradarWidgetExtension.appex /Users/jonasfeischl/Library/Developer/Xcode/DerivedData/Build/Products/Debug-iphonesimulator/Schrankenradar\ OSH.app/PlugIns

ProcessInfoPlistFile /Users/jonasfeischl/Library/Developer/Xcode/DerivedData/Build/Products/Debug-iphonesimulator/Schrankenradar\ OSH.app/Info.plist /Users/jonasfeischl/Library/Mobile\ Documents/com~apple~CloudDocs/XCode/Schrankenradar\ OSH/Schrankenradar-OSH-Info.plist (in target 'Schrankenradar OSH' from project 'Schrankenradar OSH')
    cd /Users/jonasfeischl/Library/Mobile\ Documents/com\~apple\~CloudDocs/XCode/Schrankenradar\ OSH
    builtin-infoPlistUtility /Users/jonasfeischl/Library/Mobile\ Documents/com\~apple\~CloudDocs/XCode/Schrankenradar\ OSH/Schrankenradar-OSH-Info.plist -producttype com.apple.product-type.application -genpkginfo /Users/jonasfeischl/Library/Developer/Xcode/DerivedData/Build/Products/Debug-iphonesimulator/Schrankenradar\ OSH.app/PkgInfo -expandbuildsettings -format binary -platform iphonesimulator -additionalcontentfile /Users/jonasfeischl/Library/Developer/Xcode/DerivedData/Build/Intermediates.noindex/Schrankenradar\ OSH.build/Debug-iphonesimulator/Schrankenradar\ OSH.build/assetcatalog_generated_info.plist -scanforprivacyfile /Users/jonasfeischl/Library/Developer/Xcode/DerivedData/Build/Products/Debug-iphonesimulator/Schrankenradar\ OSH.app/Frameworks/onnxruntime.framework -scanforprivacyfile /Users/jonasfeischl/Library/Developer/Xcode/DerivedData/Build/Products/Debug-iphonesimulator/Schrankenradar\ OSH.app/PlugIns/SchrankenradarWidgetExtension.appex -o /Users/jonasfeischl/Library/Developer/Xcode/DerivedData/Build/Products/Debug-iphonesimulator/Schrankenradar\ OSH.app/Info.plist

CopySwiftLibs /Users/jonasfeischl/Library/Developer/Xcode/DerivedData/Build/Products/Debug-iphonesimulator/Schrankenradar\ OSH.app (in target 'Schrankenradar OSH' from project 'Schrankenradar OSH')
    cd /Users/jonasfeischl/Library/Mobile\ Documents/com\~apple\~CloudDocs/XCode/Schrankenradar\ OSH
    builtin-swiftStdLibTool --copy --verbose --sign - --scan-executable /Users/jonasfeischl/Library/Developer/Xcode/DerivedData/Build/Products/Debug-iphonesimulator/Schrankenradar\ OSH.app/Schrankenradar\ OSH.debug.dylib --scan-folder /Users/jonasfeischl/Library/Developer/Xcode/DerivedData/Build/Products/Debug-iphonesimulator/Schrankenradar\ OSH.app/Frameworks --scan-folder /Users/jonasfeischl/Library/Developer/Xcode/DerivedData/Build/Products/Debug-iphonesimulator/Schrankenradar\ OSH.app/PlugIns --scan-folder /Users/jonasfeischl/Library/Developer/Xcode/DerivedData/Build/Products/Debug-iphonesimulator/Schrankenradar\ OSH.app/SystemExtensions --scan-folder /Users/jonasfeischl/Library/Developer/Xcode/DerivedData/Build/Products/Debug-iphonesimulator/Schrankenradar\ OSH.app/Extensions --platform iphonesimulator --toolchain /Applications/Xcode.app/Contents/Developer/Toolchains/XcodeDefault.xctoolchain --destination /Users/jonasfeischl/Library/Developer/Xcode/DerivedData/Build/Products/Debug-iphonesimulator/Schrankenradar\ OSH.app/Frameworks --strip-bitcode --strip-bitcode-tool /Applications/Xcode.app/Contents/Developer/Toolchains/XcodeDefault.xctoolchain/usr/bin/bitcode_strip --emit-dependency-info /Users/jonasfeischl/Library/Developer/Xcode/DerivedData/Build/Intermediates.noindex/Schrankenradar\ OSH.build/Debug-iphonesimulator/Schrankenradar\ OSH.build/SwiftStdLibToolInputDependencies.dep --filter-for-swift-os

ExtractAppIntentsMetadata (in target 'Schrankenradar OSH' from project 'Schrankenradar OSH')
    cd /Users/jonasfeischl/Library/Mobile\ Documents/com\~apple\~CloudDocs/XCode/Schrankenradar\ OSH
    /Applications/Xcode.app/Contents/Developer/Toolchains/XcodeDefault.xctoolchain/usr/bin/appintentsmetadataprocessor --toolchain-dir /Applications/Xcode.app/Contents/Developer/Toolchains/XcodeDefault.xctoolchain --module-name Schrankenradar_OSH --sdk-root /Applications/Xcode.app/Contents/Developer/Platforms/iPhoneSimulator.platform/Developer/SDKs/iPhoneSimulator26.5.sdk --xcode-version 17F113 --platform-family iOS --deployment-target 26.5 --bundle-identifier com.Jonas.Schrankenradar-OSH --output /Users/jonasfeischl/Library/Developer/Xcode/DerivedData/Build/Products/Debug-iphonesimulator/Schrankenradar\ OSH.app --target-triple arm64-apple-ios26.5-simulator --target-triple x86_64-apple-ios26.5-simulator --binary-file /Users/jonasfeischl/Library/Developer/Xcode/DerivedData/Build/Products/Debug-iphonesimulator/Schrankenradar\ OSH.app/Schrankenradar\ OSH --dependency-file /Users/jonasfeischl/Library/Developer/Xcode/DerivedData/Build/Intermediates.noindex/Schrankenradar\ OSH.build/Debug-iphonesimulator/Schrankenradar\ OSH.build/Objects-normal/arm64/Schrankenradar\ OSH_dependency_info.dat --dependency-file /Users/jonasfeischl/Library/Developer/Xcode/DerivedData/Build/Intermediates.noindex/Schrankenradar\ OSH.build/Debug-iphonesimulator/Schrankenradar\ OSH.build/Objects-normal/x86_64/Schrankenradar\ OSH_dependency_info.dat --stringsdata-file /Users/jonasfeischl/Library/Developer/Xcode/DerivedData/Build/Intermediates.noindex/Schrankenradar\ OSH.build/Debug-iphonesimulator/Schrankenradar\ OSH.build/Objects-normal/arm64/ExtractedAppShortcutsMetadata.stringsdata --stringsdata-file /Users/jonasfeischl/Library/Developer/Xcode/DerivedData/Build/Intermediates.noindex/Schrankenradar\ OSH.build/Debug-iphonesimulator/Schrankenradar\ OSH.build/Objects-normal/x86_64/ExtractedAppShortcutsMetadata.stringsdata --source-file-list /Users/jonasfeischl/Library/Developer/Xcode/DerivedData/Build/Intermediates.noindex/Schrankenradar\ OSH.build/Debug-iphonesimulator/Schrankenradar\ OSH.build/Objects-normal/arm64/Schrankenradar\ OSH.SwiftFileList --source-file-list /Users/jonasfeischl/Library/Developer/Xcode/DerivedData/Build/Intermediates.noindex/Schrankenradar\ OSH.build/Debug-iphonesimulator/Schrankenradar\ OSH.build/Objects-normal/x86_64/Schrankenradar\ OSH.SwiftFileList --metadata-file-list /Users/jonasfeischl/Library/Developer/Xcode/DerivedData/Build/Intermediates.noindex/Schrankenradar\ OSH.build/Debug-iphonesimulator/Schrankenradar\ OSH.build/Schrankenradar\ OSH.DependencyMetadataFileList --static-metadata-file-list /Users/jonasfeischl/Library/Developer/Xcode/DerivedData/Build/Intermediates.noindex/Schrankenradar\ OSH.build/Debug-iphonesimulator/Schrankenradar\ OSH.build/Schrankenradar\ OSH.DependencyStaticMetadataFileList --swift-const-vals-list /Users/jonasfeischl/Library/Developer/Xcode/DerivedData/Build/Intermediates.noindex/Schrankenradar\ OSH.build/Debug-iphonesimulator/Schrankenradar\ OSH.build/Objects-normal/arm64/Schrankenradar\ OSH.SwiftConstValuesFileList --swift-const-vals-list /Users/jonasfeischl/Library/Developer/Xcode/DerivedData/Build/Intermediates.noindex/Schrankenradar\ OSH.build/Debug-iphonesimulator/Schrankenradar\ OSH.build/Objects-normal/x86_64/Schrankenradar\ OSH.SwiftConstValuesFileList --compile-time-extraction --deployment-aware-processing --validate-assistant-intents --no-app-shortcuts-localization
2026-09-21 17:25:18.656 appintentsmetadataprocessor[59562:22055489] Starting appintentsmetadataprocessor export
2026-09-21 17:25:18.690 appintentsmetadataprocessor[59562:22055489] Writing Metadata.appintents
2026-09-21 17:25:18.690 appintentsmetadataprocessor[59562:22055489] Metadata root: /Users/jonasfeischl/Library/Developer/Xcode/DerivedData/Build/Products/Debug-iphonesimulator/Schrankenradar OSH.app/Metadata.appintents

AppIntentsSSUTraining (in target 'Schrankenradar OSH' from project 'Schrankenradar OSH')
    cd /Users/jonasfeischl/Library/Mobile\ Documents/com\~apple\~CloudDocs/XCode/Schrankenradar\ OSH
    /Applications/Xcode.app/Contents/Developer/Toolchains/XcodeDefault.xctoolchain/usr/bin/appintentsnltrainingprocessor --infoplist-path /Users/jonasfeischl/Library/Developer/Xcode/DerivedData/Build/Products/Debug-iphonesimulator/Schrankenradar\ OSH.app/Info.plist --temp-dir-path /Users/jonasfeischl/Library/Developer/Xcode/DerivedData/Build/Intermediates.noindex/Schrankenradar\ OSH.build/Debug-iphonesimulator/Schrankenradar\ OSH.build/ssu --bundle-id com.Jonas.Schrankenradar-OSH --product-path /Users/jonasfeischl/Library/Developer/Xcode/DerivedData/Build/Products/Debug-iphonesimulator/Schrankenradar\ OSH.app --extracted-metadata-path /Users/jonasfeischl/Library/Developer/Xcode/DerivedData/Build/Products/Debug-iphonesimulator/Schrankenradar\ OSH.app/Metadata.appintents --metadata-file-list /Users/jonasfeischl/Library/Developer/Xcode/DerivedData/Build/Intermediates.noindex/Schrankenradar\ OSH.build/Debug-iphonesimulator/Schrankenradar\ OSH.build/Schrankenradar\ OSH.DependencyMetadataFileList --source-file /Users/jonasfeischl/Library/Developer/Xcode/DerivedData/Build/Products/Debug-iphonesimulator/Schrankenradar\ OSH.app/Info.plist --archive-ssu-assets
2026-09-21 17:25:18.709 appintentsnltrainingprocessor[59563:22055492] Parsing options for appintentsnltrainingprocessor
2026-09-21 17:25:18.709 appintentsnltrainingprocessor[59563:22055492] Starting AppIntents SSU YAML Generation
2026-09-21 17:25:18.718 appintentsnltrainingprocessor[59563:22055492] Training 'Status Oberschleißheimer Schranke in ${+applicationName}|Oberschleißheimer Schranke in ${+applicationName}|Ist die Oberschleißheimer Schranke offen in ${+applicationName}|Ist die Oberschleißheimer Schranke zu in ${+applicationName}' for en
2026-09-21 17:25:18.719 appintentsnltrainingprocessor[59563:22055492] Training 'Nächster Zug Oberschleißheim in ${+applicationName}|Wann schließt die Oberschleißheimer Schranke in ${+applicationName}' for en
2026-09-21 17:25:18.719 appintentsnltrainingprocessor[59563:22055492] Training 'Status erste Feldmochinger Schranke in ${+applicationName}|Erste Feldmochinger Schranke in ${+applicationName}|Ist die erste Feldmochinger Schranke offen in ${+applicationName}' for en
2026-09-21 17:25:18.719 appintentsnltrainingprocessor[59563:22055492] Training 'Nächster Zug erste Feldmochinger in ${+applicationName}|Wann schließt die erste Feldmochinger Schranke in ${+applicationName}' for en
2026-09-21 17:25:18.719 appintentsnltrainingprocessor[59563:22055492] Training 'Status zweite Feldmochinger Schranke in ${+applicationName}|Zweite Feldmochinger Schranke in ${+applicationName}|Ist die zweite Feldmochinger Schranke offen in ${+applicationName}' for en
2026-09-21 17:25:18.719 appintentsnltrainingprocessor[59563:22055492] Training 'Nächster Zug zweite Feldmochinger in ${+applicationName}|Wann schließt die zweite Feldmochinger Schranke in ${+applicationName}' for en
2026-09-21 17:25:18.719 appintentsnltrainingprocessor[59563:22055492] Training 'Status Fasanerier Schranke in ${+applicationName}|Fasanerier Schranke in ${+applicationName}|Ist die Fasanerier Schranke offen in ${+applicationName}' for en
2026-09-21 17:25:18.719 appintentsnltrainingprocessor[59563:22055492] Training 'Nächster Zug Fasanerie in ${+applicationName}|Wann schließt die Fasanerier Schranke in ${+applicationName}' for en
2026-09-21 17:25:18.719 appintentsnltrainingprocessor[59563:22055492] Training Negative Phrases '' for en
2026-09-21 17:25:18.719 appintentsnltrainingprocessor[59563:22055492] Application name 'Bahnradar' for en
2026-09-21 17:25:18.728 appintentsnltrainingprocessor[59563:22055492] Generated AppIntents SSU YAML files in file:///Users/jonasfeischl/Library/Developer/Xcode/DerivedData/Build/Intermediates.noindex/Schrankenradar                   0SH.build/Debug-iphonesimulator/Schrankenradar                   0SH.build/ssu/
2026-09-21 17:25:18.728 appintentsnltrainingprocessor[59563:22055492] Copied AppIntents SSU YAML files to file:///Users/jonasfeischl/Library/Developer/Xcode/DerivedData/Build/Products/Debug-iphonesimulator/Schrankenradar                   0SH.app/Metadata.appintents/
Archiving all locales.
[------------------------------------------------------------] 0% archiving en[🁢🁢🁢🁢🁢🁢🁢🁢🁢🁢🁢🁢🁢🁢🁢🁢🁢🁢🁢🁢🁢🁢🁢🁢🁢🁢🁢🁢🁢🁢🁢🁢🁢🁢🁢🁢🁢🁢🁢🁢🁢🁢🁢🁢🁢🁢🁢🁢🁢🁢🁢🁢🁢🁢🁢🁢🁢🁢🁢🁢] 100% archived en[🁢🁢🁢🁢🁢🁢🁢🁢🁢🁢🁢🁢🁢🁢🁢🁢🁢🁢🁢🁢🁢🁢🁢🁢🁢🁢🁢🁢🁢🁢🁢🁢🁢🁢🁢🁢🁢🁢🁢🁢🁢🁢🁢🁢🁢🁢🁢🁢🁢🁢🁢🁢🁢🁢🁢🁢🁢🁢🁢🁢] 100% archived 1 locales/Users/jonasfeischl/Library/Developer/Xcode/DerivedData/Build/Products/Debug-iphonesimulator/Schrankenradar OSH.app/Metadata.appintents/nlu
/Users/jonasfeischl/Library/Developer/Xcode/DerivedData/Build/Products/Debug-iphonesimulator/Schrankenradar OSH.app/Metadata.appintents/nlu/594e73d718f713476d0b70c32e285b75.version


CodeSign /Users/jonasfeischl/Library/Developer/Xcode/DerivedData/Build/Products/Debug-iphonesimulator/Schrankenradar\ OSH.app/Schrankenradar\ OSH.debug.dylib (in target 'Schrankenradar OSH' from project 'Schrankenradar OSH')
    cd /Users/jonasfeischl/Library/Mobile\ Documents/com\~apple\~CloudDocs/XCode/Schrankenradar\ OSH
    
    Signing Identity:     "Sign to Run Locally"
    
    /usr/bin/codesign --force --sign - --timestamp\=none --generate-entitlement-der /Users/jonasfeischl/Library/Developer/Xcode/DerivedData/Build/Products/Debug-iphonesimulator/Schrankenradar\ OSH.app/Schrankenradar\ OSH.debug.dylib

CodeSign /Users/jonasfeischl/Library/Developer/Xcode/DerivedData/Build/Products/Debug-iphonesimulator/Schrankenradar\ OSH.app/__preview.dylib (in target 'Schrankenradar OSH' from project 'Schrankenradar OSH')
    cd /Users/jonasfeischl/Library/Mobile\ Documents/com\~apple\~CloudDocs/XCode/Schrankenradar\ OSH
    
    Signing Identity:     "Sign to Run Locally"
    
    /usr/bin/codesign --force --sign - --timestamp\=none --generate-entitlement-der /Users/jonasfeischl/Library/Developer/Xcode/DerivedData/Build/Products/Debug-iphonesimulator/Schrankenradar\ OSH.app/__preview.dylib

CodeSign /Users/jonasfeischl/Library/Developer/Xcode/DerivedData/Build/Products/Debug-iphonesimulator/Schrankenradar\ OSH.app (in target 'Schrankenradar OSH' from project 'Schrankenradar OSH')
    cd /Users/jonasfeischl/Library/Mobile\ Documents/com\~apple\~CloudDocs/XCode/Schrankenradar\ OSH
    
    Signing Identity:     "Sign to Run Locally"
    
    /usr/bin/codesign --force --sign - --entitlements /Users/jonasfeischl/Library/Developer/Xcode/DerivedData/Build/Intermediates.noindex/Schrankenradar\ OSH.build/Debug-iphonesimulator/Schrankenradar\ OSH.build/Schrankenradar\ OSH.app.xcent --timestamp\=none --generate-entitlement-der /Users/jonasfeischl/Library/Developer/Xcode/DerivedData/Build/Products/Debug-iphonesimulator/Schrankenradar\ OSH.app

ValidateEmbeddedBinary /Users/jonasfeischl/Library/Developer/Xcode/DerivedData/Build/Products/Debug-iphonesimulator/Schrankenradar\ OSH.app/PlugIns/SchrankenradarWidgetExtension.appex (in target 'Schrankenradar OSH' from project 'Schrankenradar OSH')
    cd /Users/jonasfeischl/Library/Mobile\ Documents/com\~apple\~CloudDocs/XCode/Schrankenradar\ OSH
    /Applications/Xcode.app/Contents/Developer/usr/bin/embeddedBinaryValidationUtility /Users/jonasfeischl/Library/Developer/Xcode/DerivedData/Build/Products/Debug-iphonesimulator/Schrankenradar\ OSH.app/PlugIns/SchrankenradarWidgetExtension.appex -signing-cert - -info-plist-path /Users/jonasfeischl/Library/Developer/Xcode/DerivedData/Build/Products/Debug-iphonesimulator/Schrankenradar\ OSH.app/Info.plist

RegisterExecutionPolicyException /Users/jonasfeischl/Library/Developer/Xcode/DerivedData/Build/Products/Debug-iphonesimulator/Schrankenradar\ OSH.app (in target 'Schrankenradar OSH' from project 'Schrankenradar OSH')
    cd /Users/jonasfeischl/Library/Mobile\ Documents/com\~apple\~CloudDocs/XCode/Schrankenradar\ OSH
    builtin-RegisterExecutionPolicyException /Users/jonasfeischl/Library/Developer/Xcode/DerivedData/Build/Products/Debug-iphonesimulator/Schrankenradar\ OSH.app

Validate /Users/jonasfeischl/Library/Developer/Xcode/DerivedData/Build/Products/Debug-iphonesimulator/Schrankenradar\ OSH.app (in target 'Schrankenradar OSH' from project 'Schrankenradar OSH')
    cd /Users/jonasfeischl/Library/Mobile\ Documents/com\~apple\~CloudDocs/XCode/Schrankenradar\ OSH
    builtin-validationUtility /Users/jonasfeischl/Library/Developer/Xcode/DerivedData/Build/Products/Debug-iphonesimulator/Schrankenradar\ OSH.app -shallow-bundle -infoplist-subpath Info.plist

Touch /Users/jonasfeischl/Library/Developer/Xcode/DerivedData/Build/Products/Debug-iphonesimulator/Schrankenradar\ OSH.app (in target 'Schrankenradar OSH' from project 'Schrankenradar OSH')
    cd /Users/jonasfeischl/Library/Mobile\ Documents/com\~apple\~CloudDocs/XCode/Schrankenradar\ OSH
    /usr/bin/touch -c /Users/jonasfeischl/Library/Developer/Xcode/DerivedData/Build/Products/Debug-iphonesimulator/Schrankenradar\ OSH.app

** BUILD SUCCEEDED **

EXIT_CODE=0
